age,monthly_income,purchase_amount,bnpl_installments,repayment_delay_days,missed_payments,app_usage_frequency,debt_to_income_ratio,transaction_year,transaction_month,transaction_day,transaction_dayofweek,transaction_is_weekend,employment_type_Salaried,employment_type_Self-Employed,employment_type_Student,employment_type_Unemployed,product_category_Beauty,product_category_Electronics,product_category_Fashion,product_category_Home,product_category_Sports,location_Australia,location_Canada,location_Germany,location_India,location_UK,location_USA,default_flag
46,30440.3,5000.0,3,14,1,3.86,0.1642559370308439,2023,3,11,5,1,0,0,1,0,0,0,1,0,0,0,0,1,0,0,0,0
46,5412.97,1393.69,12,10,1,9.93,0.2574723303472955,2023,2,13,0,0,0,0,0,1,0,0,1,0,0,0,0,1,0,0,0,1
24,10466.07,3041.61,3,0,0,5.95,0.2906162485058862,2024,7,28,6,1,0,0,1,0,0,1,0,0,0,0,1,0,0,0,0,0
19,6335.87,2952.49,3,13,2,9.69,0.4659959879227319,2023,6,19,0,0,0,0,0,1,0,0,0,0,1,0,0,1,0,0,0,1
50,11575.4,3908.83,9,8,1,6.2,0.3376842268949669,2023,6,6,1,0,0,0,0,1,1,0,0,0,0,0,0,0,1,0,0,1
39,78523.42,5000.0,9,7,1,6.55,0.0636752703843006,2023,5,27,5,1,0,1,0,0,0,1,0,0,0,0,0,0,0,1,0,0
37,63339.19,5000.0,6,9,1,5.03,0.0789400685420827,2023,4,11,1,0,0,1,0,0,0,0,0,0,1,0,1,0,0,0,0,0
47,15248.5,5000.0,6,8,1,8.84,0.3279011050267239,2024,9,20,4,0,0,0,0,1,0,0,1,0,0,0,0,1,0,0,0,0
46,18942.14,5000.0,9,3,0,4.39,0.263961727661183,2024,8,17,5,1,0,0,0,1,0,1,0,0,0,0,1,0,0,0,0,0
19,15835.81,4692.03,9,1,0,9.92,0.2962923904745005,2024,11,1,4,0,0,0,1,0,0,1,0,0,0,0,1,0,0,0,0,0
26,5429.33,2385.61,6,0,0,2.43,0.4393930742835672,2023,5,3,2,0,0,0,0,1,0,1,0,0,0,0,0,1,0,0,0,0
42,20691.5,1297.38,9,1,0,8.07,0.0627011091511006,2023,1,24,1,0,0,0,0,1,0,1,0,0,0,0,0,0,0,0,1,1
56,54602.28,5000.0,3,1,0,6.12,0.091571267719956,2023,4,13,3,0,0,1,0,0,0,1,0,0,0,1,0,0,0,0,0,0
54,24065.76,4287.21,3,14,3,7.81,0.178145630971139,2023,2,9,3,0,0,0,1,0,0,1,0,0,0,0,0,0,0,0,1,1
43,10464.83,1061.74,3,4,0,8.4,0.1014579309936234,2024,12,19,3,0,0,0,0,1,0,0,0,0,1,0,0,1,0,0,0,0
50,57522.65,361.73,9,0,0,3.95,0.0062884794076768,2023,2,18,5,1,0,1,0,0,0,0,1,0,0,1,0,0,0,0,0,0
18,5000.0,1968.68,6,12,1,9.97,0.393736,2024,11,8,4,0,0,0,0,1,0,1,0,0,0,0,1,0,0,0,0,0
48,84996.59,5000.0,6,22,1,2.03,0.0588258893680323,2024,11,15,4,0,1,0,0,0,0,0,0,0,1,0,0,0,0,0,1,1
42,77550.04,5000.0,12,8,1,6.19,0.0644744993039333,2024,8,30,4,0,0,1,0,0,0,0,1,0,0,0,1,0,0,0,0,0
56,11138.71,907.38,9,13,1,7.56,0.0814618568936618,2024,11,8,4,0,0,0,0,1,1,0,0,0,0,0,0,1,0,0,0,1
38,40785.15,5000.0,3,0,0,2.74,0.1225936400871395,2024,9,25,2,0,1,0,0,0,0,0,0,1,0,1,0,0,0,0,0,1
49,19253.2,5000.0,6,13,2,6.19,0.2596970893150229,2024,7,23,1,0,1,0,0,0,0,0,0,0,1,0,1,0,0,0,0,0
34,19164.82,5000.0,3,0,0,2.61,0.2608947018547526,2023,6,6,1,0,0,0,1,0,0,0,0,1,0,0,0,1,0,0,0,1
55,28572.47,5000.0,12,17,2,9.76,0.1749936214824969,2023,1,31,1,0,0,0,1,0,0,0,0,1,0,0,0,0,0,0,1,1
43,11878.08,5000.0,12,12,1,9.89,0.4209434521404133,2024,7,6,5,1,0,0,1,0,0,1,0,0,0,0,0,1,0,0,0,0
59,18425.61,5000.0,3,12,2,9.78,0.2713614366091543,2023,6,25,6,1,0,0,1,0,1,0,0,0,0,1,0,0,0,0,0,0
57,7406.97,2121.61,9,14,3,7.67,0.2864342639432858,2024,10,8,1,0,1,0,0,0,1,0,0,0,0,0,0,0,1,0,0,1
42,12102.93,3338.57,12,0,0,5.93,0.2758480797625038,2024,9,6,4,0,0,0,0,1,0,0,0,1,0,0,0,1,0,0,0,1
49,13160.84,5000.0,9,0,0,6.76,0.3799149598353904,2024,12,12,3,0,0,0,0,1,0,0,1,0,0,0,0,0,0,1,0,1
59,17332.01,2176.08,12,5,0,6.08,0.1255526623859552,2023,3,21,1,0,0,0,0,1,0,0,0,1,0,0,0,1,0,0,0,0
33,55202.02,5000.0,12,4,0,8.05,0.09057639557393,2023,5,17,2,0,0,1,0,0,0,1,0,0,0,0,0,0,0,1,0,0
36,11432.07,1905.52,9,11,3,5.13,0.1666819744805621,2023,1,23,0,0,0,0,0,1,1,0,0,0,0,0,0,0,0,0,1,1
51,68515.47,5000.0,9,10,1,7.95,0.072976219823056,2024,10,9,2,0,0,1,0,0,0,0,1,0,0,1,0,0,0,0,0,0
23,8417.31,2929.01,9,13,1,8.48,0.3479745904570463,2023,3,11,5,1,0,0,1,0,0,0,0,1,0,0,0,1,0,0,0,0
20,5000.0,183.17,6,0,0,2.16,0.036634,2023,2,10,4,0,0,0,0,1,0,1,0,0,0,1,0,0,0,0,0,0
33,18881.48,5000.0,12,17,2,2.79,0.2648097500831503,2023,4,20,3,0,1,0,0,0,1,0,0,0,0,0,0,0,0,1,0,0
38,9668.82,1713.51,3,10,4,2.39,0.1772201778500375,2024,12,27,4,0,0,0,1,0,1,0,0,0,0,0,1,0,0,0,0,1
18,42086.63,5000.0,9,5,0,6.56,0.1188025745943545,2024,10,13,6,1,1,0,0,0,0,0,1,0,0,0,0,0,0,1,0,0
55,26203.0,1431.33,3,24,3,6.12,0.0546246612983246,2023,4,22,5,1,0,0,1,0,0,0,0,0,1,0,0,0,0,0,1,1
32,7989.25,1859.88,6,2,0,4.17,0.2327978220734111,2024,12,12,3,0,0,0,0,1,1,0,0,0,0,0,1,0,0,0,0,1
22,8065.06,1600.13,9,12,2,4.72,0.1984027397192333,2023,3,11,5,1,0,0,0,1,0,0,0,0,1,0,1,0,0,0,0,1
33,5000.0,1280.81,3,20,2,3.65,0.256162,2023,3,12,6,1,0,0,0,1,1,0,0,0,0,0,0,0,1,0,0,1
26,37480.04,5000.0,3,7,1,4.9,0.1334043400167129,2024,11,16,5,1,1,0,0,0,0,0,1,0,0,0,0,0,0,0,1,0
37,112584.25,5000.0,3,2,0,4.31,0.0444111854011551,2023,3,6,0,0,0,1,0,0,0,0,0,1,0,0,0,0,0,1,0,0
51,103557.46,100.0,6,4,0,6.2,0.0009656474772556,2023,4,22,5,1,0,1,0,0,1,0,0,0,0,0,0,0,1,0,0,0
23,10813.51,3068.43,12,10,1,7.62,0.283758927489779,2024,8,15,3,0,0,0,1,0,0,0,0,1,0,0,0,0,0,0,1,0
49,16785.39,3230.52,12,7,1,6.5,0.1924602288061224,2023,6,22,3,0,0,0,0,1,0,0,0,0,1,0,0,0,1,0,0,0
28,9069.01,100.0,12,19,2,9.87,0.0110265618849245,2023,1,12,3,0,0,0,0,1,1,0,0,0,0,1,0,0,0,0,0,1
33,11895.04,2096.37,12,9,1,9.62,0.1762390038200796,2023,1,4,2,0,0,0,0,1,0,0,0,0,1,0,0,1,0,0,0,0
26,12398.86,2134.11,6,2,0,1.29,0.1721214692318487,2024,8,25,6,1,0,0,0,1,0,1,0,0,0,0,0,1,0,0,0,1
46,52544.84,100.0,12,7,1,9.14,0.0019031364449867,2024,10,13,6,1,1,0,0,0,0,0,0,0,1,0,1,0,0,0,0,0
25,15213.25,5000.0,9,2,0,8.63,0.3286608712799698,2024,11,21,3,0,0,0,1,0,0,0,0,0,1,0,0,0,0,1,0,0
39,71234.48,5000.0,3,16,1,7.75,0.0701907278610021,2023,1,1,6,1,0,1,0,0,1,0,0,0,0,0,0,0,0,1,0,1
20,7178.79,3148.59,3,11,2,8.77,0.4385961979665097,2024,12,5,3,0,0,0,1,0,0,1,0,0,0,0,0,0,0,0,1,0
48,71585.63,5000.0,3,6,2,8.31,0.0698464202941288,2023,5,14,6,1,1,0,0,0,0,1,0,0,0,1,0,0,0,0,0,0
47,76224.57,5000.0,6,10,1,5.23,0.0655956471778063,2024,10,10,3,0,1,0,0,0,1,0,0,0,0,0,0,0,0,1,0,0
53,15143.07,885.18,9,17,1,1.57,0.0584544613476659,2023,4,5,2,0,0,0,1,0,0,0,1,0,0,0,0,0,1,0,0,1
52,12861.79,2154.77,9,0,0,7.52,0.1675326684699408,2023,4,10,0,0,0,0,0,1,1,0,0,0,0,0,0,0,0,1,0,0
26,9143.63,3781.05,9,2,0,6.9,0.4135173886082443,2024,9,20,4,0,0,0,0,1,0,1,0,0,0,0,0,0,0,0,1,0
18,9072.55,4607.53,6,21,3,8.59,0.5078539109732104,2024,10,28,0,0,1,0,0,0,1,0,0,0,0,0,0,1,0,0,0,1
28,5000.0,189.53,6,7,1,1.92,0.037906,2023,2,15,2,0,0,0,0,1,1,0,0,0,0,0,1,0,0,0,0,0
27,11300.44,4100.58,3,2,0,6.0,0.3628690564261214,2024,9,21,5,1,0,0,0,1,0,1,0,0,0,0,0,0,0,1,0,1
29,17235.35,3639.59,12,1,0,4.54,0.2111700661721404,2023,1,31,1,0,0,0,0,1,0,0,1,0,0,0,0,1,0,0,0,1
28,11713.14,4430.21,12,1,0,1.95,0.3782256508502417,2024,10,2,2,0,0,0,1,0,1,0,0,0,0,0,1,0,0,0,0,0
44,14739.9,5000.0,6,1,1,3.99,0.3392153271053399,2024,7,9,1,0,0,0,0,1,0,1,0,0,0,0,0,0,0,1,0,0
21,28635.66,5000.0,3,31,3,8.53,0.1746074649580278,2024,12,1,6,1,1,0,0,0,0,0,0,1,0,0,1,0,0,0,0,1
21,31097.38,2336.97,3,15,3,1.17,0.0751500608732954,2023,3,9,3,0,1,0,0,0,0,0,0,0,1,0,0,0,0,0,1,0
21,69641.65,4564.99,3,15,2,9.09,0.0655497105539573,2024,11,14,3,0,0,1,0,0,1,0,0,0,0,0,0,0,1,0,0,0
48,18862.97,5000.0,12,18,2,2.95,0.2650696046274791,2023,2,17,4,0,0,0,0,1,1,0,0,0,0,0,0,0,1,0,0,1
24,8971.58,3338.54,9,0,0,4.78,0.3721239737036285,2023,5,23,1,0,0,0,0,1,0,0,0,1,0,1,0,0,0,0,0,0
49,21240.11,3398.92,12,11,1,5.06,0.1600236533614938,2024,9,4,2,0,0,0,1,0,0,1,0,0,0,1,0,0,0,0,0,0
42,20471.32,5000.0,3,14,4,1.92,0.2442441425369736,2024,8,22,3,0,0,0,1,0,1,0,0,0,0,0,0,0,1,0,0,1
42,11945.26,4869.3,9,20,2,4.07,0.4076344926774302,2023,6,26,0,0,0,0,0,1,0,0,1,0,0,0,0,0,1,0,0,0
19,44888.69,5000.0,3,12,1,9.66,0.1113866321338403,2024,8,29,3,0,0,1,0,0,0,0,0,1,0,0,0,0,0,0,1,0
28,10160.25,4497.61,3,11,2,2.71,0.4426672572033168,2023,4,4,1,0,0,0,0,1,0,1,0,0,0,0,1,0,0,0,0,1
49,45272.41,5000.0,9,15,2,5.73,0.1104425410531491,2024,7,31,2,0,1,0,0,0,0,0,0,0,1,1,0,0,0,0,0,0
50,14487.09,5000.0,6,2,0,8.73,0.345134875257902,2023,4,8,5,1,0,0,0,1,0,0,0,1,0,1,0,0,0,0,0,0
42,53539.49,5000.0,9,0,0,7.28,0.0933890106162759,2023,3,20,0,0,1,0,0,0,0,0,0,0,1,0,0,0,0,1,0,0
44,25836.8,244.5,12,10,1,3.08,0.0094632462224424,2023,1,29,6,1,0,0,1,0,1,0,0,0,0,0,0,0,0,1,0,1
47,27634.23,5000.0,6,2,0,3.14,0.1809350215294582,2024,12,26,3,0,0,0,1,0,0,0,0,1,0,0,0,0,0,0,1,0
29,16226.62,4577.01,6,3,1,2.58,0.2820679845833574,2024,12,17,1,0,0,0,1,0,0,0,1,0,0,0,1,0,0,0,0,0
42,17194.41,4104.9,6,11,1,1.64,0.2387345654779663,2024,8,29,3,0,0,0,1,0,0,0,1,0,0,0,0,0,0,0,1,1
21,26881.11,3533.11,12,3,0,9.3,0.1314346766186366,2024,10,24,3,0,1,0,0,0,0,0,0,1,0,0,0,0,0,0,1,0
49,65323.14,5000.0,12,1,0,7.04,0.0765425544454844,2023,4,20,3,0,1,0,0,0,0,0,0,1,0,0,1,0,0,0,0,0
30,13565.29,5000.0,9,11,3,9.86,0.3685877707000735,2024,8,23,4,0,0,0,0,1,0,0,1,0,0,0,0,0,0,0,1,1
57,62362.35,5000.0,6,19,1,6.6,0.080176580901778,2023,5,9,1,0,0,1,0,0,1,0,0,0,0,0,0,1,0,0,0,0
27,37327.1,5000.0,3,0,0,9.14,0.1339509364509967,2023,2,12,6,1,1,0,0,0,1,0,0,0,0,0,0,0,1,0,0,0
58,13276.63,2792.02,12,20,1,3.3,0.2102958356149113,2024,10,24,3,0,0,0,0,1,0,0,0,1,0,1,0,0,0,0,0,1
57,25674.12,5000.0,3,14,3,7.56,0.1947486418229719,2023,6,20,1,0,0,0,1,0,0,0,0,1,0,0,0,0,0,0,1,1
50,14449.62,4313.71,12,0,0,3.5,0.2985344943327229,2023,1,27,4,0,0,0,0,1,0,0,0,0,1,1,0,0,0,0,0,1
50,123526.86,5000.0,9,0,0,9.53,0.0404770266159117,2023,2,20,0,0,0,1,0,0,0,0,0,1,0,0,0,0,0,0,1,0
52,23482.09,5000.0,6,4,2,9.51,0.2129282359449265,2023,6,28,2,0,0,0,1,0,0,1,0,0,0,0,0,0,1,0,0,0
44,47403.32,5000.0,12,20,4,6.89,0.1054778441678768,2024,12,26,3,0,1,0,0,0,0,0,0,1,0,0,0,0,0,1,0,1
53,32968.4,5000.0,3,4,0,2.18,0.1516603778163332,2023,1,4,2,0,1,0,0,0,0,1,0,0,0,0,0,0,0,1,0,0
18,9914.63,4789.89,9,20,1,6.67,0.483113338571384,2023,3,1,2,0,0,0,1,0,1,0,0,0,0,0,0,0,0,0,1,0
45,101112.56,5000.0,12,7,2,7.32,0.0494498408506322,2023,1,26,3,0,0,1,0,0,0,1,0,0,0,0,1,0,0,0,0,0
30,9776.18,837.88,6,15,2,4.69,0.0857062779122315,2023,2,3,4,0,0,0,0,1,1,0,0,0,0,0,0,1,0,0,0,0
19,30347.86,5000.0,6,2,0,9.7,0.1647562628798208,2023,4,12,2,0,1,0,0,0,0,0,1,0,0,0,0,1,0,0,0,0
22,7977.48,340.8,9,3,1,8.42,0.0427202575249326,2023,6,13,1,0,0,0,0,1,0,0,1,0,0,1,0,0,0,0,0,1
38,78238.27,5000.0,9,3,0,7.68,0.0639073435545034,2024,8,28,2,0,0,1,0,0,1,0,0,0,0,1,0,0,0,0,0,0
39,41368.13,4297.57,3,1,0,3.83,0.1038860108010683,2024,11,29,4,0,1,0,0,0,0,0,0,0,1,1,0,0,0,0,0,0
31,18049.22,5000.0,12,13,2,4.56,0.2770202812088278,2024,7,21,6,1,0,0,1,0,0,0,1,0,0,0,0,1,0,0,0,0
22,45870.6,5000.0,12,17,1,4.27,0.1090022803277044,2024,12,18,2,0,0,1,0,0,0,0,1,0,0,0,0,0,0,1,0,1
38,5000.0,1393.49,9,17,1,5.0,0.278698,2023,4,17,0,0,0,0,0,1,0,0,0,0,1,1,0,0,0,0,0,1
30,78566.45,5000.0,3,2,0,6.43,0.0636403961232816,2024,12,9,0,0,1,0,0,0,0,0,0,1,0,0,0,1,0,0,0,0
44,21474.38,4036.73,6,13,1,3.29,0.1879788846057488,2023,5,18,3,0,0,0,0,1,0,1,0,0,0,0,1,0,0,0,0,0
36,39387.47,5000.0,3,2,0,6.38,0.1269439240448802,2024,12,10,1,0,0,1,0,0,0,0,0,1,0,0,1,0,0,0,0,0
23,50590.6,5000.0,12,18,1,8.64,0.0988325894533767,2024,9,21,5,1,0,1,0,0,0,0,0,0,1,0,1,0,0,0,0,1
26,9784.56,2917.46,12,0,0,7.12,0.2981697695144186,2024,10,8,1,0,0,0,0,1,0,0,0,0,1,0,0,1,0,0,0,0
31,16012.44,3922.25,12,15,1,4.26,0.2449501762379749,2024,7,28,6,1,0,0,1,0,0,0,1,0,0,0,0,0,0,0,1,0
21,14423.46,4076.83,6,18,5,5.86,0.2826527060774599,2023,6,24,5,1,1,0,0,0,0,0,0,0,1,0,0,1,0,0,0,1
22,8986.51,4260.59,9,19,1,2.02,0.4741095263901114,2023,2,24,4,0,0,0,0,1,0,0,0,0,1,0,0,0,0,0,1,0
32,58590.02,100.0,6,2,0,1.0,0.0017067753177076,2023,2,16,3,0,0,1,0,0,0,0,0,1,0,0,0,0,0,0,1,0
33,8446.96,3435.1,9,5,1,3.48,0.4066670139316393,2024,9,7,5,1,0,0,1,0,0,0,0,0,1,0,0,0,0,0,1,0
50,13548.73,5000.0,6,7,0,3.66,0.3690382788645135,2023,6,15,3,0,0,0,1,0,0,1,0,0,0,0,0,1,0,0,0,0
18,7536.48,1849.34,9,7,2,7.32,0.2453851134747256,2024,11,15,4,0,0,0,1,0,1,0,0,0,0,0,1,0,0,0,0,0
56,95197.25,5000.0,6,14,2,7.98,0.0525225255981659,2023,4,9,6,1,0,1,0,0,0,0,0,0,1,0,0,0,1,0,0,0
36,80138.56,5000.0,3,2,0,6.61,0.0623919371648305,2023,2,19,6,1,0,1,0,0,0,0,0,0,1,1,0,0,0,0,0,0
53,11938.99,3346.42,12,0,0,5.39,0.2802933916520577,2023,4,27,3,0,0,0,1,0,0,0,0,0,1,0,1,0,0,0,0,0
40,81419.51,5000.0,3,0,0,8.46,0.0614103425579446,2023,2,16,3,0,0,1,0,0,0,0,0,1,0,0,0,0,0,1,0,0
28,23877.45,5000.0,6,3,0,5.28,0.2094025953357665,2023,5,31,2,0,0,0,1,0,0,0,0,1,0,1,0,0,0,0,0,0
39,18800.72,5000.0,6,10,1,9.98,0.2659472615942368,2023,5,14,6,1,0,0,1,0,0,1,0,0,0,0,1,0,0,0,0,1
50,24387.57,5000.0,9,1,0,8.29,0.2050224766141112,2024,8,25,6,1,0,0,1,0,0,0,1,0,0,0,0,0,0,0,1,0
27,9675.41,642.86,3,14,1,8.3,0.0664426623781317,2024,11,11,0,0,0,0,0,1,0,0,0,1,0,0,0,0,1,0,0,0
42,76869.71,5000.0,6,7,1,7.8,0.0650451263573129,2024,11,4,0,0,1,0,0,0,0,1,0,0,0,0,0,1,0,0,0,0
22,20327.05,3444.87,12,16,2,6.81,0.169472205755385,2024,12,13,4,0,0,1,0,0,1,0,0,0,0,0,0,0,0,0,1,0
44,85613.69,5000.0,3,15,1,2.3,0.0584018747469008,2024,10,12,5,1,0,1,0,0,1,0,0,0,0,0,1,0,0,0,0,0
42,8808.08,1216.48,12,10,2,3.32,0.1381095539550049,2024,9,29,6,1,0,0,0,1,0,0,0,0,1,1,0,0,0,0,0,0
31,47539.8,5000.0,9,2,0,1.59,0.1051750322887349,2023,5,5,4,0,0,1,0,0,0,0,0,0,1,0,0,0,1,0,0,0
53,12604.28,1823.27,9,14,1,8.96,0.1446548315334156,2023,6,2,4,0,0,0,0,1,0,0,0,0,1,0,0,0,0,0,1,1
23,27657.31,5000.0,3,3,0,8.22,0.1807840314188183,2024,12,9,0,0,1,0,0,0,0,0,1,0,0,0,0,1,0,0,0,1
35,16689.13,4002.6,12,15,1,7.17,0.2398327534149473,2024,7,5,4,0,0,0,1,0,0,0,1,0,0,1,0,0,0,0,0,0
22,15846.98,100.0,3,9,1,8.06,0.0063103506157009,2023,4,28,4,0,0,0,1,0,0,0,1,0,0,0,0,0,0,1,0,1
40,67491.42,5000.0,9,19,1,1.58,0.0740834909089185,2024,7,6,5,1,0,1,0,0,0,0,0,1,0,1,0,0,0,0,0,0
48,13408.61,3872.96,3,1,0,4.07,0.2888412743751962,2024,10,30,2,0,0,0,1,0,1,0,0,0,0,0,0,0,0,1,0,0
54,17004.44,5000.0,3,9,1,2.03,0.2940408505072793,2024,8,7,2,0,0,0,1,0,1,0,0,0,0,0,1,0,0,0,0,0
50,81630.73,5000.0,12,11,2,2.91,0.0612514429308668,2024,11,26,1,0,1,0,0,0,0,1,0,0,0,0,0,0,0,1,0,0
31,8699.27,2594.03,9,0,1,2.79,0.2981893883049957,2023,1,21,5,1,0,0,0,1,0,0,0,0,1,0,0,1,0,0,0,0
34,33578.93,738.09,12,5,2,2.67,0.0219807480464684,2024,10,8,1,0,0,1,0,0,0,1,0,0,0,1,0,0,0,0,0,1
28,13913.83,5000.0,9,5,1,3.7,0.3593546852304505,2023,2,28,1,0,0,0,0,1,1,0,0,0,0,0,0,0,0,1,0,1
29,10242.69,100.0,9,10,1,2.91,0.0097630602898262,2024,8,9,4,0,0,0,0,1,0,1,0,0,0,0,0,0,0,0,1,0
48,17904.97,5000.0,6,16,2,1.04,0.2792520735862724,2023,1,28,5,1,0,0,1,0,0,0,0,0,1,0,0,1,0,0,0,0
29,93173.71,5000.0,6,13,2,6.62,0.0536632060696091,2023,4,9,6,1,0,1,0,0,1,0,0,0,0,1,0,0,0,0,0,0
28,16836.83,3354.6,6,0,0,9.45,0.1992417812616745,2024,12,24,1,0,0,0,0,1,0,0,1,0,0,1,0,0,0,0,0,0
58,34215.75,5000.0,12,6,1,1.4,0.1461315329928468,2023,2,5,6,1,0,1,0,0,0,0,0,0,1,1,0,0,0,0,0,1
58,72988.54,5000.0,6,0,0,7.29,0.0685039048595848,2024,8,29,3,0,1,0,0,0,0,0,0,0,1,0,1,0,0,0,0,0
55,17668.89,100.0,3,11,1,5.42,0.0056596650949776,2023,3,1,2,0,0,0,0,1,1,0,0,0,0,0,0,0,1,0,0,1
19,10958.0,3104.77,12,1,0,8.47,0.2833336375250958,2024,7,27,5,1,0,0,0,1,1,0,0,0,0,0,0,1,0,0,0,0
40,12900.28,1139.8,6,0,1,2.87,0.0883546713714741,2023,4,13,3,0,0,0,1,0,1,0,0,0,0,0,0,0,1,0,0,0
18,9639.37,1604.45,12,2,0,6.11,0.1664475997912726,2023,6,10,5,1,0,0,1,0,0,0,0,1,0,1,0,0,0,0,0,1
28,9753.21,1912.26,3,15,2,7.77,0.1960646802437351,2024,12,4,2,0,0,0,1,0,0,0,1,0,0,0,0,1,0,0,0,1
58,40352.59,5000.0,3,14,1,3.8,0.1239077838622006,2024,12,15,6,1,0,1,0,0,0,1,0,0,0,0,0,0,0,0,1,0
36,41027.6,5000.0,6,1,0,6.1,0.1218691807466193,2024,8,2,4,0,0,1,0,0,1,0,0,0,0,1,0,0,0,0,0,0
53,5000.0,993.12,3,2,0,8.82,0.198624,2023,5,13,5,1,0,0,0,1,0,0,1,0,0,0,0,0,0,0,1,0
26,39814.89,5000.0,9,11,1,8.99,0.1255811582048826,2024,7,26,4,0,1,0,0,0,0,1,0,0,0,0,0,1,0,0,0,0
34,86725.31,5000.0,12,4,0,4.63,0.0576532963675771,2024,9,23,0,0,0,1,0,0,0,0,0,0,1,0,0,0,1,0,0,0
53,68458.85,5000.0,6,3,0,6.96,0.0730365759868884,2023,1,14,5,1,1,0,0,0,1,0,0,0,0,0,0,0,0,0,1,0
31,10772.03,2667.31,12,18,2,6.23,0.247614423650881,2024,8,2,4,0,0,0,1,0,0,1,0,0,0,1,0,0,0,0,0,1
32,47561.55,5000.0,9,11,1,7.24,0.1051269355182915,2023,5,2,1,0,0,1,0,0,0,0,0,1,0,0,0,0,1,0,0,1
48,42370.99,5000.0,12,12,2,4.46,0.1180052672831104,2023,5,22,0,0,1,0,0,0,0,1,0,0,0,0,0,0,0,1,0,1
27,21077.42,5000.0,9,16,1,4.13,0.2372206845050295,2023,2,12,6,1,0,0,1,0,0,0,0,0,1,1,0,0,0,0,0,0
22,5000.0,1599.87,3,0,0,6.15,0.319974,2024,8,30,4,0,0,0,0,1,0,0,0,0,1,0,0,1,0,0,0,0
48,71675.01,5000.0,9,15,2,7.24,0.069759320577702,2023,3,21,1,0,1,0,0,0,0,0,0,1,0,0,0,0,1,0,0,1
52,36677.01,5000.0,3,2,0,6.14,0.1363251802696021,2023,1,7,5,1,0,1,0,0,0,0,0,0,1,0,0,0,0,1,0,1
27,8889.25,2375.62,12,0,0,3.31,0.2672463931152797,2023,2,13,0,0,0,0,0,1,0,1,0,0,0,0,0,0,1,0,0,1
40,45133.73,5000.0,9,16,2,5.91,0.1107818919464444,2024,12,31,1,0,1,0,0,0,1,0,0,0,0,0,0,0,0,1,0,1
35,64581.1,5000.0,9,11,1,1.18,0.0774220321425308,2024,8,19,0,0,1,0,0,0,1,0,0,0,0,0,0,0,1,0,0,1
23,7144.29,1505.43,6,1,0,6.03,0.2107179299832453,2024,10,9,2,0,0,0,1,0,0,0,0,0,1,0,0,0,0,1,0,1
22,6599.25,2204.82,6,8,2,8.13,0.3341016024548244,2023,4,3,0,0,0,0,0,1,0,0,0,0,1,0,0,1,0,0,0,0
21,11281.08,5000.0,6,2,0,5.84,0.4432199753924269,2024,11,17,6,1,0,0,0,1,0,0,1,0,0,0,0,0,0,0,1,1
21,35906.28,5000.0,6,13,1,9.31,0.1392514067177106,2023,2,13,0,0,1,0,0,0,1,0,0,0,0,0,0,0,0,0,1,0
45,17221.71,1145.02,3,13,2,3.18,0.0664870097104178,2023,6,24,5,1,0,0,0,1,0,0,1,0,0,0,0,1,0,0,0,0
44,20819.0,5000.0,6,15,2,3.9,0.2401652336807723,2023,2,1,2,0,0,0,1,0,0,0,0,0,1,0,0,0,0,1,0,0
42,59926.33,5000.0,6,6,1,1.57,0.0834357785634461,2023,5,11,3,0,0,1,0,0,1,0,0,0,0,0,0,0,1,0,0,0
45,14955.03,3006.39,9,12,2,6.16,0.2010286839946158,2024,11,21,3,0,0,0,0,1,0,0,0,1,0,0,0,0,0,1,0,1
25,11084.55,2573.67,3,9,1,6.27,0.2321853390530062,2023,4,17,0,0,0,0,0,1,0,0,0,1,0,0,0,0,0,0,1,1
55,10334.04,3049.41,9,20,2,9.43,0.2950840136093918,2024,12,23,0,0,0,0,0,1,0,0,0,0,1,1,0,0,0,0,0,1
52,78310.49,2481.32,9,8,1,5.18,0.0316856656113376,2024,8,19,0,0,0,1,0,0,0,0,0,0,1,0,0,0,0,1,0,0
39,29860.71,5000.0,9,11,1,6.86,0.1674441096678545,2023,5,15,0,0,1,0,0,0,0,1,0,0,0,0,0,1,0,0,0,1
43,78126.56,5000.0,9,8,1,9.27,0.0639987220735176,2024,8,1,3,0,0,1,0,0,0,1,0,0,0,0,0,0,1,0,0,0
44,105762.46,5000.0,3,18,1,9.75,0.0472757536086055,2023,4,22,5,1,0,1,0,0,1,0,0,0,0,1,0,0,0,0,0,1
49,56658.81,100.0,9,15,2,8.19,0.0017649505875608,2024,8,12,0,0,0,1,0,0,0,1,0,0,0,0,0,0,0,0,1,1
26,28127.37,4065.37,12,3,0,8.52,0.1445343094644113,2024,7,31,2,0,1,0,0,0,0,0,1,0,0,0,0,1,0,0,0,0
42,5792.69,1559.39,9,1,0,5.19,0.2691996291878212,2024,10,23,2,0,1,0,0,0,0,0,0,1,0,1,0,0,0,0,0,0
49,35403.38,5000.0,3,0,0,4.06,0.1412294532329964,2024,8,11,6,1,1,0,0,0,0,0,0,0,1,0,0,0,0,0,1,0
46,48187.95,5000.0,12,3,0,6.09,0.1037603799290071,2023,1,1,6,1,1,0,0,0,0,0,0,0,1,0,0,0,0,0,1,0
24,10812.72,1214.66,6,16,3,7.72,0.1123362114250623,2024,7,25,3,0,0,0,1,0,0,0,1,0,0,0,0,0,0,0,1,1
20,34386.44,781.44,3,4,0,7.66,0.0227252370411127,2023,6,11,6,1,1,0,0,0,0,0,0,1,0,0,0,0,0,1,0,0
19,9061.76,2349.05,9,20,2,5.14,0.2592266844409916,2024,8,8,3,0,0,0,0,1,0,0,0,1,0,0,0,0,0,1,0,1
47,5000.0,2707.03,3,12,1,4.08,0.541406,2024,7,10,2,0,0,0,0,1,0,1,0,0,0,0,0,0,1,0,0,0
54,102788.28,5000.0,9,0,0,3.8,0.0486436780535679,2024,10,5,5,1,0,1,0,0,0,1,0,0,0,0,0,0,0,0,1,0
32,16569.54,5000.0,3,12,3,6.58,0.3017585279977597,2023,5,12,4,0,0,0,0,1,1,0,0,0,0,0,0,0,0,1,0,0
49,17692.86,4689.35,6,3,0,4.86,0.2650419434732429,2024,11,6,2,0,0,0,1,0,0,0,0,0,1,0,0,0,0,0,1,0
47,22023.86,5000.0,12,15,2,7.4,0.227026506706817,2023,1,17,1,0,0,0,1,0,0,0,1,0,0,0,1,0,0,0,0,0
42,83449.55,5000.0,3,3,0,2.07,0.059916440532034,2024,11,16,5,1,0,1,0,0,0,0,1,0,0,0,0,0,0,0,1,0
38,5000.0,1884.89,12,18,1,2.32,0.376978,2023,1,14,5,1,0,0,0,1,0,0,1,0,0,0,0,0,0,1,0,1
31,42785.66,5000.0,3,10,1,5.71,0.116861583998003,2023,5,8,0,0,1,0,0,0,0,0,0,0,1,0,0,0,0,1,0,1
55,16468.6,4698.1,6,22,1,8.25,0.2852762226297318,2024,8,3,5,1,0,1,0,0,0,1,0,0,0,0,0,1,0,0,0,1
39,79384.39,5000.0,3,2,0,6.32,0.0629846749467999,2023,4,12,2,0,1,0,0,0,0,0,1,0,0,1,0,0,0,0,0,0
34,12472.56,225.77,9,16,1,6.59,0.0181013360529033,2023,5,12,4,0,1,0,0,0,0,0,0,0,1,0,0,0,0,1,0,1
20,5000.0,893.19,3,7,1,3.71,0.178638,2024,11,8,4,0,0,1,0,0,0,0,0,1,0,0,1,0,0,0,0,0
38,8670.28,864.26,3,2,1,3.54,0.099680748487938,2024,9,12,3,0,0,0,1,0,0,1,0,0,0,0,0,0,0,0,1,0
32,38052.88,5000.0,6,6,2,3.16,0.131396099322837,2024,11,29,4,0,0,1,0,0,1,0,0,0,0,0,0,0,0,1,0,0
31,14962.75,4709.82,3,1,0,8.26,0.3147696780337838,2024,10,14,0,0,0,0,0,1,1,0,0,0,0,0,0,0,1,0,0,0
27,77514.47,5000.0,12,11,1,2.99,0.064504085495263,2023,2,11,5,1,0,1,0,0,1,0,0,0,0,0,0,0,0,1,0,0
56,76459.98,5000.0,3,12,1,3.8,0.0653936869980871,2024,7,4,3,0,1,0,0,0,0,0,0,0,1,1,0,0,0,0,0,0
23,15028.14,5000.0,12,18,2,5.83,0.3327091709286711,2024,10,26,5,1,0,0,1,0,1,0,0,0,0,0,0,0,0,1,0,1
59,15683.39,5000.0,6,1,0,2.22,0.3188086249210152,2023,1,16,0,0,0,0,0,1,0,0,0,1,0,0,0,1,0,0,0,0
43,56369.8,5000.0,3,11,2,8.69,0.0886999776476056,2023,3,21,1,0,0,1,0,0,0,1,0,0,0,0,1,0,0,0,0,1
29,8435.8,2544.87,12,2,0,2.54,0.3016750041489841,2024,12,9,0,0,0,0,0,1,0,1,0,0,0,0,0,1,0,0,0,0
57,9632.99,998.56,12,3,0,5.16,0.1036604418773402,2023,5,16,1,0,0,0,1,0,0,0,0,0,1,1,0,0,0,0,0,1
22,32299.05,5000.0,9,7,2,5.08,0.1548033146485732,2024,7,19,4,0,1,0,0,0,0,0,1,0,0,0,0,1,0,0,0,0
31,18546.08,5000.0,6,9,2,1.79,0.2695987507872283,2023,2,14,1,0,0,0,0,1,1,0,0,0,0,0,0,0,0,1,0,0
30,18933.07,1895.46,9,0,0,9.01,0.1001137163703509,2024,8,5,0,0,0,0,1,0,0,0,1,0,0,0,0,0,0,0,1,1
58,46235.95,5000.0,3,13,2,4.22,0.1081409595779907,2023,6,28,2,0,0,1,0,0,1,0,0,0,0,0,0,0,0,1,0,1
42,64938.71,5000.0,9,13,3,8.62,0.0769956779246153,2024,7,11,3,0,1,0,0,0,0,0,0,1,0,0,0,1,0,0,0,1
34,42335.32,5000.0,6,12,3,4.19,0.1181046936694939,2023,4,16,6,1,0,1,0,0,1,0,0,0,0,0,0,0,1,0,0,1
51,83500.15,5000.0,9,13,2,7.23,0.0598801319518587,2024,12,31,1,0,0,1,0,0,0,0,1,0,0,0,0,0,0,1,0,0
48,52584.81,5000.0,9,16,2,3.54,0.0950844930313526,2024,11,19,1,0,0,1,0,0,0,0,1,0,0,0,0,0,1,0,0,1
57,44144.27,5000.0,3,1,0,3.91,0.1132649832016703,2024,11,28,3,0,1,0,0,0,0,0,1,0,0,0,1,0,0,0,0,1
27,5000.0,1738.11,9,6,1,4.14,0.347622,2023,3,16,3,0,0,0,0,1,0,0,0,0,1,0,0,0,0,1,0,1
42,25294.57,5000.0,3,0,0,3.74,0.1976708835137343,2023,3,12,6,1,0,0,1,0,0,0,0,0,1,0,0,1,0,0,0,0
40,13581.33,4720.35,9,19,3,7.12,0.3475616894663483,2024,7,23,1,0,0,0,1,0,1,0,0,0,0,0,0,0,0,1,0,1
26,12136.12,5000.0,9,1,0,4.05,0.4119932894533014,2024,7,23,1,0,0,0,1,0,0,1,0,0,0,0,0,0,0,0,1,0
52,31788.71,5000.0,3,8,1,6.31,0.1572885467828043,2023,1,14,5,1,1,0,0,0,0,0,0,1,0,0,0,0,1,0,0,1
33,12257.6,4923.28,9,1,0,6.96,0.4016512204673019,2024,8,19,0,0,0,0,1,0,0,0,1,0,0,0,0,0,0,0,1,0
21,30635.68,5000.0,6,13,1,4.46,0.1632083896946305,2023,3,13,0,0,0,1,0,0,0,0,0,1,0,0,0,0,1,0,0,1
59,58833.04,5000.0,9,0,0,9.61,0.0849862594215767,2023,5,21,6,1,0,1,0,0,0,0,0,1,0,0,0,0,0,0,1,0
52,58822.47,5000.0,9,15,3,7.9,0.0850015308775711,2023,3,19,6,1,1,0,0,0,0,1,0,0,0,0,0,0,1,0,0,1
20,28420.86,5000.0,12,12,1,4.94,0.175927118320839,2024,12,12,3,0,1,0,0,0,0,0,0,0,1,0,1,0,0,0,0,1
58,13134.24,5000.0,9,9,1,4.46,0.3806843791494597,2024,12,13,4,0,0,0,1,0,0,0,0,0,1,1,0,0,0,0,0,1
51,15476.9,2682.93,6,15,1,2.81,0.173350606387584,2024,8,27,1,0,0,0,0,1,0,0,1,0,0,0,0,0,1,0,0,0
43,8758.19,2568.96,3,12,1,5.47,0.2933208802275356,2023,1,5,3,0,0,0,1,0,0,0,0,0,1,0,0,0,0,1,0,0
51,13654.71,3775.78,6,12,1,2.99,0.276518505336254,2024,8,31,5,1,0,0,0,1,1,0,0,0,0,1,0,0,0,0,0,0
42,15184.95,5000.0,6,2,0,9.22,0.3292733924049799,2023,3,8,2,0,0,0,0,1,0,0,0,0,1,0,0,1,0,0,0,1
19,8802.43,3489.54,3,6,1,3.35,0.3964291678547855,2024,10,1,1,0,0,0,0,1,1,0,0,0,0,0,0,0,0,1,0,0
28,16509.59,4466.2,9,3,0,4.75,0.2705215574705368,2024,8,6,1,0,0,0,1,0,0,1,0,0,0,0,0,0,0,0,1,0
20,53043.61,5000.0,3,16,1,6.61,0.0942620609720944,2024,12,21,5,1,0,1,0,0,0,0,0,1,0,0,0,0,0,0,1,1
45,15377.79,5000.0,9,1,1,4.11,0.3251442502466219,2023,3,31,4,0,0,0,0,1,1,0,0,0,0,0,0,1,0,0,0,1
26,9922.32,4539.63,12,0,0,8.9,0.4575169919938079,2023,3,29,2,0,0,0,0,1,0,1,0,0,0,0,1,0,0,0,0,0
47,10755.94,1828.77,9,21,2,4.12,0.1700241912840718,2024,11,20,2,0,0,0,1,0,0,0,0,0,1,0,0,0,0,1,0,1
57,12469.06,4823.8,12,0,1,8.11,0.3868615597326503,2024,10,25,4,0,0,0,1,0,1,0,0,0,0,0,0,1,0,0,0,0
52,18146.67,4412.34,9,13,2,7.0,0.243148742992516,2024,8,1,3,0,0,0,1,0,0,0,0,1,0,0,0,1,0,0,0,1
28,17423.96,547.93,9,16,3,1.85,0.0314469271049749,2024,10,3,3,0,1,0,0,0,0,1,0,0,0,0,0,0,0,1,0,1
36,19607.86,5000.0,12,9,1,3.88,0.2549997807001886,2023,3,28,1,0,0,0,1,0,0,0,0,1,0,1,0,0,0,0,0,0
47,56365.07,5000.0,9,5,1,9.73,0.0887074211031761,2023,1,30,0,0,0,1,0,0,0,0,1,0,0,1,0,0,0,0,0,0
24,38988.44,5000.0,9,22,2,7.75,0.1282431407873718,2023,3,26,6,1,1,0,0,0,0,1,0,0,0,0,0,0,1,0,0,1
46,20279.61,2440.09,6,13,1,5.69,0.1203223336148969,2023,5,14,6,1,0,0,1,0,0,0,1,0,0,0,0,0,0,1,0,0
35,10163.75,3037.91,3,2,0,7.44,0.2988965686877383,2023,2,3,4,0,0,0,0,1,0,0,1,0,0,0,1,0,0,0,0,1
52,10268.47,3020.86,12,4,0,8.53,0.2941879364696007,2024,10,23,2,0,0,0,1,0,0,0,0,1,0,0,0,0,0,0,1,1
51,11609.43,4065.52,3,22,1,3.75,0.3501911807900991,2023,1,23,0,0,0,0,0,1,1,0,0,0,0,0,0,0,0,0,1,1
28,9018.37,3434.75,12,1,0,9.81,0.3808615082326407,2024,7,11,3,0,0,0,0,1,0,0,1,0,0,0,0,0,0,0,1,0
43,99609.01,5000.0,9,14,2,8.28,0.0501962623662257,2023,3,2,3,0,1,0,0,0,1,0,0,0,0,0,1,0,0,0,0,0
40,21689.96,5000.0,3,5,2,1.8,0.2305214025290964,2023,4,26,2,0,0,0,1,0,0,1,0,0,0,0,1,0,0,0,0,1
43,14542.56,4329.95,6,1,0,6.75,0.2977433134193704,2024,9,5,3,0,0,0,1,0,0,0,1,0,0,0,0,0,0,1,0,0
43,71097.51,5000.0,9,8,1,1.54,0.0703259509369596,2024,10,14,0,0,0,1,0,0,0,1,0,0,0,1,0,0,0,0,0,0
53,16013.39,643.29,6,0,0,7.37,0.0401720060524348,2024,11,17,6,1,0,0,1,0,0,0,1,0,0,1,0,0,0,0,0,0
58,13005.27,2261.92,6,1,0,8.42,0.1739233403074292,2024,10,11,4,0,0,0,0,1,0,0,0,1,0,0,0,0,0,1,0,0
59,25002.6,4512.69,3,22,3,9.09,0.1804888291617671,2024,7,28,6,1,0,0,1,0,0,0,1,0,0,0,0,0,0,1,0,0
47,15938.53,100.0,3,1,0,5.89,0.0062741043245518,2024,12,14,5,1,0,0,0,1,0,0,1,0,0,0,1,0,0,0,0,1
35,56255.16,5000.0,3,3,1,5.37,0.0888807355627465,2024,10,8,1,0,0,1,0,0,0,0,0,1,0,0,0,0,0,0,1,0
22,13802.3,5000.0,9,9,1,9.64,0.3622584641690153,2023,6,30,4,0,0,0,1,0,0,0,0,1,0,0,0,1,0,0,0,1
59,54967.61,100.0,12,24,2,1.28,0.0018192531929257,2024,7,23,1,0,1,0,0,0,1,0,0,0,0,0,0,1,0,0,0,1
37,11023.63,3737.06,12,10,2,1.01,0.339004484003908,2024,12,16,0,0,0,0,0,1,0,0,0,1,0,0,1,0,0,0,0,1
54,20382.67,5000.0,3,3,0,7.4,0.2453064294324541,2024,8,3,5,1,0,0,1,0,0,0,0,0,1,0,0,0,1,0,0,0
55,5000.0,2107.1,9,11,2,1.19,0.4214199999999999,2024,8,30,4,0,0,0,0,1,1,0,0,0,0,0,0,0,0,0,1,0
20,25964.67,4465.67,3,3,0,7.17,0.1719902467468294,2023,6,22,3,0,1,0,0,0,1,0,0,0,0,1,0,0,0,0,0,0
35,49857.09,5000.0,12,7,2,7.65,0.1002866392723682,2023,2,27,0,0,1,0,0,0,1,0,0,0,0,1,0,0,0,0,0,0
28,46623.1,5000.0,9,7,1,5.81,0.1072429761212789,2024,9,24,1,0,0,1,0,0,1,0,0,0,0,0,0,0,0,1,0,0
57,5000.0,1511.7,12,7,3,7.94,0.30234,2023,1,8,6,1,0,0,1,0,0,0,0,0,1,0,1,0,0,0,0,1
23,44604.41,5000.0,9,5,0,8.17,0.1120965393332183,2024,12,31,1,0,0,1,0,0,0,1,0,0,0,0,1,0,0,0,0,0
45,23659.77,5000.0,12,5,0,7.76,0.2113291887452836,2024,7,15,0,0,0,0,1,0,0,0,0,1,0,0,0,0,0,0,1,1
23,9170.9,3563.27,9,21,2,6.24,0.3885409283712613,2024,10,6,6,1,0,0,0,1,0,0,0,1,0,0,0,0,0,1,0,1
53,5283.16,1040.73,9,13,1,7.2,0.1969900589798529,2024,7,3,2,0,0,0,0,1,0,0,1,0,0,0,1,0,0,0,0,1
26,15249.5,3074.12,12,8,1,7.88,0.2015882487950424,2023,1,15,6,1,0,0,1,0,0,0,0,1,0,0,0,0,1,0,0,0
54,89961.7,5000.0,6,15,2,4.66,0.0555792075961214,2024,7,30,1,0,1,0,0,0,0,0,1,0,0,1,0,0,0,0,0,0
25,45986.04,5000.0,6,2,0,7.34,0.1087286489552046,2023,4,22,5,1,1,0,0,0,0,0,0,0,1,0,0,0,0,0,1,1
33,62725.52,5000.0,9,13,2,7.12,0.0797123722529522,2023,3,1,2,0,0,1,0,0,0,0,0,1,0,0,0,0,0,0,1,0
20,8145.92,4397.15,6,3,0,4.37,0.5397978374450031,2023,2,24,4,0,0,0,0,1,0,0,1,0,0,0,1,0,0,0,0,0
59,15673.46,100.0,6,9,1,4.97,0.0063802121548145,2023,5,14,6,1,0,0,0,1,0,0,1,0,0,0,0,0,1,0,0,1
54,71239.14,5000.0,12,0,0,5.83,0.0701861364412877,2023,2,14,1,0,1,0,0,0,0,0,0,0,1,0,0,0,1,0,0,0
28,5000.0,2654.1,6,9,1,4.17,0.53082,2024,12,24,1,0,0,0,1,0,0,0,0,1,0,0,0,0,0,0,1,1
20,6381.96,2032.47,9,8,2,8.37,0.3184711279920275,2023,4,21,4,0,0,0,0,1,0,1,0,0,0,0,0,0,0,0,1,0
36,90379.85,5000.0,9,11,1,5.56,0.0553220657038045,2023,4,12,2,0,0,1,0,0,0,0,0,0,1,0,1,0,0,0,0,0
22,43993.77,470.89,9,3,0,9.94,0.0107035609814753,2023,4,20,3,0,1,0,0,0,0,0,0,1,0,0,0,0,1,0,0,0
59,13245.4,5000.0,9,0,0,2.66,0.377489543539644,2024,12,21,5,1,0,0,0,1,1,0,0,0,0,1,0,0,0,0,0,0
35,15189.6,2001.46,12,3,0,7.25,0.1317651551061252,2023,6,13,1,0,0,0,0,1,0,1,0,0,0,1,0,0,0,0,0,0
26,55503.43,5000.0,9,14,1,9.29,0.0900845227042725,2023,5,16,1,0,0,1,0,0,1,0,0,0,0,0,0,0,0,1,0,0
52,10434.45,2731.1,9,17,2,6.86,0.2617387595896285,2023,3,2,3,0,0,0,0,1,0,0,0,0,1,0,0,1,0,0,0,1
34,11164.74,2661.44,3,19,3,3.51,0.2383790397268543,2024,12,4,2,0,0,0,0,1,0,0,1,0,0,1,0,0,0,0,0,1
26,60472.7,5000.0,3,4,1,8.47,0.0826819374693043,2024,8,25,6,1,1,0,0,0,0,0,0,0,1,0,0,1,0,0,0,0
56,80588.88,5000.0,12,5,1,4.95,0.0620432992740437,2024,7,11,3,0,1,0,0,0,0,0,1,0,0,0,1,0,0,0,0,0
55,56225.3,5000.0,6,10,3,2.42,0.088927938134612,2023,5,23,1,0,1,0,0,0,0,0,1,0,0,0,0,1,0,0,0,0
46,61687.77,5000.0,12,15,1,2.08,0.0810533433126209,2023,3,29,2,0,0,1,0,0,0,1,0,0,0,0,0,0,0,1,0,0
37,59767.25,2791.69,6,3,0,7.74,0.0467093600592297,2023,1,12,3,0,1,0,0,0,1,0,0,0,0,0,0,0,0,1,0,0
35,6370.24,1092.15,9,17,1,9.42,0.1714456598181544,2024,12,22,6,1,0,0,0,1,1,0,0,0,0,0,1,0,0,0,0,0
38,22584.19,5000.0,6,0,0,2.78,0.2213938157622655,2024,11,29,4,0,0,0,1,0,0,1,0,0,0,0,1,0,0,0,0,0
38,77139.08,5000.0,6,13,1,1.11,0.0648179884955848,2024,7,11,3,0,0,1,0,0,0,0,0,0,1,0,0,1,0,0,0,0
59,14421.69,3919.52,6,10,1,6.56,0.2717795209854046,2023,1,31,1,0,0,0,0,1,0,0,1,0,0,0,0,0,0,0,1,0
40,20269.58,2272.2,9,1,0,2.43,0.1120990173452039,2024,9,28,5,1,0,0,1,0,0,1,0,0,0,0,0,1,0,0,0,1
29,22995.31,5000.0,9,2,0,7.37,0.2174356423114104,2024,9,21,5,1,0,0,1,0,0,0,0,0,1,0,0,0,0,1,0,0
26,59036.47,5000.0,9,11,2,9.4,0.0846934107001993,2023,4,17,0,0,1,0,0,0,0,0,0,0,1,0,1,0,0,0,0,1
59,9350.48,4049.62,12,0,0,4.21,0.4330922048921553,2023,3,10,4,0,0,0,1,0,0,0,1,0,0,0,0,0,0,0,1,1
33,10508.8,3766.51,12,16,1,8.37,0.3584148523142509,2023,4,2,6,1,0,0,1,0,1,0,0,0,0,0,1,0,0,0,0,0
34,34277.29,5000.0,9,9,1,6.39,0.1458691746051102,2023,6,11,6,1,1,0,0,0,0,1,0,0,0,0,0,0,0,0,1,0
46,63392.67,5000.0,12,20,2,6.99,0.078873472279997,2024,7,2,1,0,0,1,0,0,1,0,0,0,0,0,1,0,0,0,0,1
22,34073.94,5000.0,12,1,0,1.77,0.1467397078236329,2023,6,9,4,0,0,1,0,0,0,1,0,0,0,0,0,0,0,1,0,0
21,53196.12,5000.0,3,6,1,9.68,0.0939918174483402,2024,11,19,1,0,1,0,0,0,0,0,0,0,1,0,0,0,0,0,1,1
36,7850.47,3744.43,3,14,1,1.77,0.4769688948559767,2024,9,28,5,1,0,0,0,1,0,0,0,0,1,0,0,1,0,0,0,0
44,39545.29,5000.0,6,0,0,7.46,0.1264373077046596,2024,8,22,3,0,1,0,0,0,0,0,0,1,0,0,0,0,0,0,1,0
51,20375.92,5000.0,12,16,1,8.86,0.2453876929238042,2024,8,13,1,0,0,0,1,0,0,0,1,0,0,0,0,0,1,0,0,0
49,15580.92,3541.46,12,5,1,1.17,0.227294665526811,2024,12,31,1,0,0,0,0,1,0,0,0,1,0,0,0,1,0,0,0,1
19,6764.91,3169.79,6,6,2,5.99,0.4685635137791929,2023,1,28,5,1,0,0,0,1,0,0,0,0,1,0,0,1,0,0,0,0
32,12879.28,4639.94,3,20,2,4.15,0.360263927797206,2023,5,2,1,0,0,0,1,0,1,0,0,0,0,0,0,0,0,1,0,1
36,49706.48,5000.0,12,11,1,2.81,0.1005905065094128,2024,10,24,3,0,1,0,0,0,0,0,0,1,0,1,0,0,0,0,0,0
42,7629.88,3111.18,6,1,0,2.13,0.407762638468757,2024,11,20,2,0,0,0,0,1,0,0,1,0,0,0,0,0,0,1,0,1
58,88811.42,5000.0,3,9,1,1.77,0.0562990660435335,2024,10,19,5,1,0,1,0,0,0,0,0,0,1,0,0,1,0,0,0,0
31,116605.74,5000.0,3,14,1,7.71,0.0428795357758546,2024,9,16,0,0,0,1,0,0,1,0,0,0,0,0,0,0,1,0,0,0
45,62041.19,5000.0,3,20,3,6.63,0.0805916198577106,2023,6,8,3,0,0,1,0,0,1,0,0,0,0,1,0,0,0,0,0,1
58,9700.1,2204.72,9,7,1,3.01,0.227288378470325,2023,2,3,4,0,0,0,0,1,0,0,1,0,0,0,0,0,1,0,0,0
29,61730.95,5000.0,12,12,3,8.27,0.0809966475487579,2023,4,24,0,0,0,1,0,0,1,0,0,0,0,1,0,0,0,0,0,0
56,91324.83,5000.0,12,19,3,1.34,0.0547496228572229,2023,3,3,4,0,0,1,0,0,0,0,1,0,0,1,0,0,0,0,0,1
55,22935.28,5000.0,9,3,0,3.45,0.2180047507595285,2024,7,6,5,1,0,0,1,0,1,0,0,0,0,0,0,0,1,0,0,0
28,20003.35,5000.0,3,0,0,3.97,0.2499581320128878,2023,3,18,5,1,0,1,0,0,0,1,0,0,0,1,0,0,0,0,0,0
18,52458.54,5000.0,6,24,1,5.35,0.095313365564501,2024,8,31,5,1,0,1,0,0,0,0,1,0,0,0,0,1,0,0,0,1
26,22399.73,5000.0,3,0,0,5.23,0.2232169762760533,2024,12,13,4,0,0,0,1,0,0,0,0,0,1,0,1,0,0,0,0,1
43,120944.72,5000.0,12,19,4,1.09,0.0413412011702536,2023,1,17,1,0,0,1,0,0,0,0,1,0,0,1,0,0,0,0,0,1
39,56728.78,5000.0,3,10,5,2.6,0.088138683750999,2023,1,25,2,0,0,1,0,0,1,0,0,0,0,0,0,0,0,0,1,0
21,6646.29,1552.17,6,0,0,8.42,0.2335393129099091,2023,1,30,0,0,0,0,0,1,0,1,0,0,0,0,0,0,0,0,1,1
36,38314.71,5000.0,3,2,0,6.82,0.1304981820298261,2023,6,12,0,0,1,0,0,0,0,0,0,0,1,1,0,0,0,0,0,0
59,11841.36,5000.0,3,19,2,4.46,0.4222487957464345,2023,6,3,5,1,0,0,0,1,0,1,0,0,0,0,0,0,1,0,0,1
32,62391.99,5000.0,3,16,2,3.76,0.0801384921365707,2024,10,14,0,0,1,0,0,0,0,0,1,0,0,0,1,0,0,0,0,1
58,74285.17,5000.0,3,1,0,7.82,0.0673081854695897,2024,9,8,6,1,1,0,0,0,1,0,0,0,0,0,0,0,1,0,0,0
59,66294.36,5000.0,6,17,3,9.82,0.0754211972179835,2024,12,7,5,1,0,1,0,0,0,1,0,0,0,0,0,0,1,0,0,1
43,41334.19,5000.0,3,15,2,4.58,0.1209652348334393,2023,4,10,0,0,1,0,0,0,0,0,1,0,0,0,1,0,0,0,0,0
44,31940.56,3942.07,9,4,0,2.62,0.123418938177665,2023,2,8,2,0,0,0,1,0,1,0,0,0,0,0,1,0,0,0,0,1
47,30257.91,5000.0,6,9,3,5.86,0.1652460464057167,2024,7,5,4,0,0,0,1,0,0,0,0,0,1,0,1,0,0,0,0,1
36,13209.51,146.53,6,8,1,8.35,0.0110927657422569,2024,9,23,0,0,0,0,0,1,0,0,0,1,0,0,1,0,0,0,0,0
53,15314.21,5000.0,3,19,2,6.67,0.326494151510264,2024,10,28,0,0,0,0,0,1,0,0,0,0,1,0,0,0,1,0,0,1
39,5000.0,1829.98,12,7,1,3.53,0.365996,2023,1,19,3,0,0,0,0,1,1,0,0,0,0,0,0,0,0,1,0,0
37,8259.79,1835.99,3,9,1,2.79,0.2222804696003167,2024,11,8,4,0,0,0,0,1,0,0,0,1,0,0,1,0,0,0,0,0
56,97029.66,5000.0,12,0,0,6.08,0.0515306350656077,2023,4,22,5,1,0,1,0,0,0,0,1,0,0,1,0,0,0,0,0,0
24,8304.74,1241.7,6,16,2,5.02,0.149517022808661,2024,8,5,0,0,0,0,0,1,0,0,0,0,1,1,0,0,0,0,0,1
26,57201.15,5000.0,9,21,1,4.84,0.0874108300270186,2023,1,17,1,0,1,0,0,0,1,0,0,0,0,0,0,1,0,0,0,1
28,44768.32,5000.0,3,16,3,5.6,0.1116861208997791,2024,12,13,4,0,1,0,0,0,0,0,0,0,1,1,0,0,0,0,0,1
34,5000.0,1781.39,9,2,0,3.9,0.356278,2024,10,26,5,1,0,0,0,1,0,0,0,1,0,1,0,0,0,0,0,0
18,11398.02,2054.17,12,2,1,3.54,0.1802216525326328,2024,8,23,4,0,0,0,1,0,0,0,0,1,0,0,0,0,1,0,0,0
32,5000.0,1391.45,12,3,0,6.62,0.27829,2023,2,10,4,0,0,0,0,1,0,0,0,0,1,0,0,0,1,0,0,1
53,10135.12,3152.46,3,0,0,6.47,0.3110431844911555,2024,9,22,6,1,0,0,1,0,0,1,0,0,0,0,0,0,0,0,1,0
32,39331.7,5000.0,3,4,0,6.0,0.1271239229425629,2023,5,2,1,0,0,1,0,0,0,0,1,0,0,1,0,0,0,0,0,1
45,7270.9,2014.3,9,14,1,3.2,0.2770358552586337,2024,7,25,3,0,0,0,1,0,0,0,0,1,0,0,0,1,0,0,0,1
33,13717.93,3763.1,9,10,3,5.57,0.2743198135578764,2024,9,10,1,0,0,0,1,0,0,0,0,1,0,0,0,0,1,0,0,1
26,49111.83,5000.0,3,0,0,2.42,0.1018084644779068,2024,12,12,3,0,0,1,0,0,0,0,0,0,1,0,0,1,0,0,0,0
25,70531.49,5000.0,9,5,0,8.01,0.070890321472012,2023,1,5,3,0,1,0,0,0,0,0,0,1,0,0,0,0,0,1,0,0
29,10535.51,2761.6,3,2,0,8.43,0.2621230486231801,2023,6,19,0,0,0,0,0,1,1,0,0,0,0,0,0,0,1,0,0,0
45,13528.04,1896.39,6,11,2,5.78,0.1401821697747789,2023,6,29,3,0,0,0,0,1,1,0,0,0,0,0,0,1,0,0,0,0
20,25623.6,5000.0,9,2,0,9.43,0.1951326121231989,2023,1,28,5,1,1,0,0,0,1,0,0,0,0,0,0,0,1,0,0,0
42,29804.77,5000.0,6,3,1,4.11,0.1677583822992091,2023,5,28,6,1,1,0,0,0,0,1,0,0,0,0,0,0,1,0,0,1
56,18681.56,5000.0,6,12,1,3.43,0.2676436014979477,2024,9,25,2,0,0,0,0,1,0,0,0,0,1,0,0,1,0,0,0,1
44,15456.31,4378.72,12,1,0,1.25,0.2832965953710815,2023,1,30,0,0,0,0,1,0,0,1,0,0,0,0,0,0,0,0,1,1
19,5942.58,2824.32,12,0,0,6.89,0.475268317801359,2023,5,22,0,0,0,0,0,1,0,0,0,1,0,0,0,0,0,1,0,0
19,47764.26,5000.0,3,2,0,2.81,0.1046807801481693,2023,6,23,4,0,0,1,0,0,0,0,1,0,0,0,0,0,0,1,0,1
21,22279.74,4900.0,9,11,1,5.92,0.2199307532314111,2023,5,19,4,0,1,0,0,0,0,0,1,0,0,0,0,1,0,0,0,1
36,14027.03,1830.49,9,14,1,8.36,0.1304973326498909,2024,11,1,4,0,0,0,1,0,0,1,0,0,0,0,0,0,0,1,0,0
24,6638.04,760.38,9,11,1,1.55,0.1145488728600611,2024,11,2,5,1,0,0,1,0,0,0,0,1,0,0,0,0,0,0,1,0
23,13470.97,4730.73,3,12,2,2.37,0.3511796106739158,2024,9,20,4,0,0,0,1,0,1,0,0,0,0,0,0,0,0,0,1,1
37,65089.12,5000.0,12,14,2,8.75,0.0768177538734584,2023,4,3,0,0,0,1,0,0,0,1,0,0,0,1,0,0,0,0,0,1
54,76615.78,5000.0,6,9,1,6.71,0.0652607073895221,2024,9,5,3,0,0,1,0,0,0,0,0,0,1,0,0,1,0,0,0,0
20,7190.19,658.23,3,18,1,8.28,0.0915455641645074,2024,7,13,5,1,0,0,0,1,0,0,0,0,1,1,0,0,0,0,0,0
27,60368.75,5000.0,12,0,0,5.31,0.0828243089346723,2023,6,14,2,0,0,1,0,0,1,0,0,0,0,1,0,0,0,0,0,0
55,13633.79,2349.07,3,0,0,3.58,0.1722976516434535,2023,4,15,5,1,0,0,1,0,0,0,0,0,1,0,0,0,1,0,0,0
43,15675.36,5000.0,6,3,0,7.43,0.3189719406763225,2023,5,19,4,0,0,0,0,1,0,0,0,0,1,0,0,0,1,0,0,0
19,57340.03,5000.0,12,0,0,2.83,0.087199117265896,2024,7,19,4,0,1,0,0,0,0,1,0,0,0,0,0,0,0,1,0,0
48,25740.67,5000.0,12,17,2,3.06,0.1942451381413149,2024,7,10,2,0,0,0,1,0,0,0,0,0,1,0,1,0,0,0,0,0
26,20968.29,5000.0,3,1,0,6.31,0.2384553056067042,2024,11,17,6,1,0,0,1,0,0,0,0,0,1,0,0,0,0,1,0,1
38,15375.69,2853.07,3,2,0,1.75,0.185557201010166,2024,11,30,5,1,0,0,1,0,0,0,0,0,1,0,0,0,1,0,0,0
43,73398.02,5000.0,6,8,1,8.61,0.0681217286242871,2023,6,3,5,1,1,0,0,0,0,1,0,0,0,0,0,1,0,0,0,0
21,55528.34,5000.0,12,17,2,7.42,0.0900441108090031,2023,6,8,3,0,0,1,0,0,0,0,0,0,1,0,0,0,1,0,0,0
55,13846.33,5000.0,12,15,1,4.1,0.3611065170337555,2023,1,18,2,0,0,0,1,0,0,0,0,1,0,0,0,0,0,0,1,0
38,23061.6,5000.0,12,5,0,6.27,0.2168106289242723,2023,4,3,0,0,0,1,0,0,0,0,1,0,0,1,0,0,0,0,0,0
57,8064.93,296.98,9,4,1,7.38,0.0368236302112975,2023,3,20,0,0,0,0,1,0,0,0,1,0,0,0,0,0,1,0,0,1
55,13883.24,5000.0,3,12,1,2.65,0.3601464787758477,2024,10,29,1,0,0,0,1,0,0,0,0,0,1,0,0,0,1,0,0,1
31,5740.19,1327.92,3,13,1,7.67,0.2313372902290691,2023,5,9,1,0,0,0,0,1,1,0,0,0,0,0,0,0,0,0,1,0
45,10999.05,5000.0,3,11,1,6.67,0.4545847141344025,2024,9,28,5,1,0,0,0,1,1,0,0,0,0,0,0,0,0,0,1,0
20,9611.29,1121.58,9,13,1,7.87,0.1166940129784867,2024,8,6,1,0,0,0,0,1,0,0,1,0,0,0,0,1,0,0,0,1
49,55771.09,5000.0,12,12,1,6.89,0.0896521835954793,2023,6,8,3,0,1,0,0,0,0,1,0,0,0,0,0,0,0,0,1,1
27,14103.3,1259.05,3,18,1,1.27,0.0892734324590698,2023,1,6,4,0,0,0,1,0,0,0,0,1,0,0,0,0,0,0,1,1
50,5068.07,1175.3,9,0,0,8.31,0.2319028742696924,2024,8,15,3,0,0,0,0,1,0,0,0,1,0,1,0,0,0,0,0,0
27,13408.31,5000.0,9,27,1,9.92,0.3729030727959004,2024,11,8,4,0,0,0,1,0,0,0,0,1,0,0,0,0,0,1,0,1
25,70020.2,5000.0,12,8,1,3.13,0.0714079651300624,2023,2,4,5,1,0,1,0,0,1,0,0,0,0,1,0,0,0,0,0,0
37,18673.33,5000.0,6,11,1,2.44,0.267761561542585,2023,3,21,1,0,0,0,1,0,0,1,0,0,0,0,0,0,0,0,1,1
53,16210.09,5000.0,12,16,1,6.75,0.308449860549818,2023,4,16,6,1,0,0,1,0,0,1,0,0,0,0,0,1,0,0,0,1
56,91360.99,5000.0,3,16,1,1.17,0.0547279533639029,2023,5,9,1,0,0,1,0,0,0,1,0,0,0,1,0,0,0,0,0,1
26,49157.6,5000.0,9,1,0,5.17,0.1017136719449281,2024,8,26,0,0,1,0,0,0,0,0,1,0,0,1,0,0,0,0,0,0
31,50337.84,5000.0,3,1,0,3.42,0.0993288547939283,2024,8,10,5,1,1,0,0,0,0,0,1,0,0,0,0,0,0,1,0,0
53,16330.28,3168.39,3,3,0,6.53,0.1940193309606448,2024,8,6,1,0,0,0,1,0,0,0,0,1,0,0,0,0,0,0,1,1
41,72447.46,5000.0,9,6,1,2.96,0.0690155320835264,2024,7,22,0,0,0,1,0,0,1,0,0,0,0,0,0,0,1,0,0,0
31,18550.32,5000.0,6,8,1,2.62,0.2695371292786324,2024,7,8,0,0,0,0,1,0,0,0,1,0,0,0,0,1,0,0,0,0
54,82022.28,5000.0,6,2,0,9.48,0.0609590467370573,2024,8,24,5,1,1,0,0,0,0,0,0,1,0,0,0,0,0,0,1,0
49,91912.42,5000.0,6,1,0,9.09,0.0543996121525252,2023,4,1,5,1,0,1,0,0,0,1,0,0,0,0,1,0,0,0,0,0
35,65756.54,5000.0,6,17,2,1.93,0.0760380640465572,2023,1,30,0,0,1,0,0,0,0,0,0,1,0,0,0,0,1,0,0,1
53,11955.94,3604.53,12,2,0,7.44,0.301484450407078,2023,1,6,4,0,0,0,0,1,1,0,0,0,0,0,0,1,0,0,0,0
53,67996.16,5000.0,3,0,1,7.76,0.073533564248334,2023,2,20,0,0,1,0,0,0,0,0,0,0,1,1,0,0,0,0,0,0
53,51191.46,5000.0,3,15,2,4.99,0.0976725414746912,2024,9,3,1,0,1,0,0,0,1,0,0,0,0,0,1,0,0,0,0,0
48,8862.43,2752.01,3,0,0,6.07,0.3105254427961631,2023,5,7,6,1,0,0,0,1,1,0,0,0,0,0,1,0,0,0,0,1
27,40005.06,5000.0,9,29,6,1.73,0.1249841895000282,2023,3,15,2,0,0,1,0,0,0,0,0,0,1,0,1,0,0,0,0,1
49,7220.32,2356.06,12,17,3,3.16,0.3263096372459946,2024,11,5,1,0,0,0,0,1,0,0,0,1,0,0,0,0,1,0,0,1
33,58113.95,5000.0,12,11,1,5.53,0.0860378618214731,2023,6,21,2,0,0,1,0,0,0,1,0,0,0,0,0,0,1,0,0,1
46,11276.72,589.18,12,0,0,9.7,0.0522474620279655,2023,4,4,1,0,0,0,1,0,0,0,0,1,0,0,0,1,0,0,0,0
39,11519.6,3737.4,12,18,2,4.39,0.3244383485537692,2023,6,7,2,0,0,0,0,1,0,0,0,0,1,1,0,0,0,0,0,0
40,43194.63,5000.0,6,3,0,3.22,0.1157551297464522,2023,2,27,0,0,1,0,0,0,0,0,1,0,0,0,0,0,1,0,0,0
28,43427.19,5000.0,6,11,2,4.53,0.1151352413084982,2024,8,17,5,1,1,0,0,0,0,0,1,0,0,0,1,0,0,0,0,0
30,10320.52,1030.53,9,11,2,4.49,0.0998525268106645,2023,3,21,1,0,0,1,0,0,0,0,1,0,0,0,0,0,0,0,1,0
43,74808.22,5000.0,12,1,0,6.1,0.0668375748012718,2024,10,22,1,0,1,0,0,0,0,0,1,0,0,0,0,0,0,1,0,0
48,78327.38,5000.0,12,3,0,1.11,0.0638346386665812,2023,1,12,3,0,0,1,0,0,1,0,0,0,0,0,0,0,1,0,0,0
29,62675.35,4140.35,6,12,2,8.56,0.0660602613308102,2024,10,2,2,0,0,1,0,0,0,0,0,0,1,0,0,0,0,0,1,0
37,57471.8,5000.0,12,9,1,2.83,0.0869991891675569,2024,9,22,6,1,1,0,0,0,0,0,0,0,1,1,0,0,0,0,0,0
24,28960.91,3476.64,3,11,2,5.59,0.120045951594753,2024,8,31,5,1,1,0,0,0,0,1,0,0,0,0,0,0,1,0,0,1
44,11931.85,3149.53,3,17,1,9.13,0.2639599056307278,2023,1,25,2,0,0,0,0,1,0,0,0,1,0,0,1,0,0,0,0,1
45,71080.98,5000.0,9,4,1,9.06,0.0703423053536966,2024,8,6,1,0,0,1,0,0,0,1,0,0,0,0,0,0,0,1,0,0
26,9127.46,2702.33,9,22,2,9.56,0.2960659372925217,2024,7,10,2,0,0,0,0,1,0,1,0,0,0,0,0,1,0,0,0,0
37,75477.69,5000.0,3,2,0,1.92,0.0662447406644268,2023,3,10,4,0,0,1,0,0,1,0,0,0,0,0,1,0,0,0,0,0
25,6902.92,1892.98,12,15,3,7.33,0.2742288770549275,2024,9,28,5,1,0,0,0,1,0,0,0,1,0,0,0,0,1,0,0,1
37,15093.22,5000.0,9,19,1,7.67,0.3312745722913997,2023,4,22,5,1,0,0,1,0,0,0,1,0,0,0,0,0,0,0,1,1
44,14139.5,5000.0,12,11,1,5.15,0.3536192934686517,2024,7,24,2,0,0,0,1,0,0,0,1,0,0,0,0,0,1,0,0,1
30,8267.38,1349.01,6,17,1,1.93,0.1631726133309464,2024,10,18,4,0,0,0,0,1,1,0,0,0,0,0,0,0,0,1,0,1
47,19704.05,5000.0,6,14,2,6.01,0.2537549387054946,2024,8,11,6,1,0,0,1,0,0,1,0,0,0,0,0,1,0,0,0,0
32,9638.5,4560.83,9,18,1,1.96,0.4731887741868548,2024,11,27,2,0,0,0,0,1,0,1,0,0,0,1,0,0,0,0,0,1
45,60667.3,5000.0,12,12,2,5.45,0.0824167220232316,2023,6,21,2,0,1,0,0,0,1,0,0,0,0,1,0,0,0,0,0,1
27,45619.19,5000.0,12,0,0,8.07,0.1096029982119366,2023,1,26,3,0,1,0,0,0,0,0,0,0,1,0,0,0,0,0,1,1
48,10104.22,3691.79,3,11,2,2.17,0.3653711023710885,2023,4,21,4,0,0,0,0,1,0,0,0,0,1,0,0,0,1,0,0,0
54,22749.26,5000.0,9,19,2,6.25,0.2197873689078238,2024,8,11,6,1,0,0,1,0,0,0,0,1,0,0,0,0,0,1,0,1
47,14319.3,5000.0,9,3,0,2.23,0.3491790799829601,2023,6,18,6,1,0,0,1,0,0,1,0,0,0,0,0,0,0,1,0,1
48,16839.6,4725.07,9,9,2,5.21,0.2805927694244519,2024,9,9,0,0,0,0,1,0,0,0,0,0,1,0,0,0,0,1,0,0
26,70473.55,5000.0,6,6,1,4.42,0.0709486041216882,2023,3,5,6,1,0,1,0,0,0,0,0,1,0,1,0,0,0,0,0,0
55,38573.44,5000.0,3,7,2,7.88,0.1296228700369995,2024,9,19,3,0,0,1,0,0,0,0,1,0,0,0,0,0,0,0,1,1
33,10168.36,3592.94,3,11,2,9.85,0.3533450821961457,2023,6,10,5,1,0,0,1,0,0,0,0,1,0,0,1,0,0,0,0,0
50,52961.14,5000.0,12,0,0,7.28,0.0944088439183899,2024,12,17,1,0,1,0,0,0,1,0,0,0,0,0,1,0,0,0,0,0
39,16706.33,5000.0,12,16,2,2.63,0.2992877550006494,2024,10,19,5,1,0,0,1,0,1,0,0,0,0,0,0,0,1,0,0,1
23,40773.17,5000.0,3,11,1,7.09,0.1226296606322245,2024,9,13,4,0,0,1,0,0,0,0,1,0,0,0,0,0,0,1,0,1
28,18141.04,3677.87,6,2,0,3.03,0.202737549776639,2023,2,25,5,1,0,0,1,0,0,0,0,0,1,0,1,0,0,0,0,1
19,40545.66,5000.0,6,11,2,1.85,0.1233177607665037,2024,11,6,2,0,1,0,0,0,0,1,0,0,0,1,0,0,0,0,0,0
47,29870.87,5000.0,9,3,0,7.68,0.167387156785189,2023,2,23,3,0,1,0,0,0,0,0,0,0,1,1,0,0,0,0,0,0
30,14083.42,2652.28,6,0,0,2.95,0.1883264150327122,2023,1,25,2,0,0,0,1,0,1,0,0,0,0,0,0,0,0,0,1,0
20,5000.0,2251.11,3,0,0,3.6,0.450222,2024,9,5,3,0,0,0,0,1,0,0,0,1,0,1,0,0,0,0,0,0
44,45814.78,5000.0,3,2,0,1.54,0.1091350869741162,2023,5,29,0,0,0,1,0,0,0,0,1,0,0,0,0,0,1,0,0,0
47,80787.18,5000.0,12,0,0,6.15,0.0618910079544799,2023,1,1,6,1,0,1,0,0,0,1,0,0,0,0,0,0,0,1,0,0
29,67897.79,5000.0,9,5,1,8.84,0.0736400993316571,2024,10,10,3,0,0,1,0,0,1,0,0,0,0,0,1,0,0,0,0,0
35,39280.55,5000.0,9,3,0,2.94,0.1272894600508394,2023,2,23,3,0,1,0,0,0,0,0,0,0,1,0,0,0,1,0,0,0
25,17534.77,5000.0,9,15,1,1.41,0.2851477378944805,2024,9,7,5,1,0,0,1,0,0,0,0,0,1,0,0,0,0,1,0,0
58,74855.12,5000.0,9,3,0,7.59,0.0667956981432933,2024,7,5,4,0,0,1,0,0,1,0,0,0,0,0,0,0,0,1,0,0
53,17603.53,3095.21,9,10,1,1.86,0.1758289388548774,2023,1,13,4,0,0,0,1,0,0,0,1,0,0,0,0,1,0,0,0,1
24,61922.3,5000.0,3,6,1,9.85,0.0807463547058168,2024,9,28,5,1,0,1,0,0,0,1,0,0,0,0,1,0,0,0,0,0
35,36066.69,5000.0,12,11,1,4.67,0.138632072973705,2024,12,24,1,0,0,1,0,0,0,0,0,0,1,0,0,1,0,0,0,0
40,58671.81,5000.0,6,3,0,4.7,0.0852198014685417,2024,12,26,3,0,1,0,0,0,0,1,0,0,0,0,0,0,0,0,1,0
38,30412.78,1069.84,3,14,1,5.64,0.0351773169042751,2023,6,18,6,1,0,1,0,0,0,0,0,0,1,0,0,0,0,1,0,0
44,5010.61,1225.35,6,0,0,3.52,0.2445510626450671,2023,5,13,5,1,0,0,0,1,0,0,1,0,0,0,0,0,0,0,1,1
27,11649.37,3457.27,12,7,1,3.08,0.2967774222983732,2024,7,4,3,0,0,0,1,0,0,0,1,0,0,0,0,0,0,1,0,0
30,18850.11,5000.0,3,8,1,5.73,0.2652504415093599,2023,3,18,5,1,0,0,1,0,0,0,0,1,0,0,0,0,0,1,0,0
54,73298.05,5000.0,6,0,0,8.62,0.0682146387250411,2023,1,24,1,0,0,1,0,0,1,0,0,0,0,0,1,0,0,0,0,0
39,79244.22,5000.0,6,18,1,2.03,0.0630960844841428,2023,2,9,3,0,0,1,0,0,0,0,0,1,0,0,0,0,0,0,1,1
44,11341.87,2761.63,12,18,1,4.82,0.2434898301602822,2024,9,21,5,1,0,0,0,1,0,0,1,0,0,0,0,0,0,0,1,1
56,8580.34,222.78,6,15,1,1.83,0.0259640060883368,2024,7,31,2,0,0,0,0,1,1,0,0,0,0,0,0,0,0,0,1,1
54,97001.43,5000.0,12,23,3,6.23,0.0515456318530561,2023,2,3,4,0,0,1,0,0,0,0,1,0,0,0,0,1,0,0,0,1
41,16805.27,3950.51,6,11,2,1.42,0.2350756637649975,2023,5,6,5,1,0,0,0,1,0,1,0,0,0,0,0,0,0,1,0,1
28,43484.71,5000.0,9,19,1,2.12,0.1149829445798304,2023,2,8,2,0,1,0,0,0,0,0,1,0,0,0,0,1,0,0,0,1
38,8098.05,753.83,3,8,2,6.8,0.0930878421348349,2023,3,18,5,1,0,0,1,0,0,0,0,0,1,0,0,0,1,0,0,0
57,12649.84,100.0,12,20,3,6.01,0.007905238327125,2024,7,30,1,0,0,0,0,1,0,0,1,0,0,1,0,0,0,0,0,1
27,5070.27,1819.4,9,1,0,5.25,0.3588369061213702,2023,3,18,5,1,0,0,0,1,0,0,1,0,0,0,1,0,0,0,0,0
40,42018.22,5000.0,9,2,0,9.2,0.1189959974506297,2024,7,11,3,0,0,1,0,0,0,1,0,0,0,0,0,1,0,0,0,0
33,20827.54,5000.0,6,13,2,9.39,0.240066757763999,2023,3,7,1,0,0,0,1,0,0,0,0,1,0,0,0,0,0,0,1,1
54,68354.72,5000.0,6,11,1,3.83,0.0731478382180484,2023,6,12,0,0,0,1,0,0,0,0,0,1,0,0,0,1,0,0,0,0
52,64642.62,5000.0,6,16,2,5.02,0.0773483500514057,2024,7,17,2,0,1,0,0,0,0,1,0,0,0,0,0,0,0,0,1,0
27,20069.83,4859.37,12,21,2,9.54,0.2421231271017243,2024,12,6,4,0,0,0,1,0,0,0,0,1,0,0,0,0,1,0,0,1
44,19851.72,3052.95,12,5,0,6.27,0.1537876818734094,2023,5,4,3,0,0,0,1,0,0,1,0,0,0,0,0,0,0,0,1,0
30,78313.98,5000.0,9,11,1,6.25,0.0638455611628983,2023,1,7,5,1,0,1,0,0,1,0,0,0,0,0,1,0,0,0,0,0
21,42438.96,5000.0,3,2,0,5.17,0.117816270709744,2024,8,27,1,0,0,1,0,0,0,0,0,1,0,0,0,0,0,1,0,0
59,72657.51,5000.0,12,13,1,6.31,0.068816010898254,2024,11,10,6,1,1,0,0,0,0,0,1,0,0,0,0,0,0,0,1,0
58,22770.99,5000.0,12,0,0,6.7,0.2195776292554693,2024,12,10,1,0,0,0,1,0,0,1,0,0,0,0,1,0,0,0,0,1
39,76640.48,4771.35,12,4,1,3.1,0.0622562645745433,2023,4,1,5,1,0,1,0,0,1,0,0,0,0,0,0,0,0,1,0,0
33,5000.0,2025.46,6,20,1,2.37,0.405092,2023,3,9,3,0,0,0,0,1,0,0,0,1,0,0,0,0,1,0,0,1
31,20593.59,5000.0,9,0,0,9.33,0.242793995607371,2024,11,14,3,0,0,0,1,0,0,1,0,0,0,1,0,0,0,0,0,0
19,5619.45,2418.69,9,18,2,1.14,0.4304140084883752,2023,6,7,2,0,0,0,0,1,0,0,0,1,0,1,0,0,0,0,0,0
55,47858.11,5000.0,3,1,0,9.19,0.1044755005995849,2024,8,5,0,0,0,1,0,0,1,0,0,0,0,0,0,0,0,1,0,0
52,65188.53,5000.0,9,1,0,6.6,0.0767006097545074,2023,3,11,5,1,1,0,0,0,0,0,1,0,0,0,0,0,1,0,0,0
50,17720.31,2206.4,6,17,1,6.19,0.1245124944202443,2024,9,17,1,0,0,0,1,0,0,0,0,0,1,0,0,1,0,0,0,1
24,8362.21,3341.66,6,5,1,2.2,0.3996144559871135,2023,2,7,1,0,0,0,1,0,0,1,0,0,0,1,0,0,0,0,0,1
21,19350.65,4270.24,12,15,2,5.07,0.2206768248095025,2024,12,12,3,0,0,0,1,0,0,0,0,1,0,0,1,0,0,0,0,1
35,36101.3,5000.0,12,20,3,4.67,0.1384991676200025,2024,9,2,0,0,0,1,0,0,0,0,0,0,1,0,0,0,1,0,0,1
19,37679.89,5000.0,12,18,2,1.03,0.132696778042611,2023,5,19,4,0,1,0,0,0,0,0,0,0,1,0,0,0,0,1,0,1
43,22340.05,5000.0,12,13,3,9.87,0.2238132860042838,2024,11,3,6,1,0,0,1,0,0,0,1,0,0,1,0,0,0,0,0,1
46,87710.27,5000.0,9,6,0,7.44,0.0570058671578596,2023,1,4,2,0,0,1,0,0,0,0,1,0,0,1,0,0,0,0,0,0
50,74266.12,5000.0,12,18,2,2.5,0.067325450690032,2024,11,24,6,1,0,1,0,0,0,1,0,0,0,0,0,1,0,0,0,1
47,11798.4,4266.93,6,14,1,8.34,0.3616532750203418,2023,3,20,0,0,0,0,0,1,0,0,0,0,1,1,0,0,0,0,0,1
43,81872.65,5000.0,6,10,1,5.39,0.0610704551519952,2023,5,22,0,0,0,1,0,0,0,0,1,0,0,0,0,0,0,0,1,0
26,9515.23,4431.41,12,15,1,9.03,0.4657175916924762,2024,11,30,5,1,0,0,0,1,0,0,0,0,1,0,1,0,0,0,0,0
57,70671.43,5000.0,9,0,0,1.81,0.0707499480341631,2024,8,11,6,1,1,0,0,0,0,0,0,0,1,0,1,0,0,0,0,0
55,17801.19,4429.95,12,11,2,1.39,0.2488569584392953,2024,11,27,2,0,0,0,0,1,0,0,0,1,0,1,0,0,0,0,0,0
22,8280.33,3106.37,12,11,2,1.08,0.3751505072865453,2024,10,10,3,0,0,0,1,0,0,0,1,0,0,0,1,0,0,0,0,0
39,79946.89,5000.0,6,24,1,2.27,0.0625415197514249,2023,2,14,1,0,0,1,0,0,0,1,0,0,0,0,1,0,0,0,0,0
23,43315.74,2199.14,6,2,0,7.3,0.0507699972342617,2024,11,12,1,0,1,0,0,0,1,0,0,0,0,0,0,0,0,1,0,0
41,75086.62,5000.0,3,12,1,7.33,0.066589759933261,2023,4,24,0,0,0,1,0,0,0,0,0,0,1,0,0,0,0,1,0,0
58,29080.76,4456.15,12,14,2,7.79,0.1532336156276521,2024,8,4,6,1,1,0,0,0,1,0,0,0,0,1,0,0,0,0,0,1
33,61840.02,5000.0,6,12,2,3.09,0.0808537901507793,2023,5,7,6,1,1,0,0,0,0,1,0,0,0,0,0,1,0,0,0,0
50,9137.69,3947.52,12,13,2,6.79,0.432004149845311,2023,4,11,1,0,0,0,1,0,1,0,0,0,0,0,0,1,0,0,0,0
22,25131.52,5000.0,3,7,1,9.45,0.198953346236121,2024,8,7,2,0,0,1,0,0,0,0,1,0,0,0,1,0,0,0,0,0
29,54709.25,5000.0,9,8,1,2.64,0.0913922234357078,2023,4,4,1,0,1,0,0,0,0,0,0,1,0,0,0,0,1,0,0,0
48,18246.69,5000.0,9,16,2,7.85,0.2740223021271255,2024,8,28,2,0,0,0,1,0,0,1,0,0,0,0,0,0,0,1,0,1
56,10869.41,5000.0,12,4,1,2.07,0.4600065688938038,2024,11,21,3,0,0,0,0,1,0,0,0,0,1,0,0,0,1,0,0,0
20,13460.45,3871.58,9,2,0,3.14,0.2876263423585392,2024,11,16,5,1,0,0,1,0,0,0,0,1,0,0,1,0,0,0,0,0
34,71722.53,5000.0,3,0,1,4.89,0.0697131013086125,2024,12,22,6,1,1,0,0,0,0,0,1,0,0,0,0,1,0,0,0,0
18,17792.95,3705.37,6,14,1,4.29,0.2082493347084097,2023,4,10,0,0,0,0,1,0,0,0,0,0,1,0,0,0,0,1,0,0
21,70866.14,3265.79,6,2,0,7.14,0.0460839266820515,2023,1,29,6,1,0,1,0,0,0,0,1,0,0,0,0,0,0,1,0,0
57,18598.53,5000.0,3,20,1,7.39,0.268838451210929,2023,1,30,0,0,0,0,0,1,1,0,0,0,0,1,0,0,0,0,0,0
58,19617.4,2608.6,9,1,0,8.43,0.1329737885754483,2024,12,19,3,0,0,0,1,0,1,0,0,0,0,0,0,1,0,0,0,0
37,8278.81,2967.12,12,1,0,6.27,0.3583993351701512,2023,6,3,5,1,0,0,1,0,1,0,0,0,0,0,0,0,1,0,0,0
45,55645.74,5000.0,3,3,0,5.75,0.0898541379807331,2023,2,25,5,1,0,1,0,0,0,0,0,0,1,0,0,0,0,0,1,0
21,17748.81,2929.28,12,3,0,2.4,0.165040923870389,2023,3,21,1,0,1,0,0,0,0,0,0,1,0,0,0,0,0,1,0,0
48,46434.79,5000.0,9,18,2,7.72,0.1076778854819845,2023,4,3,0,0,1,0,0,0,0,0,0,1,0,0,1,0,0,0,0,1
19,30831.94,1809.67,6,0,0,9.46,0.05869465236375,2024,11,30,5,1,1,0,0,0,0,0,0,1,0,0,0,0,0,0,1,1
21,7028.37,1023.16,6,11,2,3.64,0.1455757167024502,2024,7,20,5,1,0,0,0,1,0,0,0,1,0,0,0,0,0,0,1,0
29,38026.08,3348.67,9,21,5,3.13,0.0880624560827726,2023,6,4,6,1,0,1,0,0,0,0,0,1,0,0,0,0,0,1,0,0
25,11160.2,5000.0,9,8,1,2.36,0.4480206447913119,2024,9,8,6,1,0,0,0,1,0,0,0,1,0,0,0,0,0,1,0,0
33,50158.93,5000.0,12,11,1,8.73,0.0996831471484738,2024,11,5,1,0,1,0,0,0,0,0,1,0,0,0,0,1,0,0,0,0
48,102698.86,5000.0,3,5,0,3.66,0.0486860321526451,2024,7,16,1,0,0,1,0,0,1,0,0,0,0,0,0,0,0,0,1,0
48,84076.94,5000.0,12,13,1,2.36,0.0594693384416702,2024,12,2,0,0,0,1,0,0,0,0,1,0,0,0,0,1,0,0,0,0
35,23683.85,5000.0,3,12,1,8.85,0.2111143247402766,2024,10,13,6,1,0,0,1,0,0,1,0,0,0,0,1,0,0,0,0,1
30,13642.39,3835.82,9,2,0,5.93,0.2811692086210701,2024,12,7,5,1,0,0,0,1,0,1,0,0,0,0,0,0,0,0,1,0
37,82591.29,5000.0,9,13,1,3.74,0.0605390713718117,2023,2,10,4,0,0,1,0,0,0,1,0,0,0,0,0,1,0,0,0,0
21,44913.58,5000.0,9,2,0,9.93,0.1113249044053045,2024,8,29,3,0,1,0,0,0,1,0,0,0,0,0,0,0,1,0,0,0
47,11490.19,2207.03,6,10,2,2.37,0.1920795043423999,2024,11,8,4,0,0,0,1,0,0,0,0,0,1,0,0,0,0,0,1,0
19,11097.24,2852.7,12,15,1,7.17,0.2570639185959752,2023,6,26,0,0,0,0,0,1,0,0,1,0,0,0,0,0,0,0,1,0
45,65122.23,5000.0,3,4,1,1.79,0.0767786975353884,2023,3,8,2,0,0,1,0,0,1,0,0,0,0,0,0,0,1,0,0,0
18,5705.74,1594.05,3,1,0,5.93,0.2793765576419535,2024,7,3,2,0,0,0,1,0,0,0,0,1,0,0,0,0,1,0,0,0
25,48078.53,5000.0,9,21,4,8.06,0.1039965240201811,2023,5,2,1,0,1,0,0,0,0,1,0,0,0,1,0,0,0,0,0,0
31,46764.38,5000.0,12,4,0,4.37,0.1069189840643669,2023,6,24,5,1,1,0,0,0,0,0,1,0,0,0,0,1,0,0,0,0
54,77465.38,5000.0,3,9,1,2.1,0.0645449618913635,2024,9,14,5,1,1,0,0,0,0,0,1,0,0,0,0,0,1,0,0,0
48,20083.42,916.14,3,3,0,9.96,0.0456167326082908,2024,11,9,5,1,0,0,1,0,0,0,0,0,1,0,0,0,0,0,1,0
59,12103.61,5000.0,12,12,1,9.15,0.4130998933376075,2024,7,20,5,1,0,0,0,1,1,0,0,0,0,0,0,0,1,0,0,0
51,19114.47,5000.0,3,8,1,2.08,0.2615819324312942,2023,5,14,6,1,0,0,1,0,0,1,0,0,0,0,0,0,0,0,1,0
39,14289.53,4600.74,12,16,3,3.5,0.3219658029340363,2023,4,18,1,0,0,0,1,0,0,0,0,1,0,0,0,0,1,0,0,1
26,10177.31,4401.49,6,6,1,3.94,0.4324806849747133,2024,12,7,5,1,0,0,1,0,0,0,1,0,0,0,0,0,1,0,0,1
45,12220.8,5000.0,9,19,2,8.32,0.4091385179366326,2024,10,28,0,0,0,0,0,1,0,0,1,0,0,0,0,0,0,1,0,1
32,23019.42,5000.0,6,19,3,2.24,0.2172079053251559,2024,10,6,6,1,0,1,0,0,0,0,0,0,1,0,0,1,0,0,0,1
27,8869.04,960.01,3,2,0,2.82,0.1082428312421637,2023,3,30,3,0,0,0,0,1,0,1,0,0,0,0,0,0,0,0,1,1
24,10910.93,4270.38,6,14,3,9.12,0.3913855189246012,2023,1,8,6,1,0,0,0,1,0,0,0,0,1,1,0,0,0,0,0,1
49,14457.1,5000.0,3,0,0,8.62,0.3458508276210305,2023,4,18,1,0,0,0,0,1,0,0,1,0,0,0,0,0,1,0,0,1
53,9952.68,3863.02,3,0,0,5.02,0.3881386721968354,2024,12,28,5,1,0,0,0,1,0,0,0,0,1,1,0,0,0,0,0,0
36,21508.07,5000.0,12,2,0,2.02,0.2324708818596926,2023,6,29,3,0,0,0,1,0,0,0,0,1,0,0,0,0,0,0,1,1
51,36355.53,4089.86,9,15,2,8.08,0.1124962282216763,2024,7,20,5,1,0,1,0,0,0,0,0,0,1,0,0,0,0,1,0,0
36,63315.43,1683.02,3,7,1,7.14,0.0265815141743489,2023,1,9,0,0,0,1,0,0,0,1,0,0,0,0,0,0,0,0,1,0
43,8369.85,2312.78,6,0,0,3.29,0.2763227536933159,2023,6,10,5,1,0,0,0,1,1,0,0,0,0,0,0,0,1,0,0,1
59,68797.48,5000.0,9,0,0,6.55,0.0726770806139992,2023,1,7,5,1,1,0,0,0,0,0,0,0,1,0,0,1,0,0,0,0
25,78241.1,5000.0,9,2,0,1.23,0.0639050320100305,2023,1,14,5,1,0,1,0,0,0,1,0,0,0,0,0,0,0,0,1,0
47,62540.48,5000.0,12,0,0,3.78,0.079948219137429,2023,5,11,3,0,1,0,0,0,0,0,0,0,1,0,0,0,0,1,0,0
27,16491.55,3251.51,3,2,0,5.1,0.1971621830573839,2024,10,6,6,1,0,0,1,0,0,1,0,0,0,0,0,0,0,0,1,0
46,65797.26,5000.0,3,0,0,5.82,0.0759910063124209,2023,2,1,2,0,0,1,0,0,0,0,1,0,0,0,0,0,0,1,0,0
32,50008.35,5000.0,6,4,0,1.92,0.0999833027884343,2024,10,5,5,1,0,1,0,0,0,0,0,1,0,0,0,1,0,0,0,0
55,56711.29,100.0,12,1,0,7.31,0.0017633173218242,2023,5,5,4,0,1,0,0,0,0,0,0,1,0,0,0,0,1,0,0,0
38,15260.27,5000.0,9,13,2,2.79,0.3276482001956715,2024,7,21,6,1,0,0,0,1,0,0,1,0,0,0,0,0,1,0,0,0
35,8823.6,3708.73,9,3,0,2.81,0.4203193707783671,2024,7,23,1,0,0,0,1,0,0,1,0,0,0,0,0,0,1,0,0,0
42,48304.1,5000.0,12,6,1,4.32,0.103510882099035,2024,12,15,6,1,0,1,0,0,0,0,1,0,0,0,0,0,0,1,0,1
22,81371.1,5000.0,6,2,0,7.74,0.0614468773311409,2023,2,26,6,1,0,1,0,0,0,0,1,0,0,0,0,1,0,0,0,0
29,20716.95,2266.59,12,0,2,7.29,0.1094075141369748,2023,1,17,1,0,0,0,1,0,1,0,0,0,0,0,1,0,0,0,0,1
31,11167.58,5000.0,6,1,0,6.39,0.4477245741691575,2024,9,10,1,0,0,0,0,1,0,0,0,0,1,0,0,1,0,0,0,1
24,7088.77,2797.84,9,2,0,4.6,0.3946862431705359,2023,4,17,0,0,0,0,1,0,0,0,1,0,0,0,0,0,0,1,0,0
20,9754.91,4185.59,9,15,1,9.75,0.4290752041792287,2023,1,14,5,1,0,0,0,1,1,0,0,0,0,0,1,0,0,0,0,1
20,7535.19,2383.95,3,21,3,5.42,0.316375565845055,2023,3,5,6,1,0,0,1,0,0,0,0,0,1,0,1,0,0,0,0,1
31,67696.67,5000.0,12,4,0,3.22,0.0738588766626187,2024,9,29,6,1,0,1,0,0,1,0,0,0,0,0,1,0,0,0,0,0
26,40024.33,5000.0,9,2,0,7.75,0.1249240149678957,2023,6,6,1,0,1,0,0,0,0,0,1,0,0,0,0,1,0,0,0,1
28,5000.0,582.27,12,2,0,8.19,0.116454,2023,4,24,0,0,0,0,0,1,0,0,0,1,0,0,0,0,1,0,0,0
43,15166.89,5000.0,6,9,1,6.66,0.3296654752556391,2024,11,15,4,0,0,0,1,0,1,0,0,0,0,0,0,0,0,0,1,0
51,62728.34,5000.0,12,0,0,9.26,0.0797087887229281,2024,10,18,4,0,0,1,0,0,0,0,0,0,1,0,0,0,0,0,1,0
32,5000.0,2365.33,3,12,1,8.25,0.473066,2023,4,28,4,0,0,0,0,1,0,0,1,0,0,0,0,0,0,0,1,0
24,40859.26,3418.37,9,10,1,4.61,0.0836620633853868,2024,10,7,0,0,1,0,0,0,1,0,0,0,0,0,0,0,0,1,0,0
38,9518.62,966.49,6,20,1,5.5,0.1015367773899998,2023,1,5,3,0,0,0,1,0,0,0,0,1,0,0,0,0,0,0,1,1
31,8712.19,997.96,12,5,0,2.24,0.1145475477463186,2024,12,8,6,1,0,0,0,1,0,1,0,0,0,0,0,0,0,0,1,0
38,40997.1,5000.0,6,13,1,3.01,0.1219598459403226,2024,11,3,6,1,0,1,0,0,0,0,0,1,0,0,0,0,1,0,0,0
56,15908.25,3977.59,6,11,4,9.13,0.2500331588955416,2023,4,13,3,0,0,0,1,0,0,0,1,0,0,0,0,1,0,0,0,1
50,53421.04,5000.0,9,0,0,7.81,0.0935960812443935,2023,1,19,3,0,1,0,0,0,0,1,0,0,0,0,0,0,1,0,0,0
23,20300.64,5000.0,3,1,0,1.11,0.2462976536700321,2024,9,26,3,0,1,0,0,0,1,0,0,0,0,1,0,0,0,0,0,0
33,61091.79,2957.77,12,13,1,5.0,0.0484151798465882,2024,9,26,3,0,1,0,0,0,0,0,0,1,0,0,0,1,0,0,0,0
47,78029.06,5000.0,6,11,2,4.25,0.0640786906826764,2024,8,26,0,0,0,1,0,0,0,1,0,0,0,0,1,0,0,0,0,0
38,26718.13,5000.0,6,1,0,3.83,0.1871388454206937,2023,6,23,4,0,0,1,0,0,0,0,0,1,0,0,1,0,0,0,0,0
50,97571.53,5000.0,9,27,3,4.58,0.0512444562466121,2023,4,6,3,0,0,1,0,0,0,0,0,0,1,0,1,0,0,0,0,1
37,5745.47,1537.36,9,14,1,6.93,0.267577761262351,2024,10,22,1,0,0,0,0,1,0,0,0,0,1,0,0,0,0,0,1,0
20,38470.94,5000.0,3,9,1,4.48,0.1299682305657205,2024,7,3,2,0,0,1,0,0,0,0,1,0,0,0,0,0,0,1,0,1
23,37289.51,5000.0,3,8,1,8.65,0.134085966804069,2023,6,5,0,0,0,1,0,0,0,0,1,0,0,0,0,0,0,0,1,0
27,9292.25,1834.04,3,9,3,8.4,0.1973730797169684,2023,3,17,4,0,0,0,1,0,0,0,0,1,0,0,0,0,0,1,0,1
31,13089.28,3978.18,12,13,2,5.53,0.3039265719734011,2023,1,22,6,1,0,0,0,1,0,0,0,1,0,0,0,0,1,0,0,0
22,31297.65,5000.0,9,14,3,8.01,0.1597564034360407,2024,8,15,3,0,1,0,0,0,0,0,0,1,0,0,0,0,0,0,1,1
28,7341.19,2926.05,6,11,3,3.79,0.398579794284033,2024,8,18,6,1,0,0,0,1,0,0,0,1,0,0,0,0,1,0,0,1
44,13894.62,4935.16,6,2,0,1.24,0.3551849564795582,2023,2,16,3,0,0,0,0,1,0,0,0,1,0,0,1,0,0,0,0,0
39,50467.12,5000.0,12,0,0,3.15,0.0990744072576362,2023,2,2,3,0,1,0,0,0,1,0,0,0,0,0,0,1,0,0,0,0
55,5000.0,2702.97,6,2,0,8.37,0.5405939999999999,2024,12,5,3,0,0,0,0,1,0,0,0,1,0,0,0,0,0,1,0,0
50,6865.53,2531.67,12,18,2,1.06,0.368750846620727,2024,8,16,4,0,0,0,0,1,0,1,0,0,0,1,0,0,0,0,0,1
22,8326.72,4032.98,3,5,0,9.46,0.4843419737904001,2024,9,25,2,0,0,0,0,1,0,0,1,0,0,0,0,0,1,0,0,0
19,12621.86,5000.0,12,5,1,7.06,0.3961381286117894,2023,5,2,1,0,0,0,1,0,0,1,0,0,0,0,0,1,0,0,0,1
52,38236.0,5000.0,3,11,2,6.99,0.1307668166126163,2024,11,6,2,0,1,0,0,0,0,0,0,0,1,1,0,0,0,0,0,1
30,12432.65,1379.3,6,10,2,2.94,0.1109417541714759,2024,10,12,5,1,0,0,1,0,1,0,0,0,0,0,0,0,0,0,1,0
51,12348.35,5000.0,9,15,2,9.36,0.4049123972028651,2023,5,21,6,1,0,0,1,0,0,0,1,0,0,1,0,0,0,0,0,0
48,49353.73,5000.0,9,0,0,8.89,0.1013094653636108,2024,11,16,5,1,1,0,0,0,0,0,0,0,1,0,0,0,0,0,1,0
44,7041.72,1121.58,9,1,0,4.76,0.159276426782093,2023,3,18,5,1,0,0,0,1,0,1,0,0,0,0,0,1,0,0,0,0
19,7740.59,4790.13,12,18,2,9.4,0.6188326729616218,2024,8,17,5,1,0,0,1,0,1,0,0,0,0,0,0,0,1,0,0,0
32,55247.01,5000.0,9,13,3,5.65,0.0905026353462386,2024,9,17,1,0,1,0,0,0,0,0,0,0,1,0,0,0,0,1,0,1
26,65409.68,5000.0,12,2,1,3.53,0.0764412851431164,2023,3,22,2,0,0,1,0,0,0,0,0,1,0,0,0,0,1,0,0,0
23,5000.0,2852.34,12,19,2,1.65,0.570468,2023,1,18,2,0,0,0,0,1,0,1,0,0,0,0,0,0,0,1,0,1
21,9692.73,5000.0,12,22,2,5.46,0.5158505395280794,2024,10,12,5,1,0,0,0,1,0,1,0,0,0,0,0,0,0,1,0,1
42,16356.34,4308.73,6,7,1,4.29,0.2634287377249433,2023,1,22,6,1,0,0,1,0,1,0,0,0,0,0,0,0,0,1,0,0
48,54440.35,5000.0,3,9,1,6.13,0.0918436417106062,2024,8,30,4,0,0,1,0,0,0,0,1,0,0,0,0,0,1,0,0,1
52,14371.49,2738.45,9,1,0,3.86,0.1905473962685845,2024,9,22,6,1,0,0,0,1,1,0,0,0,0,0,0,0,1,0,0,1
42,10097.58,3739.73,3,17,1,2.6,0.370359036521622,2024,8,12,0,0,0,0,0,1,0,0,0,1,0,0,0,0,1,0,0,1
41,8005.37,922.83,9,0,0,7.83,0.1152763707361433,2023,3,7,1,0,0,0,0,1,0,0,1,0,0,0,0,0,1,0,0,0
31,7870.16,428.26,3,15,1,9.96,0.0544156662634558,2024,7,13,5,1,0,0,0,1,0,1,0,0,0,0,0,0,0,1,0,0
33,87647.72,5000.0,3,18,3,9.74,0.0570465495280424,2023,2,18,5,1,0,1,0,0,0,0,0,1,0,0,1,0,0,0,0,0
19,7231.27,1360.97,12,18,3,7.49,0.1882062210372451,2024,8,27,1,0,0,0,0,1,0,0,0,0,1,0,0,1,0,0,0,1
46,22399.08,5000.0,12,25,3,2.07,0.2232234538204247,2023,2,25,5,1,0,0,1,0,0,1,0,0,0,0,0,1,0,0,0,1
45,57512.25,5000.0,12,0,0,9.81,0.0869380001651822,2024,10,30,2,0,0,1,0,0,0,0,1,0,0,0,0,1,0,0,0,0
56,22119.88,5000.0,9,2,0,4.09,0.2260410092640647,2024,9,2,0,0,0,0,0,1,0,0,0,0,1,1,0,0,0,0,0,0
24,5000.0,1913.42,3,16,1,7.65,0.382684,2023,2,10,4,0,0,0,0,1,0,1,0,0,0,1,0,0,0,0,0,1
26,18717.19,100.0,9,18,1,5.47,0.0053426823150269,2024,11,24,6,1,0,1,0,0,0,1,0,0,0,1,0,0,0,0,0,1
21,8261.59,2914.76,12,7,1,9.83,0.3528085997973756,2023,5,4,3,0,0,0,1,0,0,0,1,0,0,0,0,0,0,1,0,1
31,41732.12,5000.0,6,12,1,6.03,0.119811790055238,2024,9,9,0,0,1,0,0,0,1,0,0,0,0,0,0,0,0,0,1,0
46,38140.83,5000.0,6,3,0,5.39,0.1310931094053275,2024,10,18,4,0,1,0,0,0,0,0,1,0,0,0,0,0,1,0,0,1
50,69201.36,5000.0,6,9,1,1.55,0.0722529152606249,2023,4,27,3,0,1,0,0,0,1,0,0,0,0,0,1,0,0,0,0,0
58,74680.22,5000.0,12,19,2,6.35,0.0669521327066256,2024,8,19,0,0,1,0,0,0,0,0,0,0,1,0,0,0,1,0,0,0
48,14454.45,3847.57,9,17,2,1.89,0.2661858458813722,2023,2,28,1,0,0,0,1,0,0,0,0,0,1,0,1,0,0,0,0,1
38,17376.52,5000.0,6,1,0,3.33,0.2877446116944014,2023,3,10,4,0,0,0,1,0,0,0,0,0,1,1,0,0,0,0,0,0
57,99814.85,5000.0,6,2,0,1.36,0.0500927467205531,2024,12,7,5,1,0,1,0,0,0,1,0,0,0,1,0,0,0,0,0,0
52,43257.85,5000.0,12,2,0,9.49,0.1155859572308841,2024,8,15,3,0,1,0,0,0,0,1,0,0,0,0,1,0,0,0,0,0
54,48189.29,5000.0,12,13,2,4.78,0.1037574946632332,2023,6,27,1,0,1,0,0,0,0,0,0,1,0,0,1,0,0,0,0,1
49,54914.86,5000.0,6,0,0,3.0,0.0910500363653845,2024,12,30,0,0,1,0,0,0,1,0,0,0,0,0,0,0,1,0,0,0
51,99270.89,5000.0,6,5,0,2.18,0.0503672325290928,2024,10,4,4,0,0,1,0,0,0,1,0,0,0,0,0,0,0,0,1,0
21,8043.55,4859.47,9,13,1,7.06,0.6041449360046248,2024,8,9,4,0,0,0,0,1,0,0,0,1,0,0,0,0,0,1,0,1
51,11480.88,3000.29,12,9,1,8.14,0.2613292709269673,2023,4,11,1,0,0,0,0,1,0,0,0,0,1,0,1,0,0,0,0,1
26,9752.78,3228.85,9,16,1,4.9,0.3310697052532713,2023,1,5,3,0,0,0,0,1,1,0,0,0,0,0,1,0,0,0,0,1
41,12381.66,5000.0,9,3,1,4.33,0.4038230738043202,2024,10,8,1,0,0,0,1,0,1,0,0,0,0,0,0,0,1,0,0,0
18,14127.07,2091.17,6,2,0,2.37,0.1480257406525203,2024,9,11,2,0,0,0,0,1,0,0,0,1,0,0,1,0,0,0,0,1
35,5000.0,2383.87,9,7,1,7.65,0.476774,2024,7,6,5,1,0,0,0,1,0,1,0,0,0,0,1,0,0,0,0,0
42,79442.33,5000.0,6,2,0,4.47,0.062938738075784,2023,5,3,2,0,1,0,0,0,0,0,0,0,1,0,0,0,1,0,0,0
33,63370.9,5000.0,6,2,0,2.76,0.0789005679262879,2023,2,11,5,1,1,0,0,0,0,0,0,1,0,0,0,0,0,1,0,0
42,116910.64,5000.0,9,8,1,3.83,0.0427677070282054,2024,9,6,4,0,0,1,0,0,0,0,0,0,1,1,0,0,0,0,0,0
32,5000.0,2314.5,6,1,0,4.32,0.4629,2023,1,16,0,0,0,0,1,0,0,0,1,0,0,0,0,0,0,1,0,0
22,7671.72,2432.31,6,10,1,9.03,0.3170488495409113,2024,7,1,0,0,0,0,0,1,0,1,0,0,0,0,0,0,0,1,0,1
27,11599.26,1899.38,12,9,1,6.6,0.1637501012995656,2024,8,24,5,1,0,0,1,0,0,0,1,0,0,0,0,0,0,0,1,0
49,17647.58,174.74,12,5,1,2.34,0.0099016409048719,2024,11,2,5,1,0,0,1,0,0,0,0,0,1,0,0,1,0,0,0,0
31,41778.66,5000.0,6,0,0,3.1,0.1196783238141194,2023,6,2,4,0,0,1,0,0,0,0,1,0,0,1,0,0,0,0,0,0
30,5000.0,1486.38,3,21,3,7.44,0.297276,2024,7,9,1,0,0,0,0,1,0,0,0,1,0,0,1,0,0,0,0,1
59,11259.11,2405.23,9,17,3,3.71,0.2136252332555592,2023,1,27,4,0,0,0,0,1,0,1,0,0,0,0,0,0,0,1,0,1
22,59629.27,5000.0,9,14,3,9.13,0.0838514373897248,2023,6,6,1,0,0,1,0,0,0,0,0,1,0,0,1,0,0,0,0,1
59,42528.66,5000.0,6,18,3,9.7,0.1175677766475595,2023,4,6,3,0,1,0,0,0,0,0,1,0,0,0,1,0,0,0,0,1
40,36973.99,5000.0,6,2,0,1.65,0.1352301983096766,2023,4,2,6,1,1,0,0,0,0,0,0,1,0,0,0,0,1,0,0,0
47,11157.42,5000.0,3,21,3,9.7,0.4481322743071427,2024,7,9,1,0,0,0,0,1,0,1,0,0,0,0,0,0,0,1,0,1
57,23948.77,4387.19,12,9,2,1.35,0.1831906189754212,2023,6,23,4,0,0,0,0,1,1,0,0,0,0,0,1,0,0,0,0,0
46,62776.23,5000.0,6,15,2,9.05,0.0796479814095239,2024,8,7,2,0,1,0,0,0,0,0,1,0,0,1,0,0,0,0,0,0
58,8722.37,200.49,12,0,0,3.56,0.0229857252100059,2023,6,15,3,0,0,0,0,1,1,0,0,0,0,0,0,0,1,0,0,0
42,75288.35,5000.0,3,0,0,3.43,0.0664113372121981,2023,6,21,2,0,1,0,0,0,0,0,0,1,0,0,0,1,0,0,0,0
28,62459.48,5000.0,9,10,1,3.41,0.08005189924732,2023,2,11,5,1,1,0,0,0,0,0,1,0,0,0,0,0,0,1,0,0
40,17738.04,5000.0,6,1,0,1.17,0.2818800724319034,2023,4,20,3,0,0,0,1,0,0,1,0,0,0,0,1,0,0,0,0,0
40,77745.47,5000.0,9,0,0,9.69,0.0643124287498679,2023,6,18,6,1,0,1,0,0,0,0,0,1,0,0,0,0,1,0,0,0
45,9953.39,2500.13,12,23,2,9.13,0.2511837675405063,2024,7,10,2,0,0,0,0,1,0,1,0,0,0,0,0,0,0,0,1,1
20,45056.75,2990.76,9,19,3,5.31,0.0663776237744622,2023,3,31,4,0,1,0,0,0,0,0,0,1,0,0,0,0,0,1,0,1
56,77554.21,5000.0,6,19,3,2.41,0.0644710325848203,2024,10,28,0,0,0,1,0,0,0,0,1,0,0,0,0,0,0,1,0,1
38,55420.85,5000.0,6,0,0,7.41,0.0902187534113966,2023,1,13,4,0,1,0,0,0,1,0,0,0,0,0,0,0,1,0,0,1
18,35844.83,5000.0,3,0,0,2.89,0.1394901300968647,2024,12,16,0,0,0,1,0,0,0,0,1,0,0,0,0,0,0,1,0,1
59,13257.38,3230.76,6,19,1,2.67,0.2436952097624116,2024,7,6,5,1,0,0,0,1,0,0,1,0,0,0,0,0,0,1,0,1
47,13577.06,2779.51,6,22,3,8.11,0.2047210515384037,2024,11,26,1,0,0,0,0,1,0,0,0,0,1,0,1,0,0,0,0,1
37,89715.73,5000.0,6,5,0,5.04,0.0557315868688801,2023,1,1,6,1,0,1,0,0,0,0,0,0,1,1,0,0,0,0,0,0
55,5000.0,187.08,6,11,2,9.41,0.037416,2023,3,13,0,0,0,0,0,1,0,0,1,0,0,0,0,1,0,0,0,1
59,68644.69,5000.0,3,4,0,5.58,0.0728388459471519,2023,6,11,6,1,1,0,0,0,0,0,0,1,0,0,1,0,0,0,0,0
20,6384.13,3512.35,9,5,1,9.52,0.550168934529842,2023,4,29,5,1,0,0,0,1,0,0,0,1,0,0,0,0,1,0,0,0
47,14751.35,5000.0,3,15,1,3.02,0.3389520281194602,2023,2,16,3,0,1,0,0,0,0,0,1,0,0,0,0,0,1,0,0,0
48,8097.81,2447.64,6,5,1,3.51,0.3022594997906841,2023,5,18,3,0,0,0,0,1,0,0,0,0,1,0,0,0,1,0,0,1
45,47083.87,5000.0,3,16,1,3.02,0.1061934798477695,2023,6,9,4,0,1,0,0,0,1,0,0,0,0,0,1,0,0,0,0,1
26,55878.48,5000.0,9,1,0,8.01,0.0894798856375477,2024,10,8,1,0,0,1,0,0,0,0,1,0,0,0,1,0,0,0,0,0
55,5000.0,2055.19,3,22,2,8.03,0.411038,2023,1,29,6,1,0,0,0,1,0,0,0,0,1,1,0,0,0,0,0,1
31,9899.61,4566.69,9,5,1,5.16,0.4612999906056904,2024,9,16,0,0,0,0,1,0,0,0,0,1,0,0,0,0,1,0,0,0
38,70993.55,5000.0,6,11,2,4.78,0.070428933332676,2024,10,13,6,1,1,0,0,0,0,0,0,1,0,1,0,0,0,0,0,0
36,12150.89,616.47,9,8,2,4.36,0.0507345552465704,2024,9,13,4,0,0,0,1,0,0,1,0,0,0,0,0,0,0,1,0,1
32,45973.53,5000.0,3,14,2,9.53,0.1087582354454835,2024,7,16,1,0,1,0,0,0,0,0,1,0,0,1,0,0,0,0,0,0
40,45299.59,5000.0,3,3,0,5.09,0.1103762749287576,2024,12,29,6,1,1,0,0,0,0,0,0,0,1,1,0,0,0,0,0,0
50,12733.89,5000.0,9,4,0,4.64,0.392652991348284,2024,11,13,2,0,0,0,0,1,0,0,0,1,0,0,0,1,0,0,0,1
44,42177.5,5000.0,6,0,0,9.59,0.1185466184577084,2023,3,31,4,0,1,0,0,0,0,1,0,0,0,1,0,0,0,0,0,0
46,60987.15,5000.0,6,22,5,3.18,0.0819844836166307,2024,12,11,2,0,1,0,0,0,0,0,0,0,1,0,0,0,0,0,1,0
40,16042.29,3558.36,9,11,2,1.92,0.221811225205379,2023,4,30,6,1,0,0,1,0,0,1,0,0,0,0,0,0,0,0,1,1
35,55123.44,5000.0,6,14,1,8.94,0.0907055147501679,2023,5,15,0,0,1,0,0,0,0,0,0,1,0,1,0,0,0,0,0,0
37,14542.34,5000.0,12,18,1,6.07,0.3438236212328965,2024,8,18,6,1,0,0,1,0,0,0,0,1,0,0,0,0,0,0,1,1
30,12180.04,5000.0,3,15,1,7.72,0.4105076830617961,2023,2,25,5,1,0,0,0,1,0,0,1,0,0,0,0,1,0,0,0,1
50,14553.71,5000.0,9,9,2,2.69,0.3435550110590358,2024,9,10,1,0,0,0,0,1,0,0,1,0,0,0,1,0,0,0,0,1
56,15841.49,5000.0,3,14,1,9.16,0.3156268760072442,2023,2,3,4,0,0,0,0,1,0,0,0,1,0,0,0,0,0,1,0,0
42,23005.68,5000.0,6,14,1,8.43,0.2173376314023319,2023,2,19,6,1,0,0,1,0,1,0,0,0,0,0,0,1,0,0,0,0
19,9484.7,4412.79,12,0,0,4.41,0.465253513553407,2024,9,29,6,1,0,0,0,1,0,1,0,0,0,0,0,0,0,0,1,0
36,76101.52,5000.0,6,10,1,6.93,0.0657017100315473,2023,6,24,5,1,0,1,0,0,0,1,0,0,0,0,0,0,1,0,0,0
24,6706.08,370.39,3,20,1,2.34,0.0552319686016271,2024,12,24,1,0,0,0,0,1,0,0,0,0,1,0,0,0,0,1,0,1
57,9004.49,3224.85,6,12,2,3.54,0.3581379955999729,2024,11,18,0,0,0,0,1,0,0,0,0,1,0,0,0,1,0,0,0,0
30,43961.25,5000.0,6,3,0,6.8,0.1137365293298075,2023,4,7,4,0,0,1,0,0,0,0,1,0,0,0,0,0,0,1,0,0
53,75086.1,100.0,6,12,1,8.6,0.001331804421857,2023,5,5,4,0,0,1,0,0,1,0,0,0,0,1,0,0,0,0,0,0
41,7273.45,3701.25,9,11,1,6.65,0.5088713059139748,2024,10,21,0,0,0,1,0,0,1,0,0,0,0,0,0,0,0,1,0,0
25,66938.49,5000.0,12,6,1,9.78,0.0746954405454918,2024,12,13,4,0,0,1,0,0,0,1,0,0,0,0,0,0,0,0,1,0
36,30874.11,5000.0,12,1,0,8.69,0.1619479881363381,2023,3,22,2,0,1,0,0,0,0,0,1,0,0,0,0,1,0,0,0,1
19,6856.1,863.98,9,13,3,5.0,0.1260162483044296,2023,5,2,1,0,0,0,0,1,0,0,0,0,1,0,0,0,0,1,0,1
21,50446.71,5000.0,6,0,0,2.51,0.0991144913117228,2024,10,11,4,0,1,0,0,0,0,0,0,0,1,0,0,0,1,0,0,0
33,15300.52,3547.54,12,17,2,9.92,0.2318574793536428,2024,10,24,3,0,0,0,1,0,1,0,0,0,0,0,0,0,0,1,0,0
45,63955.21,5000.0,12,16,2,3.51,0.0781797135839285,2023,4,5,2,0,1,0,0,0,0,0,0,0,1,1,0,0,0,0,0,0
30,11824.59,1027.84,6,11,2,9.43,0.0869239440860105,2024,11,19,1,0,0,0,0,1,0,1,0,0,0,0,1,0,0,0,0,0
46,27652.41,5000.0,3,0,0,5.29,0.1808160663030817,2023,1,6,4,0,1,0,0,0,0,0,1,0,0,0,1,0,0,0,0,1
52,11152.27,389.89,12,0,0,5.64,0.0349605954662145,2024,10,31,3,0,0,0,1,0,0,0,0,0,1,0,0,0,0,1,0,0
41,9546.66,4030.53,6,6,0,2.17,0.4221926830954491,2023,3,1,2,0,0,0,1,0,0,0,0,1,0,0,0,0,0,0,1,0
55,83749.45,5000.0,9,0,0,4.84,0.0597018846093914,2023,1,29,6,1,1,0,0,0,0,0,1,0,0,0,0,0,0,1,0,0
21,9875.73,2062.06,9,10,1,7.29,0.2088007671331638,2023,4,30,6,1,0,0,0,1,0,0,0,1,0,0,0,0,0,0,1,0
20,30836.65,5000.0,6,2,0,6.27,0.162144720648968,2024,7,18,3,0,0,1,0,0,1,0,0,0,0,0,0,0,1,0,0,0
25,57737.19,5000.0,12,16,1,1.55,0.086599295878445,2023,5,15,0,0,0,1,0,0,0,0,0,0,1,0,0,1,0,0,0,0
29,10003.49,2384.77,3,0,0,4.92,0.2383938005636033,2024,11,1,4,0,0,0,1,0,0,1,0,0,0,0,0,0,1,0,0,1
44,14871.42,4866.82,6,0,0,3.86,0.3272599388625968,2024,8,15,3,0,0,0,0,1,1,0,0,0,0,0,1,0,0,0,0,1
59,89846.93,5000.0,3,9,1,4.1,0.0556502041861641,2023,5,21,6,1,0,1,0,0,0,1,0,0,0,0,1,0,0,0,0,0
44,24652.66,4261.07,6,17,3,6.07,0.1728442285741173,2024,7,17,2,0,0,0,1,0,0,0,0,0,1,0,0,1,0,0,0,1
50,22312.53,5000.0,12,1,0,4.91,0.2240893345577574,2024,8,13,1,0,0,0,0,1,1,0,0,0,0,0,0,1,0,0,0,0
40,8799.47,2917.0,12,0,0,3.27,0.3314972379018282,2023,3,9,3,0,0,0,1,0,0,0,0,0,1,0,0,0,0,1,0,1
28,88886.19,5000.0,9,1,0,1.14,0.0562517079424824,2023,2,24,4,0,0,1,0,0,1,0,0,0,0,0,0,0,1,0,0,0
40,15423.99,3166.69,9,20,1,9.74,0.2053093914090971,2024,8,20,1,0,0,0,1,0,1,0,0,0,0,0,0,0,0,0,1,0
21,26760.17,3793.76,6,21,1,8.28,0.1417689050555359,2024,9,26,3,0,0,1,0,0,1,0,0,0,0,0,1,0,0,0,0,1
54,18393.91,4586.34,3,24,1,9.25,0.249340134859853,2023,2,9,3,0,0,0,0,1,1,0,0,0,0,0,0,0,0,0,1,1
48,48358.36,5000.0,12,16,1,6.96,0.1033947387793961,2023,3,12,6,1,1,0,0,0,0,0,0,0,1,1,0,0,0,0,0,0
51,52111.53,5000.0,9,7,1,4.92,0.0959480560252212,2023,3,11,5,1,0,1,0,0,0,0,1,0,0,0,0,0,1,0,0,1
38,43472.65,5000.0,9,14,1,4.38,0.1150148426654459,2023,2,17,4,0,1,0,0,0,0,0,0,1,0,0,0,0,0,0,1,1
44,18921.56,5000.0,12,2,1,4.83,0.2642488251497233,2023,5,29,0,0,0,0,1,0,0,0,0,0,1,0,1,0,0,0,0,0
45,55341.72,5000.0,6,0,0,6.83,0.0903477521117883,2023,6,25,6,1,0,1,0,0,0,0,0,1,0,0,1,0,0,0,0,0
42,16244.82,4640.49,12,19,3,4.4,0.2856596748994449,2023,5,17,2,0,0,0,0,1,1,0,0,0,0,0,0,0,1,0,0,1
38,14602.05,5000.0,12,9,1,6.69,0.3424176742306731,2024,12,5,3,0,0,0,1,0,1,0,0,0,0,0,1,0,0,0,0,0
56,20799.43,5000.0,6,13,3,6.89,0.2403912030281599,2023,6,22,3,0,0,0,1,0,1,0,0,0,0,0,0,0,0,1,0,1
52,42403.45,5000.0,9,2,0,3.6,0.1179149338084519,2024,10,6,6,1,0,1,0,0,0,0,0,1,0,0,0,1,0,0,0,0
53,21933.09,4903.46,3,1,0,7.37,0.2235644863537239,2024,9,9,0,0,0,0,1,0,0,0,0,0,1,0,0,0,0,0,1,0
42,5000.0,2148.83,3,15,1,9.06,0.429766,2023,3,26,6,1,0,0,0,1,0,0,0,0,1,1,0,0,0,0,0,0
22,29299.97,5000.0,12,11,1,6.11,0.1706486388893913,2023,6,21,2,0,0,1,0,0,0,0,1,0,0,0,1,0,0,0,0,0
39,16221.93,5000.0,3,15,3,7.71,0.3082247303495946,2024,7,23,1,0,0,0,1,0,0,0,1,0,0,0,1,0,0,0,0,1
55,15564.0,5000.0,12,5,0,5.94,0.321254176304292,2024,11,10,6,1,0,0,1,0,0,0,0,0,1,0,0,0,0,1,0,0
53,17205.07,5000.0,6,2,0,3.86,0.2906120114594128,2024,7,26,4,0,0,0,1,0,0,0,1,0,0,0,0,1,0,0,0,0
56,65791.19,5000.0,3,11,2,9.46,0.075998017363723,2023,3,29,2,0,0,1,0,0,0,1,0,0,0,0,0,0,0,0,1,1
55,75369.47,5000.0,3,9,1,4.53,0.066339858831434,2023,3,16,3,0,1,0,0,0,0,0,0,0,1,0,0,0,0,0,1,0
18,12262.81,5000.0,12,1,0,6.88,0.4077368890164652,2024,9,22,6,1,0,0,0,1,1,0,0,0,0,0,0,1,0,0,0,0
42,61569.21,5000.0,3,3,0,4.79,0.0812094226968317,2023,6,7,2,0,1,0,0,0,1,0,0,0,0,0,0,0,1,0,0,0
57,26722.63,3716.41,9,9,2,6.56,0.1390735118511913,2023,5,22,0,0,0,0,1,0,0,1,0,0,0,0,0,1,0,0,0,0
22,29139.6,5000.0,3,20,2,2.81,0.1715878049115293,2024,7,6,5,1,1,0,0,0,0,0,1,0,0,0,0,0,1,0,0,1
21,34633.66,5000.0,12,9,1,2.67,0.1443682244383065,2023,2,5,6,1,0,1,0,0,0,0,1,0,0,0,1,0,0,0,0,1
41,24558.45,5000.0,9,0,0,4.86,0.2035959109797238,2023,1,19,3,0,0,1,0,0,0,1,0,0,0,1,0,0,0,0,0,1
46,16038.22,4537.37,6,3,0,3.99,0.2829098241575437,2023,3,18,5,1,0,0,0,1,0,1,0,0,0,0,1,0,0,0,0,1
37,46626.15,5000.0,9,1,0,9.87,0.1072359609360841,2024,8,11,6,1,1,0,0,0,0,0,1,0,0,1,0,0,0,0,0,1
55,35136.57,5000.0,3,6,0,3.36,0.1423018809178016,2023,1,20,4,0,1,0,0,0,0,0,0,1,0,0,0,1,0,0,0,0
32,19692.35,2452.58,6,10,2,7.03,0.1245448105482586,2023,3,3,4,0,0,0,1,0,0,0,0,0,1,1,0,0,0,0,0,0
36,77068.18,5000.0,9,0,0,2.54,0.0648776187526421,2023,1,27,4,0,1,0,0,0,0,1,0,0,0,1,0,0,0,0,0,0
27,77243.92,5000.0,3,15,1,3.85,0.0647300137020493,2024,11,26,1,0,0,1,0,0,1,0,0,0,0,1,0,0,0,0,0,0
21,34445.31,5000.0,6,3,1,1.2,0.1451576426514959,2024,8,20,1,0,1,0,0,0,0,1,0,0,0,1,0,0,0,0,0,0
45,16418.23,2301.21,6,2,0,6.21,0.1401618810310246,2023,2,20,0,0,0,0,1,0,1,0,0,0,0,0,0,0,1,0,0,1
27,89510.3,5000.0,6,0,0,7.3,0.0558594932650209,2023,2,25,5,1,0,1,0,0,0,0,0,0,1,0,0,1,0,0,0,0
59,13172.09,1565.53,3,20,1,8.27,0.118852057646129,2024,10,10,3,0,0,0,1,0,1,0,0,0,0,0,0,1,0,0,0,0
59,55778.03,5000.0,9,5,1,3.71,0.0896410289140724,2023,4,15,5,1,1,0,0,0,0,0,0,0,1,0,1,0,0,0,0,0
24,19270.58,2341.23,9,15,1,4.39,0.1214924511872501,2023,3,17,4,0,0,0,1,0,0,1,0,0,0,0,0,0,0,1,0,0
30,55178.05,5000.0,3,10,1,5.93,0.0906157430355005,2024,11,5,1,0,0,1,0,0,0,0,1,0,0,0,0,0,0,0,1,0
20,32385.29,5000.0,3,0,0,1.64,0.1543910831121166,2024,10,17,3,0,1,0,0,0,0,0,0,1,0,0,0,0,1,0,0,1
26,51543.94,5000.0,9,11,1,3.15,0.0970046139274568,2024,9,27,4,0,0,1,0,0,0,1,0,0,0,0,0,0,0,1,0,0
54,6716.65,3771.45,12,15,2,8.75,0.5615075967930442,2023,4,26,2,0,0,0,1,0,0,1,0,0,0,0,1,0,0,0,0,1
39,43153.49,5000.0,9,4,0,8.06,0.1158654838809097,2024,8,22,3,0,0,1,0,0,0,0,0,0,1,0,1,0,0,0,0,0
51,17724.67,5000.0,12,2,0,9.33,0.2820926990460189,2023,3,8,2,0,0,0,1,0,0,1,0,0,0,0,0,0,1,0,0,0
33,5000.0,100.0,9,0,0,2.04,0.02,2024,12,15,6,1,0,0,0,1,0,0,1,0,0,0,0,0,0,0,1,0
44,6381.74,1884.67,6,11,1,4.33,0.2953222788769207,2024,8,10,5,1,0,0,1,0,0,0,0,0,1,0,0,0,0,1,0,0
46,58243.48,5000.0,12,10,1,3.37,0.0858465187863087,2024,7,5,4,0,0,1,0,0,0,0,0,1,0,0,0,0,0,0,1,0
58,6640.68,1633.84,12,9,3,9.91,0.2460350446038658,2023,6,24,5,1,0,0,0,1,0,0,0,1,0,0,0,0,0,0,1,1
22,42544.61,5000.0,6,5,0,2.25,0.1175237004170446,2024,7,13,5,1,0,1,0,0,0,0,0,1,0,0,0,0,0,1,0,0
36,16211.21,5000.0,3,9,2,8.57,0.3084285503673076,2024,7,7,6,1,0,0,1,0,0,0,0,1,0,0,0,1,0,0,0,0
42,11129.04,2300.32,6,14,1,7.06,0.2066952765018366,2024,7,1,0,0,0,0,0,1,0,0,1,0,0,0,0,1,0,0,0,1
19,48467.03,5000.0,3,15,1,6.24,0.1031629130153013,2024,9,20,4,0,0,1,0,0,0,1,0,0,0,0,0,0,1,0,0,0
40,63698.56,5000.0,6,9,2,3.33,0.0784947100844979,2023,6,28,2,0,0,1,0,0,0,0,0,0,1,0,0,0,1,0,0,0
57,45279.0,5000.0,3,10,1,5.42,0.1104264670156143,2024,9,12,3,0,0,1,0,0,0,0,0,0,1,0,0,1,0,0,0,0
22,29355.04,5000.0,6,4,1,3.17,0.1703285023627969,2023,6,17,5,1,1,0,0,0,0,1,0,0,0,0,0,0,0,1,0,0
23,14659.34,4502.25,3,12,1,4.39,0.3071250138137187,2024,8,15,3,0,0,0,0,1,1,0,0,0,0,0,0,0,0,0,1,0
36,9086.35,3036.29,12,10,1,2.27,0.3341594809797113,2023,5,28,6,1,0,0,0,1,0,0,1,0,0,0,0,0,0,0,1,1
19,6265.73,1673.78,12,7,1,5.09,0.2671324809718899,2024,10,31,3,0,0,0,0,1,0,0,1,0,0,0,0,0,1,0,0,1
54,14675.73,5000.0,9,12,1,2.68,0.3406985546885913,2023,3,19,6,1,0,0,1,0,0,0,0,1,0,1,0,0,0,0,0,0
35,19076.2,4593.29,6,3,0,6.96,0.2407864249693335,2023,6,22,3,0,0,0,1,0,0,0,0,1,0,0,0,0,0,0,1,1
38,17190.68,5000.0,3,18,3,4.89,0.2908552773944951,2024,8,21,2,0,0,0,1,0,0,0,0,0,1,0,1,0,0,0,0,1
48,74059.82,5000.0,6,5,0,9.02,0.0675129915249591,2024,9,26,3,0,0,1,0,0,0,0,0,1,0,0,1,0,0,0,0,0
20,6511.31,2751.12,9,2,0,7.6,0.4225140563112491,2024,10,26,5,1,0,0,0,1,0,0,0,0,1,0,0,0,0,0,1,0
43,58751.91,5000.0,12,15,1,3.1,0.085103616205839,2023,2,21,1,0,1,0,0,0,0,0,0,1,0,0,0,0,1,0,0,0
45,17759.93,4423.92,12,4,0,8.57,0.2490955763902222,2023,1,9,0,0,0,0,1,0,0,0,0,1,0,0,0,1,0,0,0,1
30,8754.36,3615.13,6,5,0,1.91,0.4129519462302212,2023,4,16,6,1,0,0,1,0,0,0,0,1,0,0,0,1,0,0,0,0
56,10034.31,1869.71,6,0,0,4.01,0.1863316959511914,2023,3,24,4,0,0,0,0,1,1,0,0,0,0,1,0,0,0,0,0,1
38,68685.02,5000.0,6,3,0,3.3,0.0727960769320588,2024,10,24,3,0,1,0,0,0,0,0,0,1,0,0,1,0,0,0,0,0
54,87007.83,5000.0,9,16,1,1.79,0.0574660924194983,2023,3,10,4,0,0,1,0,0,1,0,0,0,0,0,0,0,0,0,1,0
51,20022.89,5000.0,9,8,2,9.22,0.2497142020957014,2023,4,4,1,0,0,0,1,0,0,0,0,0,1,0,0,1,0,0,0,1
27,5000.0,1922.89,12,0,0,7.36,0.384578,2023,5,8,0,0,0,0,0,1,0,0,0,0,1,1,0,0,0,0,0,1
43,22003.15,5000.0,9,2,0,2.99,0.2272401906090718,2023,6,2,4,0,0,0,1,0,0,0,0,1,0,0,1,0,0,0,0,1
46,50421.43,5000.0,6,11,1,4.65,0.0991641847523959,2023,6,16,4,0,0,1,0,0,1,0,0,0,0,1,0,0,0,0,0,1
50,51225.19,5000.0,3,3,0,6.5,0.097608227514627,2023,3,9,3,0,1,0,0,0,0,0,0,1,0,0,0,0,1,0,0,0
26,44956.35,5000.0,12,0,0,1.68,0.1112189935348399,2024,7,31,2,0,1,0,0,0,1,0,0,0,0,1,0,0,0,0,0,1
31,61691.58,5000.0,12,13,3,4.96,0.0810483375527097,2024,12,26,3,0,1,0,0,0,1,0,0,0,0,0,0,0,0,0,1,1
18,11620.59,5000.0,9,6,2,5.51,0.4302707521735127,2023,3,7,1,0,0,0,0,1,0,1,0,0,0,0,0,0,0,0,1,1
42,14018.8,5000.0,12,9,3,8.68,0.3566639084657745,2023,4,19,2,0,0,0,1,0,0,0,1,0,0,0,1,0,0,0,0,1
20,41582.26,5000.0,3,19,2,3.33,0.1202435846440284,2023,4,5,2,0,0,1,0,0,0,1,0,0,0,1,0,0,0,0,0,0
59,19560.91,5000.0,3,9,1,7.27,0.2556118299199781,2023,2,5,6,1,0,0,0,1,0,0,1,0,0,0,0,0,0,0,1,1
47,68598.89,5000.0,12,1,0,2.39,0.0728874767507171,2024,12,19,3,0,1,0,0,0,1,0,0,0,0,1,0,0,0,0,0,0
27,6251.83,1795.37,6,3,2,3.55,0.287175115126291,2023,6,1,3,0,0,0,0,1,0,0,0,0,1,0,0,1,0,0,0,0
35,49584.18,4889.19,9,17,2,2.22,0.0986038288825185,2024,12,8,6,1,1,0,0,0,1,0,0,0,0,1,0,0,0,0,0,1
36,48730.16,5000.0,12,12,3,3.94,0.102605860518414,2024,11,17,6,1,1,0,0,0,0,0,0,1,0,0,0,0,0,1,0,0
29,49171.59,5000.0,3,0,0,6.1,0.1016847329931775,2024,7,11,3,0,1,0,0,0,1,0,0,0,0,1,0,0,0,0,0,0
19,30151.16,5000.0,12,3,0,5.3,0.1658310990356589,2023,2,23,3,0,1,0,0,0,1,0,0,0,0,0,0,0,0,1,0,0
33,5000.0,2491.94,12,0,0,8.01,0.498388,2023,4,9,6,1,0,0,0,1,0,1,0,0,0,0,0,1,0,0,0,1
55,14410.75,3769.43,3,9,1,8.38,0.2615707024270076,2024,8,1,3,0,0,0,1,0,0,0,0,1,0,0,0,1,0,0,0,0
49,17831.42,2936.99,6,2,0,4.8,0.1647086995875819,2023,5,10,2,0,0,0,1,0,1,0,0,0,0,0,0,1,0,0,0,1
21,43869.66,5000.0,12,13,4,6.38,0.1139739856657197,2024,7,16,1,0,0,1,0,0,1,0,0,0,0,0,1,0,0,0,0,1
51,22806.94,5000.0,3,7,0,1.01,0.2192315146179189,2023,3,8,2,0,0,0,1,0,1,0,0,0,0,1,0,0,0,0,0,0
41,59016.83,5000.0,12,5,1,7.04,0.0847215955177531,2023,5,9,1,0,1,0,0,0,0,0,0,1,0,0,0,0,1,0,0,0
25,97380.91,5000.0,9,17,1,1.7,0.0513447656219273,2024,9,15,6,1,0,1,0,0,0,0,0,1,0,0,0,1,0,0,0,1
53,7954.77,3931.77,12,0,0,3.3,0.4942657047281065,2023,5,15,0,0,0,0,0,1,0,1,0,0,0,0,0,0,0,0,1,1
21,30512.44,4397.36,9,14,2,2.9,0.1441169568870926,2024,11,2,5,1,1,0,0,0,1,0,0,0,0,1,0,0,0,0,0,0
46,53388.06,4331.56,12,23,2,9.46,0.0811334968905032,2024,8,20,1,0,1,0,0,0,0,0,1,0,0,0,0,0,0,0,1,1
38,5000.0,1822.72,9,14,1,7.4,0.364544,2023,2,5,6,1,0,0,0,1,0,0,1,0,0,0,0,0,0,1,0,1
19,52914.72,4347.97,12,20,3,5.55,0.0821693850028876,2024,12,10,1,0,1,0,0,0,0,0,1,0,0,0,1,0,0,0,0,1
53,57839.05,5000.0,3,16,1,1.16,0.0864467863839395,2024,7,18,3,0,0,1,0,0,0,0,0,0,1,1,0,0,0,0,0,0
36,16904.74,4420.43,3,2,0,1.98,0.2614905641849564,2023,4,12,2,0,0,0,1,0,0,0,1,0,0,0,0,0,0,1,0,0
31,62192.67,5000.0,9,25,4,7.57,0.0803953263302572,2023,1,16,0,0,0,1,0,0,0,0,0,1,0,0,0,0,0,1,0,1
50,19488.96,5000.0,3,15,2,8.99,0.2565555062968984,2023,3,18,5,1,0,0,1,0,0,0,0,1,0,0,0,0,0,0,1,0
40,44142.16,5000.0,12,9,1,5.66,0.1132703972800606,2024,12,30,0,0,1,0,0,0,1,0,0,0,0,0,0,1,0,0,0,1
58,15371.93,5000.0,12,8,1,6.28,0.3252681998942228,2023,5,18,3,0,0,0,0,1,0,0,0,1,0,0,0,0,0,0,1,0
31,69916.26,5000.0,6,9,1,5.03,0.0715141227519893,2023,1,16,0,0,0,1,0,0,0,0,1,0,0,1,0,0,0,0,0,0
55,60843.76,5000.0,3,14,2,2.19,0.0821776957900037,2023,4,7,4,0,0,1,0,0,0,1,0,0,0,0,1,0,0,0,0,0
46,51135.16,5000.0,9,10,1,5.71,0.0977800793035555,2023,1,19,3,0,0,1,0,0,0,0,0,0,1,0,0,0,1,0,0,0
44,7138.08,2115.43,3,0,0,1.55,0.2963584045009302,2023,4,26,2,0,0,0,0,1,0,0,0,0,1,0,0,0,1,0,0,1
51,8493.7,3392.8,12,15,2,4.27,0.399449003378975,2024,11,8,4,0,0,0,1,0,0,0,0,1,0,0,0,1,0,0,0,1
54,5000.0,693.43,9,22,3,3.72,0.138686,2024,7,17,2,0,0,0,0,1,0,0,0,1,0,1,0,0,0,0,0,1
26,7460.69,680.76,6,0,0,2.3,0.091246252022266,2024,10,22,1,0,0,0,0,1,0,0,1,0,0,0,0,0,1,0,0,1
19,48705.99,100.0,6,4,1,9.48,0.0020531355588912,2023,6,27,1,0,1,0,0,0,0,1,0,0,0,0,0,0,0,0,1,0
20,5000.0,3076.26,3,0,1,9.17,0.615252,2023,5,11,3,0,0,0,1,0,0,0,0,1,0,0,0,0,0,1,0,0
25,37035.35,5000.0,6,3,0,5.24,0.1350061495301111,2024,12,14,5,1,1,0,0,0,0,0,0,1,0,1,0,0,0,0,0,0
46,15137.76,3679.75,3,4,2,7.37,0.2430841815433723,2023,2,22,2,0,0,0,1,0,0,0,1,0,0,0,1,0,0,0,0,0
41,23973.3,5000.0,9,19,2,7.18,0.2085653622988908,2024,12,21,5,1,0,0,1,0,0,0,1,0,0,0,0,0,1,0,0,1
52,70165.79,5000.0,3,13,1,3.19,0.0712597976877335,2023,4,10,0,0,0,1,0,0,0,1,0,0,0,0,1,0,0,0,0,0
48,77116.68,5000.0,6,0,0,9.58,0.0648368161077473,2024,11,1,4,0,1,0,0,0,0,0,0,1,0,0,0,0,0,1,0,0
33,38718.95,2397.24,12,13,2,5.2,0.0619138690486183,2023,6,19,0,0,1,0,0,0,0,0,1,0,0,0,0,0,0,0,1,1
20,13637.19,5000.0,9,0,0,2.77,0.3666444480131171,2024,12,11,2,0,0,0,1,0,0,0,1,0,0,0,1,0,0,0,0,0
53,23605.04,5000.0,9,14,2,3.15,0.2118191708211466,2024,12,20,4,0,0,0,1,0,0,0,0,1,0,0,0,0,0,1,0,0
59,28821.34,5000.0,3,6,1,6.01,0.1734825653491475,2023,4,30,6,1,0,0,1,0,0,0,0,1,0,0,0,0,1,0,0,0
28,15451.58,4125.94,9,2,0,5.58,0.2670238253952022,2024,11,23,5,1,0,0,1,0,0,0,1,0,0,0,1,0,0,0,0,0
24,8659.94,1415.89,3,7,0,3.67,0.1634988233174825,2023,3,21,1,0,0,0,0,1,0,0,0,0,1,0,0,1,0,0,0,1
30,7432.0,614.63,3,2,0,8.25,0.0827004843918191,2024,11,5,1,0,0,0,0,1,0,0,0,0,1,0,0,0,1,0,0,0
46,7279.37,154.54,12,0,0,5.31,0.0212298591773738,2023,1,7,5,1,0,0,0,1,0,0,1,0,0,0,1,0,0,0,0,1
32,13090.72,3063.98,6,0,0,8.86,0.2340574086070132,2023,6,17,5,1,1,0,0,0,0,1,0,0,0,0,0,0,1,0,0,1
28,19471.45,3836.73,12,14,2,2.47,0.1970438770610303,2023,4,6,3,0,0,0,1,0,0,0,0,1,0,0,0,0,0,0,1,0
26,21205.95,5000.0,12,22,1,7.16,0.2357828816912234,2024,12,31,1,0,0,0,1,0,0,1,0,0,0,0,0,0,0,0,1,0
51,72317.49,5000.0,9,1,0,5.77,0.0691395677587814,2024,7,29,0,0,0,1,0,0,0,0,1,0,0,0,0,0,0,1,0,0
54,18465.59,5000.0,6,7,2,7.6,0.2707739097423911,2024,9,13,4,0,0,0,1,0,0,0,1,0,0,0,0,0,0,1,0,1
59,15211.15,4581.65,6,0,0,8.46,0.3012033935632743,2024,9,10,1,0,0,0,1,0,0,0,0,0,1,0,0,0,0,1,0,1
51,15869.84,3488.63,3,8,1,6.12,0.219827673120838,2023,6,21,2,0,0,0,0,1,0,1,0,0,0,0,0,0,0,1,0,0
33,29126.85,5000.0,6,0,0,4.15,0.1716629158319557,2023,6,20,1,0,0,1,0,0,0,1,0,0,0,0,0,0,1,0,0,0
19,7396.1,2150.98,6,4,0,8.08,0.2908262462649233,2023,4,24,0,0,0,0,0,1,0,0,1,0,0,0,0,1,0,0,0,0
57,105736.08,5000.0,3,0,0,5.39,0.047287548394077,2024,12,10,1,0,1,0,0,0,0,1,0,0,0,0,0,1,0,0,0,0
38,11179.79,1962.99,3,15,2,9.36,0.1755837989801239,2023,2,12,6,1,0,0,1,0,0,1,0,0,0,0,0,0,0,0,1,0
57,46346.74,1094.29,3,19,2,7.73,0.0236109378998393,2023,5,5,4,0,1,0,0,0,1,0,0,0,0,1,0,0,0,0,0,0
37,16083.56,5000.0,9,8,1,3.2,0.3108764477516172,2024,10,7,0,0,0,0,1,0,0,1,0,0,0,0,0,0,0,0,1,0
21,10594.08,1825.05,6,11,1,6.11,0.1722707398849168,2024,7,24,2,0,0,0,0,1,1,0,0,0,0,0,0,0,0,1,0,0
20,65486.38,5000.0,9,21,2,7.56,0.0763517543648007,2024,11,24,6,1,0,1,0,0,0,1,0,0,0,0,0,0,1,0,0,1
36,14547.66,4437.36,9,0,0,4.54,0.3050222510011919,2023,6,15,3,0,0,0,0,1,1,0,0,0,0,0,0,0,0,0,1,0
25,9327.18,5000.0,3,12,1,6.84,0.5360677074957275,2023,6,9,4,0,0,0,0,1,0,0,0,1,0,0,1,0,0,0,0,1
31,58542.74,5000.0,12,12,1,5.84,0.0854076867601345,2024,11,4,0,0,1,0,0,0,0,1,0,0,0,0,0,1,0,0,0,0
21,13853.09,5000.0,3,0,0,3.94,0.3609303050799496,2024,11,30,5,1,0,0,1,0,0,1,0,0,0,0,0,1,0,0,0,1
58,8391.52,2899.98,12,16,1,9.56,0.345584590157683,2024,7,16,1,0,0,0,0,1,0,0,1,0,0,0,0,0,0,1,0,1
19,5555.7,2433.99,3,13,1,7.76,0.4381068092229602,2024,10,7,0,0,0,0,0,1,0,0,1,0,0,0,0,1,0,0,0,0
51,5223.6,1805.89,9,2,1,8.67,0.3457175128264032,2023,2,15,2,0,0,0,1,0,0,1,0,0,0,0,0,0,1,0,0,1
36,61126.87,5000.0,6,4,0,3.07,0.0817970885798667,2023,6,12,0,0,1,0,0,0,0,0,0,1,0,0,0,0,0,1,0,0
19,32750.82,3660.4,12,1,0,6.52,0.1117651405369392,2024,10,6,6,1,1,0,0,0,0,0,0,0,1,0,0,1,0,0,0,0
39,21436.22,5000.0,12,15,1,5.49,0.2332500786052764,2023,3,28,1,0,0,0,1,0,0,0,0,1,0,0,1,0,0,0,0,1
39,36196.58,5000.0,12,4,1,2.76,0.1381345972464802,2023,5,2,1,0,1,0,0,0,0,0,0,0,1,0,0,1,0,0,0,0
55,18874.73,1099.12,6,12,1,1.37,0.0582323561714525,2023,6,18,6,1,0,0,1,0,1,0,0,0,0,1,0,0,0,0,0,0
30,40285.04,5000.0,9,2,1,9.32,0.1241155525723693,2024,8,20,1,0,0,1,0,0,0,1,0,0,0,0,0,0,0,0,1,0
23,52186.88,5000.0,6,19,2,4.54,0.0958095214735964,2024,10,2,2,0,0,1,0,0,0,0,0,1,0,0,0,0,1,0,0,0
48,64722.16,5000.0,12,0,0,6.68,0.0772532931533805,2024,11,28,3,0,1,0,0,0,0,0,0,0,1,0,0,0,0,0,1,0
35,20281.7,5000.0,6,0,0,4.41,0.246527657937944,2024,12,28,5,1,0,0,1,0,0,0,0,1,0,0,0,0,0,1,0,1
24,7955.32,1138.75,12,5,0,1.08,0.1431432047988013,2023,6,25,6,1,0,0,0,1,0,0,1,0,0,0,0,1,0,0,0,0
39,12536.22,5000.0,6,18,1,5.92,0.398844308731021,2024,12,8,6,1,0,0,1,0,0,0,1,0,0,0,0,0,0,1,0,1
22,34043.05,5000.0,3,6,1,6.54,0.1468728565742493,2023,2,2,3,0,0,1,0,0,0,1,0,0,0,0,0,0,0,1,0,1
42,26823.97,3602.46,6,6,1,2.37,0.1343000309051941,2024,11,17,6,1,0,0,1,0,0,1,0,0,0,1,0,0,0,0,0,0
49,61600.39,5000.0,3,18,2,5.17,0.0811683172785107,2023,3,2,3,0,1,0,0,0,0,0,0,0,1,1,0,0,0,0,0,1
35,22636.82,5000.0,3,0,0,7.99,0.2208790810723414,2023,5,1,0,0,0,0,1,0,0,1,0,0,0,0,0,1,0,0,0,0
51,61940.4,5000.0,9,2,0,9.71,0.0807227592976474,2024,10,22,1,0,0,1,0,0,0,1,0,0,0,0,0,0,1,0,0,0
44,22188.77,5000.0,3,1,0,4.5,0.2253392143863765,2023,2,13,0,0,0,0,0,1,0,0,1,0,0,0,0,1,0,0,0,0
27,16604.35,3937.39,6,14,1,3.7,0.2371300291791006,2023,6,8,3,0,0,0,1,0,0,0,0,1,0,1,0,0,0,0,0,1
43,14319.06,5000.0,3,18,1,9.04,0.3491849325304873,2023,1,2,0,0,0,0,0,1,1,0,0,0,0,0,0,0,1,0,0,1
28,10061.94,4876.21,12,9,2,4.68,0.4846192682524443,2023,3,26,6,1,0,0,0,1,1,0,0,0,0,0,0,0,1,0,0,0
50,51266.18,2128.28,3,5,0,7.37,0.0415143082632644,2024,7,1,0,0,0,1,0,0,0,0,1,0,0,1,0,0,0,0,0,0
36,32398.57,5000.0,12,8,1,8.53,0.1543277990355747,2023,6,1,3,0,1,0,0,0,1,0,0,0,0,0,0,1,0,0,0,1
52,10528.09,1162.47,12,14,3,9.21,0.110416039376563,2024,11,11,0,0,0,0,0,1,0,0,0,0,1,0,0,0,1,0,0,1
36,13962.34,4979.92,9,22,1,8.12,0.3566680083710896,2024,10,12,5,1,0,0,1,0,0,0,0,0,1,0,0,0,1,0,0,1
29,13251.9,3786.85,12,9,1,5.32,0.2857590232344041,2023,2,1,2,0,1,0,0,0,0,1,0,0,0,0,0,1,0,0,0,1
58,87598.5,5000.0,6,7,0,1.87,0.0570786029441143,2023,5,15,0,0,1,0,0,0,0,0,0,0,1,0,0,0,1,0,0,0
21,47089.97,5000.0,3,1,2,1.1,0.1061797236226737,2023,3,4,5,1,1,0,0,0,0,0,0,0,1,0,1,0,0,0,0,1
43,74014.59,5000.0,9,1,0,3.08,0.0675542484258846,2024,7,29,0,0,0,1,0,0,1,0,0,0,0,1,0,0,0,0,0,0
33,15352.43,2898.61,3,10,1,1.0,0.1888046387444854,2024,11,7,3,0,0,0,1,0,0,0,1,0,0,0,0,0,0,0,1,1
52,63817.01,5000.0,6,4,0,2.6,0.0783490169783886,2024,7,2,1,0,0,1,0,0,0,1,0,0,0,0,0,1,0,0,0,0
39,27900.11,5000.0,9,20,1,2.35,0.179210762968318,2023,3,16,3,0,0,1,0,0,0,0,1,0,0,0,0,0,0,0,1,1
30,39942.19,5000.0,3,14,2,6.66,0.1251809177213367,2023,3,1,2,0,1,0,0,0,0,0,1,0,0,1,0,0,0,0,0,1
49,81637.43,5000.0,6,5,0,7.98,0.0612464160128509,2023,5,10,2,0,1,0,0,0,0,0,0,0,1,0,0,0,1,0,0,0
18,14306.62,1133.79,6,9,2,9.39,0.0792493265355478,2024,7,4,3,0,0,0,1,0,1,0,0,0,0,0,0,1,0,0,0,1
32,45618.42,5000.0,12,4,1,3.34,0.109604848217014,2024,7,13,5,1,1,0,0,0,0,0,1,0,0,0,0,0,0,0,1,0
28,77248.47,5000.0,12,8,1,2.12,0.0647262010496777,2024,11,26,1,0,0,1,0,0,0,0,1,0,0,0,0,0,1,0,0,0
52,24630.59,5000.0,6,13,1,6.09,0.202999603338775,2023,5,31,2,0,0,0,1,0,1,0,0,0,0,0,0,1,0,0,0,1
56,13822.08,2654.88,3,14,1,8.94,0.192075288234477,2024,12,11,2,0,0,0,1,0,0,0,0,1,0,0,0,0,1,0,0,0
53,62416.08,5000.0,3,1,0,5.41,0.0801075620256831,2024,11,6,2,0,1,0,0,0,0,0,0,0,1,1,0,0,0,0,0,0
42,15074.26,5000.0,12,19,1,4.42,0.3316912405650427,2024,11,20,2,0,0,0,1,0,0,0,1,0,0,1,0,0,0,0,0,1
29,40041.89,100.0,9,18,1,3.76,0.002497384613963,2024,12,3,1,0,0,1,0,0,0,0,1,0,0,0,0,0,0,0,1,1
44,102992.45,5000.0,3,0,1,8.96,0.0485472478807912,2023,3,2,3,0,1,0,0,0,1,0,0,0,0,0,0,0,1,0,0,0
51,10335.4,860.16,12,4,1,6.82,0.0832246453935019,2023,4,27,3,0,0,0,0,1,0,0,0,1,0,1,0,0,0,0,0,0
53,9142.76,1282.13,12,9,0,4.69,0.1402344587411241,2023,1,21,5,1,0,0,0,1,0,0,0,1,0,0,0,1,0,0,0,0
47,11194.48,4693.99,6,8,1,4.24,0.4193129113634577,2023,3,18,5,1,0,0,1,0,1,0,0,0,0,0,0,0,1,0,0,1
30,17214.46,5000.0,3,18,4,8.41,0.2904534908443251,2023,1,17,1,0,0,0,0,1,0,0,0,1,0,0,1,0,0,0,0,1
27,86118.9,5000.0,12,14,2,8.36,0.0580592645749074,2023,4,14,4,0,0,1,0,0,0,1,0,0,0,0,0,1,0,0,0,0
57,70965.93,100.0,6,15,1,9.19,0.0014091268866623,2024,11,28,3,0,0,1,0,0,0,0,0,1,0,0,1,0,0,0,0,0
34,7518.55,100.0,3,0,0,1.56,0.0133004369193528,2024,9,25,2,0,0,0,0,1,0,0,0,0,1,0,0,0,0,1,0,0
19,9280.63,2251.21,3,5,0,3.32,0.2425708168518732,2023,6,1,3,0,0,0,1,0,1,0,0,0,0,0,0,1,0,0,0,1
39,48735.63,5000.0,12,0,0,2.77,0.1025943442200295,2023,6,26,0,0,1,0,0,0,0,0,1,0,0,0,1,0,0,0,0,0
45,20468.85,5000.0,6,21,3,2.99,0.2442736157624879,2024,8,10,5,1,0,0,1,0,0,0,0,1,0,1,0,0,0,0,0,1
40,15498.81,2533.84,9,3,0,8.03,0.163486099900573,2024,7,29,0,0,0,0,1,0,0,0,0,0,1,1,0,0,0,0,0,1
37,12113.87,3458.04,3,20,3,1.25,0.2854612109920281,2023,3,31,4,0,0,0,0,1,0,0,0,1,0,0,1,0,0,0,0,1
21,8290.82,793.19,3,1,0,6.5,0.0956708745335202,2023,5,25,3,0,0,0,0,1,0,0,0,0,1,1,0,0,0,0,0,1
59,11834.24,4089.9,12,14,3,9.52,0.3455988724244227,2023,3,19,6,1,0,0,0,1,0,0,0,1,0,0,0,0,0,1,0,1
27,7346.61,3776.22,3,9,2,3.22,0.5140085018804591,2024,10,1,1,0,0,0,0,1,0,0,0,0,1,0,0,0,0,0,1,0
31,20208.41,5000.0,3,18,3,3.87,0.2474217417401963,2023,1,27,4,0,0,0,1,0,0,0,0,0,1,1,0,0,0,0,0,1
47,21945.03,5000.0,12,1,0,1.7,0.2278420216331443,2023,6,8,3,0,1,0,0,0,0,0,0,0,1,0,0,0,1,0,0,1
48,85064.21,5000.0,6,11,3,6.5,0.0587791269677341,2024,11,9,5,1,1,0,0,0,0,0,0,1,0,0,1,0,0,0,0,0
35,43799.75,4360.68,6,5,0,1.45,0.0995594723714176,2024,8,9,4,0,1,0,0,0,0,1,0,0,0,0,1,0,0,0,0,0
39,60334.68,5000.0,12,13,3,2.23,0.0828710784576963,2024,7,25,3,0,1,0,0,0,0,0,0,0,1,0,1,0,0,0,0,1
19,5000.0,1485.87,6,8,1,3.37,0.297174,2023,4,4,1,0,0,0,1,0,0,0,0,0,1,0,0,0,0,1,0,0
44,58154.31,5000.0,3,17,1,4.39,0.0859781502007332,2023,6,22,3,0,0,1,0,0,0,0,1,0,0,1,0,0,0,0,0,1
46,51337.66,5000.0,3,14,1,7.36,0.0973943884469997,2023,5,10,2,0,1,0,0,0,0,0,0,0,1,0,0,0,0,1,0,1
30,16094.93,5000.0,6,16,1,4.37,0.3106568341707606,2024,10,15,1,0,0,0,1,0,0,1,0,0,0,0,0,0,1,0,0,0
29,10044.44,3262.59,9,2,0,7.12,0.324815519829876,2024,12,6,4,0,0,0,0,1,1,0,0,0,0,0,0,0,1,0,0,0
32,45764.09,5000.0,6,16,3,1.7,0.1092559690359843,2023,5,17,2,0,0,1,0,0,1,0,0,0,0,0,0,0,1,0,0,1
24,14118.58,3787.91,9,15,1,6.61,0.2682925619998612,2023,5,9,1,0,0,0,1,0,0,1,0,0,0,0,0,1,0,0,0,0
59,14855.23,2232.82,6,11,1,6.34,0.150305313347555,2023,3,12,6,1,0,0,0,1,0,0,0,1,0,0,0,0,0,0,1,0
44,9960.76,170.29,6,21,1,2.64,0.0170960850376878,2024,9,20,4,0,0,0,0,1,0,0,1,0,0,0,1,0,0,0,0,1
38,13602.9,1532.59,12,11,2,7.1,0.1126664167199641,2024,10,25,4,0,0,0,1,0,1,0,0,0,0,0,0,1,0,0,0,1
50,17476.4,5000.0,12,12,3,8.59,0.2861001121512439,2023,6,22,3,0,0,0,1,0,0,0,0,0,1,0,0,1,0,0,0,0
31,11213.78,2794.15,9,1,0,1.69,0.2491711091175321,2024,10,30,2,0,0,0,0,1,0,0,0,0,1,1,0,0,0,0,0,0
50,87084.98,100.0,9,1,0,7.89,0.0011483036454736,2023,5,8,0,0,1,0,0,0,1,0,0,0,0,0,0,1,0,0,0,0
56,48242.61,5000.0,9,18,1,1.68,0.1036428170034747,2024,10,10,3,0,1,0,0,0,1,0,0,0,0,1,0,0,0,0,0,1
32,86505.67,5000.0,3,12,2,1.94,0.0577996794892173,2023,4,2,6,1,0,1,0,0,0,0,1,0,0,0,0,0,1,0,0,0
57,12862.79,4644.31,6,1,0,5.92,0.361065523109683,2023,1,27,4,0,0,0,0,1,0,0,1,0,0,1,0,0,0,0,0,1
59,85777.42,5000.0,6,5,1,6.48,0.0582903985687608,2024,8,5,0,0,1,0,0,0,0,0,0,0,1,0,1,0,0,0,0,0
43,79735.91,5000.0,6,5,2,5.44,0.0627070036574486,2023,1,19,3,0,0,1,0,0,0,0,0,0,1,1,0,0,0,0,0,0
42,8323.62,2608.85,3,9,1,8.58,0.3134273308968934,2024,12,23,0,0,0,0,0,1,1,0,0,0,0,0,0,1,0,0,0,1
44,13964.64,5000.0,9,15,1,1.51,0.3580471820254586,2024,9,11,2,0,0,0,0,1,0,1,0,0,0,0,0,0,0,1,0,0
21,33444.87,5000.0,9,18,2,8.03,0.1494997588568889,2023,2,28,1,0,1,0,0,0,0,0,0,0,1,0,1,0,0,0,0,1
53,33849.08,5000.0,3,0,0,5.75,0.1477145021371334,2023,3,18,5,1,1,0,0,0,0,0,0,1,0,0,0,0,0,1,0,1
24,8463.83,2138.6,12,16,1,1.34,0.2526752073233985,2023,5,21,6,1,0,0,1,0,0,0,0,1,0,0,0,0,0,1,0,1
48,13541.66,4737.88,6,11,2,4.98,0.3498743876304677,2024,10,9,2,0,0,0,1,0,0,0,1,0,0,0,0,0,0,0,1,0
19,9743.01,2334.01,12,12,2,7.0,0.2395573852433693,2024,10,7,0,0,0,0,0,1,0,1,0,0,0,0,0,0,0,1,0,0
39,81234.42,5000.0,3,14,1,3.77,0.0615502640383226,2024,12,12,3,0,0,1,0,0,0,1,0,0,0,1,0,0,0,0,0,0
35,55474.57,5000.0,6,13,1,3.57,0.0901313881297322,2023,5,6,5,1,1,0,0,0,0,1,0,0,0,0,0,0,0,1,0,0
43,65021.47,5000.0,9,17,1,2.11,0.0768976770288337,2023,3,27,0,0,1,0,0,0,1,0,0,0,0,0,0,0,0,0,1,0
40,14582.73,5000.0,6,3,1,7.92,0.3428713279337956,2023,1,28,5,1,0,0,1,0,0,1,0,0,0,0,0,0,1,0,0,0
25,9768.99,3704.13,9,15,2,6.5,0.3791722583399103,2023,6,14,2,0,0,0,0,1,1,0,0,0,0,0,0,0,1,0,0,0
33,44187.13,3909.41,3,5,2,5.34,0.0884739515782084,2024,10,13,6,1,1,0,0,0,0,1,0,0,0,0,0,1,0,0,0,0
42,5842.59,959.84,3,12,1,9.99,0.1642833058626397,2023,1,25,2,0,0,0,0,1,0,0,1,0,0,0,0,0,1,0,0,0
48,10628.41,1124.38,3,3,0,9.23,0.1057900476176587,2023,3,23,3,0,0,0,0,1,1,0,0,0,0,0,1,0,0,0,0,1
29,63668.93,5000.0,3,2,0,2.7,0.0785312396486009,2024,8,16,4,0,0,1,0,0,0,0,1,0,0,0,0,0,1,0,0,0
50,49143.88,5000.0,9,17,1,4.85,0.1017420683918323,2023,3,23,3,0,1,0,0,0,1,0,0,0,0,0,0,0,0,0,1,1
41,60269.74,5000.0,6,8,2,5.39,0.0829603711580637,2024,11,11,0,0,1,0,0,0,0,0,0,0,1,0,0,0,0,0,1,1
44,15755.19,4976.35,9,4,2,5.66,0.3158546485316902,2023,3,23,3,0,0,0,1,0,0,0,0,1,0,0,0,0,1,0,0,0
56,10885.84,4270.12,12,17,1,9.0,0.3922637113902096,2024,10,9,2,0,0,0,0,1,0,0,0,1,0,0,0,0,0,0,1,1
34,36313.63,5000.0,12,0,0,1.62,0.1376893469476888,2023,5,4,3,0,1,0,0,0,0,0,0,0,1,0,1,0,0,0,0,0
20,33237.36,5000.0,9,18,1,5.13,0.1504331270594295,2023,1,24,1,0,1,0,0,0,0,0,1,0,0,0,0,1,0,0,0,0
55,59109.3,5000.0,12,1,0,8.72,0.0845890578978265,2023,5,26,4,0,1,0,0,0,0,0,0,0,1,0,0,0,0,0,1,0
41,65235.72,5000.0,3,11,1,7.26,0.0766451263203655,2023,1,5,3,0,0,1,0,0,0,0,0,0,1,0,0,0,0,0,1,0
22,9250.08,3189.29,12,7,1,8.0,0.3447851261826924,2023,5,14,6,1,0,0,0,1,0,0,0,0,1,0,1,0,0,0,0,0
53,80007.62,4059.62,6,17,1,9.26,0.0507404169752831,2024,9,12,3,0,0,1,0,0,0,0,0,1,0,0,0,0,1,0,0,0
44,72397.83,5000.0,12,1,0,4.31,0.0690628434581533,2023,3,22,2,0,0,1,0,0,0,0,0,1,0,0,0,0,1,0,0,0
48,19345.02,3208.65,12,21,2,6.78,0.1658643930065722,2023,3,5,6,1,0,0,1,0,0,0,0,1,0,0,0,0,0,1,0,1
33,15963.93,4639.93,12,18,3,1.29,0.2906508610348454,2023,6,7,2,0,0,0,0,1,1,0,0,0,0,0,0,0,0,1,0,0
47,132269.49,5000.0,12,13,1,8.63,0.03780161245046,2023,6,25,6,1,0,1,0,0,0,0,0,0,1,0,0,0,1,0,0,0
54,6737.92,100.0,6,4,0,9.66,0.0148413753799392,2023,6,9,4,0,0,0,0,1,0,0,0,1,0,0,0,0,0,1,0,0
25,11228.17,2634.11,6,1,0,5.5,0.2345983361491677,2024,12,11,2,0,0,0,0,1,1,0,0,0,0,0,0,0,1,0,0,1
24,42566.97,5000.0,3,16,1,4.08,0.1174619664025886,2024,8,30,4,0,1,0,0,0,0,1,0,0,0,0,1,0,0,0,0,1
34,52436.66,5000.0,12,17,1,9.73,0.0953531365270022,2023,4,25,1,0,1,0,0,0,0,0,1,0,0,0,1,0,0,0,0,1
34,34862.22,2913.38,3,9,1,6.07,0.0835684015533147,2023,4,23,6,1,0,1,0,0,0,1,0,0,0,0,0,0,0,0,1,0
25,37836.49,5000.0,9,20,1,7.55,0.1321475644278843,2024,11,21,3,0,0,1,0,0,0,1,0,0,0,0,0,0,0,0,1,1
25,17330.47,5000.0,6,9,2,3.02,0.2885091979617402,2023,3,15,2,0,0,1,0,0,0,0,1,0,0,0,0,0,0,1,0,0
58,10731.99,753.15,3,12,1,7.46,0.0701780378103222,2023,6,19,0,0,0,0,0,1,1,0,0,0,0,0,1,0,0,0,0,0
47,97056.26,5000.0,3,9,3,1.62,0.0515165121755155,2024,7,25,3,0,0,1,0,0,1,0,0,0,0,1,0,0,0,0,0,0
23,47996.24,5000.0,12,1,0,4.75,0.1041748270281172,2024,8,19,0,0,1,0,0,0,1,0,0,0,0,0,0,0,1,0,0,0
44,24976.26,3149.7,6,2,0,5.56,0.1261077519212244,2023,1,20,4,0,0,0,1,0,0,0,0,1,0,1,0,0,0,0,0,0
56,8411.73,718.47,3,16,2,7.36,0.0854128698852673,2024,9,27,4,0,0,0,1,0,0,0,0,0,1,0,0,0,0,0,1,1
27,20700.21,5000.0,3,19,1,1.62,0.2415434432790778,2024,12,22,6,1,0,0,1,0,0,0,0,1,0,0,0,1,0,0,0,1
34,37075.14,5000.0,9,14,1,4.35,0.1348612574355754,2023,2,2,3,0,0,1,0,0,0,0,1,0,0,0,1,0,0,0,0,0
33,44832.18,5000.0,9,19,4,4.56,0.1115270325913216,2024,7,27,5,1,1,0,0,0,0,0,1,0,0,1,0,0,0,0,0,1
57,19651.86,3505.5,12,9,2,8.14,0.1783800617346144,2024,9,13,4,0,0,0,0,1,0,0,0,1,0,1,0,0,0,0,0,0
20,7069.1,1389.34,9,25,3,6.95,0.1965370414904301,2023,2,6,0,0,0,0,0,1,1,0,0,0,0,0,0,0,1,0,0,1
28,8865.26,2679.12,6,4,0,8.38,0.3022043346726435,2024,8,31,5,1,0,0,0,1,0,1,0,0,0,1,0,0,0,0,0,0
19,12510.73,2837.38,3,17,1,2.57,0.2267957185551922,2023,2,5,6,1,0,0,1,0,1,0,0,0,0,0,0,0,1,0,0,0
26,15246.25,2469.72,9,0,0,9.63,0.1619886857423956,2023,6,29,3,0,0,0,1,0,0,0,0,1,0,1,0,0,0,0,0,1
46,6805.64,2747.94,9,0,0,10.0,0.4037739286826808,2024,7,7,6,1,0,0,0,1,0,0,1,0,0,0,0,0,0,1,0,0
51,49493.28,5000.0,3,3,0,9.89,0.1010238157584221,2023,6,13,1,0,0,1,0,0,0,0,0,0,1,0,0,0,0,1,0,0
29,14132.3,5000.0,3,0,0,7.0,0.3537994523184478,2024,11,11,0,0,0,0,0,1,0,0,0,0,1,0,0,0,1,0,0,0
51,83809.37,5000.0,3,17,1,7.7,0.0596592003972825,2024,10,22,1,0,1,0,0,0,0,0,0,0,1,0,0,0,0,0,1,0
50,82323.2,5000.0,9,4,1,6.29,0.0607362201663686,2024,11,6,2,0,0,1,0,0,0,0,1,0,0,0,0,0,1,0,0,0
29,77222.24,5000.0,12,7,1,1.48,0.0647481865327915,2023,6,22,3,0,0,1,0,0,1,0,0,0,0,1,0,0,0,0,0,0
37,55485.07,5000.0,6,14,2,7.0,0.0901143316571466,2024,7,21,6,1,1,0,0,0,0,0,0,0,1,0,0,1,0,0,0,0
28,17754.13,3620.28,9,0,0,7.15,0.2039119911817701,2024,7,7,6,1,0,0,1,0,0,0,0,0,1,0,0,1,0,0,0,1
25,43325.98,5000.0,6,13,2,5.64,0.1154041985893914,2023,4,21,4,0,0,1,0,0,0,0,1,0,0,1,0,0,0,0,0,0
24,7862.52,2037.81,6,14,2,2.97,0.2591802628165016,2023,4,25,1,0,0,0,0,1,0,0,1,0,0,0,0,0,1,0,0,0
31,50963.06,5000.0,12,0,0,1.69,0.0981102783074642,2024,12,27,4,0,0,1,0,0,0,0,1,0,0,0,0,0,0,1,0,0
40,7521.4,811.42,6,0,0,2.34,0.1078815114207461,2023,3,18,5,1,0,0,0,1,1,0,0,0,0,0,0,0,1,0,0,0
50,72512.37,5000.0,3,14,2,3.76,0.0689537523046067,2024,10,5,5,1,1,0,0,0,0,0,0,1,0,0,0,0,1,0,0,0
32,14261.89,2919.55,9,13,2,1.89,0.2047098946913768,2024,7,9,1,0,0,0,0,1,1,0,0,0,0,0,0,0,0,1,0,1
37,5736.61,1927.33,9,7,2,8.14,0.3359701984272942,2023,5,3,2,0,0,0,0,1,1,0,0,0,0,0,0,1,0,0,0,0
48,83899.02,5000.0,12,9,1,2.41,0.0595954517704735,2023,3,31,4,0,1,0,0,0,0,1,0,0,0,0,1,0,0,0,0,0
31,76537.52,5000.0,3,11,1,3.33,0.0653274367917852,2023,1,1,6,1,0,1,0,0,0,0,1,0,0,0,0,0,0,0,1,0
50,65813.4,100.0,12,16,1,5.43,0.0015194474073668,2024,8,1,3,0,0,1,0,0,0,0,0,0,1,1,0,0,0,0,0,1
31,7487.75,2299.61,3,18,1,2.38,0.3071162899402357,2024,8,25,6,1,0,0,0,1,0,0,0,1,0,0,0,0,1,0,0,0
44,6274.46,733.76,6,0,0,5.86,0.1169439282424304,2024,7,5,4,0,0,0,0,1,0,0,1,0,0,0,0,1,0,0,0,0
26,19352.75,5000.0,12,12,1,3.62,0.2583612148144321,2023,1,26,3,0,0,0,1,0,0,0,0,0,1,0,0,0,0,0,1,0
36,48461.55,5000.0,6,20,1,2.1,0.1031745786092273,2023,5,7,6,1,1,0,0,0,0,0,0,1,0,1,0,0,0,0,0,0
36,34560.23,5000.0,9,9,1,5.68,0.1446749631006506,2024,7,3,2,0,1,0,0,0,0,0,0,1,0,0,0,1,0,0,0,1
56,72189.81,5000.0,12,1,3,3.55,0.0692618528847769,2023,6,20,1,0,1,0,0,0,0,1,0,0,0,0,0,0,0,1,0,1
54,48474.53,100.0,6,4,0,9.8,0.0020629390321061,2023,3,6,0,0,1,0,0,0,0,1,0,0,0,1,0,0,0,0,0,0
59,88579.01,5000.0,3,10,1,8.09,0.0564467812408379,2024,12,31,1,0,0,1,0,0,0,0,0,0,1,0,0,0,0,0,1,0
51,14210.96,4151.07,3,16,2,5.16,0.2921034187697383,2023,1,28,5,1,0,0,0,1,0,1,0,0,0,0,1,0,0,0,0,1
41,19674.38,3577.53,12,20,3,5.31,0.1818369880016549,2024,11,7,3,0,0,0,1,0,0,0,1,0,0,0,0,0,0,0,1,1
45,6927.12,2154.93,6,5,1,7.13,0.3110859924470776,2024,12,12,3,0,0,0,0,1,0,0,0,1,0,1,0,0,0,0,0,0
45,7034.54,1748.74,6,9,1,2.17,0.2485933692892499,2023,6,22,3,0,0,0,0,1,0,0,0,1,0,0,1,0,0,0,0,0
59,13116.54,2206.05,12,7,1,1.55,0.168188409443344,2024,12,9,0,0,0,0,0,1,0,0,0,1,0,0,1,0,0,0,0,0
28,39314.53,5000.0,9,16,2,5.3,0.1271794423079711,2023,1,21,5,1,0,1,0,0,1,0,0,0,0,0,0,0,0,0,1,1
37,13832.3,4977.88,12,22,2,9.47,0.359873629114464,2024,10,25,4,0,0,0,1,0,0,0,0,0,1,0,0,0,0,1,0,1
21,42447.43,5000.0,3,27,4,1.37,0.1177927615405691,2024,9,27,4,0,1,0,0,0,0,0,0,1,0,0,1,0,0,0,0,1
50,21799.79,3800.11,6,15,1,1.44,0.1743186516934337,2023,2,11,5,1,0,1,0,0,0,0,1,0,0,0,0,1,0,0,0,0
27,12214.65,3277.19,6,9,1,3.99,0.2682999512880025,2024,9,30,0,0,0,0,0,1,0,0,1,0,0,0,0,0,1,0,0,1
31,13395.52,4855.4,6,13,2,4.46,0.3624644657318267,2024,8,20,1,0,0,0,1,0,1,0,0,0,0,1,0,0,0,0,0,0
22,23051.3,5000.0,6,3,0,7.86,0.216907506301163,2024,12,21,5,1,1,0,0,0,1,0,0,0,0,0,0,1,0,0,0,1
53,22086.2,5000.0,9,3,0,9.06,0.2263857069120084,2023,2,18,5,1,0,0,1,0,0,0,1,0,0,0,0,1,0,0,0,0
29,9853.75,4798.97,12,0,0,3.48,0.4870196625650133,2023,3,14,1,0,0,0,1,0,1,0,0,0,0,0,0,0,0,1,0,1
41,39729.8,5000.0,12,11,1,7.32,0.1258501175440097,2024,8,9,4,0,1,0,0,0,0,0,0,1,0,0,0,0,1,0,0,1
21,5000.0,3108.47,6,6,1,6.01,0.621694,2024,8,14,2,0,0,0,0,1,0,0,0,1,0,1,0,0,0,0,0,0
50,93793.19,5000.0,3,14,2,9.59,0.0533087743363883,2024,12,25,2,0,0,1,0,0,0,1,0,0,0,0,0,0,0,0,1,0
46,57148.69,5000.0,3,0,0,2.09,0.0874910693490961,2024,9,4,2,0,0,1,0,0,0,1,0,0,0,1,0,0,0,0,0,0
19,31851.68,5000.0,9,16,1,8.94,0.1569775911349103,2024,8,14,2,0,0,1,0,0,1,0,0,0,0,0,1,0,0,0,0,1
18,51858.98,5000.0,6,16,3,2.63,0.0964153170771966,2024,11,29,4,0,0,1,0,0,0,0,1,0,0,0,0,0,0,0,1,1
47,36273.67,5000.0,9,14,2,3.89,0.1378410290439318,2023,5,2,1,0,1,0,0,0,0,0,1,0,0,0,0,0,1,0,0,0
40,13171.27,5000.0,12,4,0,7.99,0.3796141146601656,2023,6,13,1,0,0,0,1,0,0,0,0,0,1,0,0,0,0,0,1,0
32,9913.0,2125.44,6,23,2,2.6,0.2144093614445677,2024,11,13,2,0,0,0,0,1,1,0,0,0,0,0,0,0,1,0,0,0
57,55166.21,5000.0,3,4,0,6.55,0.0906351913607985,2024,10,4,4,0,0,1,0,0,0,0,1,0,0,0,0,1,0,0,0,0
51,17471.25,5000.0,12,18,5,7.9,0.2861844458753667,2023,6,23,4,0,0,0,0,1,0,0,1,0,0,1,0,0,0,0,0,0
32,7894.82,2011.69,3,12,2,9.12,0.254811382653436,2024,10,16,2,0,0,0,0,1,0,0,1,0,0,0,1,0,0,0,0,1
50,50114.03,5000.0,12,8,1,2.79,0.0997724589301638,2023,5,31,2,0,1,0,0,0,0,1,0,0,0,0,0,1,0,0,0,0
33,5015.51,1708.92,3,0,0,5.85,0.3407270646454697,2024,8,15,3,0,0,0,0,1,0,0,0,1,0,0,0,0,0,1,0,1
29,5000.0,1396.61,3,14,1,8.76,0.2793219999999999,2024,12,4,2,0,0,0,0,1,0,0,0,1,0,1,0,0,0,0,0,1
25,43681.08,5000.0,3,2,0,7.93,0.1144660342647205,2024,12,12,3,0,1,0,0,0,0,0,0,1,0,0,0,1,0,0,0,0
49,13293.23,100.0,6,26,2,8.06,0.0075226261788895,2023,2,5,6,1,0,0,0,1,0,0,0,1,0,0,0,0,0,0,1,0
40,11053.02,4239.55,6,0,0,5.92,0.3835648537684723,2023,4,11,1,0,0,0,1,0,0,0,0,1,0,0,0,1,0,0,0,1
24,16489.41,950.11,6,8,1,7.21,0.0576194054244512,2023,5,2,1,0,0,0,1,0,1,0,0,0,0,0,0,0,0,0,1,0
37,83556.66,5000.0,9,0,0,3.06,0.0598396345665324,2023,6,10,5,1,1,0,0,0,1,0,0,0,0,1,0,0,0,0,0,0
39,88584.75,5000.0,6,1,0,7.54,0.0564431236753504,2023,6,23,4,0,0,1,0,0,0,0,1,0,0,0,0,0,0,1,0,0
27,98146.19,5000.0,9,10,1,1.15,0.0509444126155075,2024,10,4,4,0,0,1,0,0,0,0,0,1,0,1,0,0,0,0,0,0
50,78869.1,5000.0,9,1,0,1.0,0.0633961843104587,2023,4,25,1,0,1,0,0,0,1,0,0,0,0,0,1,0,0,0,0,0
25,13274.57,2127.32,9,18,4,2.41,0.1602552851052802,2023,1,30,0,0,0,0,1,0,0,0,0,0,1,0,0,0,1,0,0,1
53,79744.84,5000.0,12,8,1,1.78,0.0626999815912854,2023,4,17,0,0,0,1,0,0,0,0,1,0,0,0,0,1,0,0,0,0
40,46526.14,5000.0,9,1,0,7.7,0.1074664693868866,2024,12,6,4,0,0,1,0,0,0,0,0,1,0,0,1,0,0,0,0,1
58,81131.4,304.44,12,13,2,2.9,0.0037524312411717,2023,3,11,5,1,1,0,0,0,1,0,0,0,0,1,0,0,0,0,0,0
40,10768.1,4448.06,3,16,4,4.8,0.4130775159963225,2024,8,15,3,0,0,0,0,1,0,1,0,0,0,0,1,0,0,0,0,0
30,16759.1,3072.97,12,18,1,6.82,0.1833612783502694,2023,2,11,5,1,0,0,1,0,1,0,0,0,0,0,0,0,1,0,0,0
51,40444.98,5000.0,9,10,1,4.35,0.1236247366174986,2023,4,3,0,0,1,0,0,0,1,0,0,0,0,0,0,1,0,0,0,0
24,16463.18,3208.68,12,18,5,6.67,0.1949003776913087,2023,1,23,0,0,0,1,0,0,0,0,0,1,0,0,0,0,0,0,1,1
35,16307.41,5000.0,3,10,1,7.75,0.30660908139306,2023,1,15,6,1,0,0,1,0,0,0,0,0,1,0,0,0,1,0,0,0
38,58602.09,5000.0,6,0,0,6.21,0.0853211890565677,2023,4,8,5,1,1,0,0,0,0,1,0,0,0,0,0,1,0,0,0,0
51,20103.73,5000.0,12,18,2,2.01,0.2487100652465985,2024,8,30,4,0,0,0,1,0,0,0,0,0,1,0,0,0,0,1,0,1
41,75314.88,5000.0,9,2,0,4.02,0.0663879435245731,2024,11,18,0,0,0,1,0,0,0,0,0,0,1,0,1,0,0,0,0,0
54,5807.75,2981.76,6,17,1,9.77,0.5134105290344798,2024,12,2,0,0,0,0,0,1,0,0,1,0,0,1,0,0,0,0,0,1
50,59580.86,5000.0,12,4,0,5.71,0.0839195674584086,2024,8,28,2,0,0,1,0,0,0,1,0,0,0,0,0,0,0,1,0,0
38,15152.04,2990.89,9,1,0,1.72,0.1973919023445027,2023,5,22,0,0,0,0,0,1,0,0,1,0,0,0,0,0,0,1,0,1
47,7949.62,2998.64,9,2,0,4.61,0.3772054513297491,2023,5,9,1,0,0,0,0,1,0,1,0,0,0,0,0,0,0,1,0,0
26,64880.71,5000.0,3,7,1,1.96,0.07706450807952,2024,9,22,6,1,0,1,0,0,0,0,0,0,1,0,0,0,1,0,0,0
50,6791.57,291.3,9,7,1,1.21,0.0428914080249485,2024,11,3,6,1,0,0,1,0,0,0,0,1,0,0,1,0,0,0,0,1
31,11284.8,2534.47,6,14,2,6.9,0.224591485892528,2024,9,9,0,0,0,0,0,1,0,0,0,0,1,0,0,0,0,1,0,0
38,36819.66,5000.0,3,3,0,5.95,0.1357970171370403,2023,4,26,2,0,1,0,0,0,0,0,0,1,0,1,0,0,0,0,0,1
38,58523.38,5000.0,3,11,2,5.57,0.0854359403028328,2024,11,5,1,0,0,1,0,0,0,0,1,0,0,0,0,1,0,0,0,0
48,66821.63,5000.0,9,14,1,1.51,0.0748260705403325,2024,11,4,0,0,1,0,0,0,0,0,1,0,0,0,0,1,0,0,0,0
49,9267.57,5000.0,12,18,1,1.31,0.5395157522414182,2024,10,11,4,0,0,0,1,0,0,1,0,0,0,0,0,0,0,0,1,1
21,66007.65,5000.0,6,3,0,2.65,0.075748795783519,2024,9,15,6,1,0,1,0,0,0,0,1,0,0,0,0,0,0,1,0,0
57,14910.38,5000.0,6,4,0,5.67,0.3353368592886298,2024,8,7,2,0,0,0,1,0,0,0,0,0,1,1,0,0,0,0,0,0
36,37066.51,5000.0,12,0,0,5.0,0.1348926564707602,2024,11,28,3,0,0,1,0,0,1,0,0,0,0,0,0,0,0,0,1,1
27,7724.38,2201.04,9,12,1,1.65,0.284947141388694,2024,11,23,5,1,0,0,0,1,0,0,0,1,0,0,0,0,1,0,0,0
18,8981.13,3668.63,12,14,5,4.92,0.4084820061618082,2023,5,20,5,1,0,0,0,1,0,0,0,1,0,0,1,0,0,0,0,1
22,55419.66,5000.0,9,21,1,7.86,0.0902206906357779,2023,5,16,1,0,0,1,0,0,0,1,0,0,0,0,0,0,0,0,1,1
34,54643.64,5000.0,6,8,1,6.92,0.0915019570438572,2024,12,24,1,0,0,1,0,0,1,0,0,0,0,0,0,0,1,0,0,0
44,95097.69,5000.0,6,1,0,4.41,0.0525775126609279,2023,5,23,1,0,0,1,0,0,0,1,0,0,0,0,0,0,0,0,1,0
46,45453.06,5000.0,6,7,1,3.29,0.1100035949174819,2024,12,6,4,0,0,1,0,0,0,0,0,1,0,1,0,0,0,0,0,0
38,20387.31,5000.0,3,11,1,8.3,0.2452505995150905,2023,1,9,0,0,0,0,1,0,1,0,0,0,0,0,0,0,0,0,1,1
51,103897.73,5000.0,6,9,1,6.14,0.0481242467953823,2023,2,15,2,0,0,1,0,0,0,0,0,0,1,0,0,0,0,0,1,0
52,24578.62,5000.0,3,6,0,3.94,0.2034288336773993,2024,10,10,3,0,0,0,1,0,0,0,1,0,0,0,0,0,0,0,1,1
43,9833.8,1727.47,12,13,1,3.46,0.1756665785352559,2024,10,13,6,1,0,0,1,0,0,0,0,0,1,0,0,1,0,0,0,1
25,32235.5,5000.0,9,0,0,4.64,0.155108498394627,2024,9,13,4,0,0,1,0,0,0,0,0,1,0,0,1,0,0,0,0,0
24,9078.15,1998.02,12,18,2,5.18,0.2200910978558407,2023,1,26,3,0,0,0,1,0,0,0,1,0,0,0,0,0,0,1,0,1
31,34349.09,4872.92,6,1,0,2.66,0.141864602526588,2023,5,20,5,1,1,0,0,0,0,1,0,0,0,0,0,0,0,1,0,0
37,94540.59,5000.0,6,6,1,3.91,0.0528873365397867,2024,8,29,3,0,0,1,0,0,0,0,0,1,0,0,0,0,0,1,0,0
28,23724.98,5000.0,3,1,0,6.06,0.2107483336129261,2024,9,24,1,0,0,0,1,0,0,0,0,1,0,0,0,0,0,0,1,1
31,21134.3,5000.0,12,5,1,8.21,0.2365822383518735,2024,11,8,4,0,0,0,1,0,0,0,0,1,0,0,0,0,0,0,1,0
51,63416.39,1790.52,9,5,0,6.95,0.0282343413114496,2024,9,30,0,0,0,1,0,0,0,0,0,1,0,0,1,0,0,0,0,0
28,31578.0,4612.2,12,18,2,2.83,0.1460573817214516,2024,9,21,5,1,0,1,0,0,0,1,0,0,0,0,0,0,0,0,1,1
52,7723.82,1541.39,12,0,0,9.29,0.1995631695197454,2024,11,15,4,0,0,0,1,0,0,1,0,0,0,1,0,0,0,0,0,1
27,12605.98,4114.33,9,17,1,5.88,0.3263792263671686,2023,6,7,2,0,0,0,1,0,0,0,1,0,0,1,0,0,0,0,0,1
21,25338.66,5000.0,3,14,2,6.3,0.1973269304690934,2024,9,29,6,1,1,0,0,0,0,1,0,0,0,0,0,1,0,0,0,0
19,43301.66,5000.0,6,17,2,6.07,0.1154690143518747,2024,11,3,6,1,0,1,0,0,0,0,0,1,0,0,0,1,0,0,0,1
35,9418.61,4417.84,3,3,0,6.9,0.4690543509074056,2023,2,2,3,0,0,0,0,1,0,0,0,1,0,0,1,0,0,0,0,0
29,14354.6,4267.92,6,6,2,4.07,0.2973207194906162,2024,8,30,4,0,0,0,1,0,1,0,0,0,0,0,0,0,1,0,0,1
50,81759.63,5000.0,6,11,1,4.03,0.0611548755785709,2023,6,6,1,0,0,1,0,0,0,0,0,0,1,1,0,0,0,0,0,0
48,5000.0,743.4,9,14,3,2.94,0.14868,2023,5,31,2,0,0,0,0,1,0,0,0,0,1,0,0,0,1,0,0,1
24,44345.06,5000.0,12,15,2,4.44,0.1127521306770134,2024,10,6,6,1,1,0,0,0,0,0,0,0,1,0,1,0,0,0,0,0
30,13900.67,3151.38,12,4,0,2.67,0.2267070580051177,2024,9,22,6,1,0,0,1,0,0,0,0,1,0,0,0,1,0,0,0,1
46,25301.1,5000.0,6,2,0,9.39,0.1976198663299224,2023,2,8,2,0,0,0,1,0,0,0,0,1,0,0,0,1,0,0,0,0
50,61714.74,5000.0,12,16,4,8.24,0.0810179221365916,2023,3,21,1,0,0,1,0,0,1,0,0,0,0,0,1,0,0,0,0,1
35,17801.02,5000.0,3,1,0,6.92,0.2808827808743543,2023,5,18,3,0,0,0,1,0,0,0,1,0,0,0,0,0,1,0,0,0
45,72699.1,5000.0,12,6,1,2.54,0.068776642351831,2024,11,21,3,0,0,1,0,0,0,0,1,0,0,0,0,0,0,1,0,0
25,56116.9,5000.0,9,7,2,3.45,0.0890997186230885,2024,10,22,1,0,1,0,0,0,0,0,0,1,0,0,0,1,0,0,0,0
48,78749.23,5000.0,9,12,1,7.31,0.0634926843094211,2024,7,1,0,0,0,1,0,0,0,0,0,0,1,0,0,0,0,1,0,0
52,38714.93,5000.0,6,9,2,1.36,0.1291491422043124,2023,1,8,6,1,1,0,0,0,1,0,0,0,0,0,0,1,0,0,0,0
21,46691.64,5000.0,6,15,2,5.08,0.1070855510750961,2023,1,17,1,0,1,0,0,0,0,0,0,1,0,0,0,0,0,1,0,0
35,15740.28,3436.39,3,1,0,4.43,0.2183182255970033,2024,8,18,6,1,0,0,1,0,1,0,0,0,0,0,1,0,0,0,0,1
46,75995.45,5000.0,12,9,1,9.14,0.0657934126319404,2024,10,13,6,1,1,0,0,0,0,0,1,0,0,0,0,1,0,0,0,0
20,49216.57,5000.0,6,3,0,9.03,0.1015918012978149,2024,7,31,2,0,0,1,0,0,0,0,0,0,1,0,0,0,0,1,0,0
28,11630.08,2609.55,9,2,0,8.71,0.2243793679837112,2023,2,2,3,0,0,0,0,1,0,0,0,1,0,0,0,0,0,0,1,0
20,21400.41,5000.0,6,1,0,2.89,0.2336403835253623,2024,9,27,4,0,0,1,0,0,0,1,0,0,0,0,0,0,1,0,0,0
53,88469.68,5000.0,3,12,1,5.8,0.056516537643179,2023,6,30,4,0,1,0,0,0,0,0,0,1,0,0,0,0,0,0,1,0
44,91214.44,5000.0,9,18,1,4.2,0.0548158822221569,2024,12,13,4,0,0,1,0,0,1,0,0,0,0,0,0,0,1,0,0,0
45,47917.74,5000.0,6,7,1,4.5,0.1043454887480085,2024,9,14,5,1,0,1,0,0,0,1,0,0,0,0,0,1,0,0,0,0
56,18196.39,5000.0,12,4,2,5.99,0.2747797777471246,2024,8,19,0,0,0,0,1,0,0,0,1,0,0,1,0,0,0,0,0,0
54,107225.44,5000.0,6,1,0,4.49,0.0466307249473632,2023,5,9,1,0,0,1,0,0,1,0,0,0,0,1,0,0,0,0,0,0
30,16827.96,5000.0,12,4,0,4.83,0.2971245474793142,2023,1,17,1,0,0,0,1,0,0,0,0,1,0,1,0,0,0,0,0,0
32,66469.71,5000.0,6,11,1,5.41,0.0752222328034829,2024,7,10,2,0,1,0,0,0,1,0,0,0,0,0,0,0,0,0,1,0
43,22886.93,5000.0,12,10,1,5.39,0.2184652987534807,2024,10,23,2,0,0,0,1,0,0,0,1,0,0,0,0,1,0,0,0,0
27,12121.79,3632.77,6,14,1,3.97,0.299689237315611,2023,4,25,1,0,0,0,1,0,0,0,0,1,0,0,0,1,0,0,0,0
28,16792.33,4286.6,12,19,2,7.51,0.2552713054114587,2024,11,6,2,0,0,0,0,1,1,0,0,0,0,0,0,0,1,0,0,1
19,24520.69,5000.0,3,1,0,2.97,0.2039094332174176,2024,7,5,4,0,1,0,0,0,0,1,0,0,0,0,0,1,0,0,0,0
23,8182.82,2811.53,3,8,1,5.75,0.3435893738344483,2024,9,20,4,0,0,0,0,1,0,1,0,0,0,0,0,1,0,0,0,0
29,22378.57,3746.89,9,12,3,5.97,0.167432056650626,2024,10,24,3,0,0,0,1,0,0,0,0,0,1,0,0,0,1,0,0,1
39,57248.04,5000.0,3,8,1,8.55,0.0873392346707415,2024,9,11,2,0,0,1,0,0,1,0,0,0,0,1,0,0,0,0,0,0
52,55871.71,5000.0,9,8,2,1.41,0.0894907279551673,2024,7,21,6,1,0,1,0,0,0,0,0,0,1,0,0,1,0,0,0,0
48,61510.61,5000.0,12,4,1,5.26,0.0812867893847906,2024,9,16,0,0,1,0,0,0,0,0,0,0,1,0,0,0,0,0,1,0
43,11632.39,3294.24,12,10,2,3.57,0.2831954568235762,2024,9,8,6,1,0,0,0,1,1,0,0,0,0,1,0,0,0,0,0,1
39,50889.08,5000.0,9,1,1,1.66,0.0982529061244573,2024,9,23,0,0,1,0,0,0,0,0,1,0,0,0,0,1,0,0,0,0
29,13514.28,2362.86,12,3,0,3.68,0.1748417229774727,2023,3,30,3,0,0,0,0,1,0,0,0,1,0,0,0,1,0,0,0,1
21,11325.72,3298.63,6,10,1,8.28,0.2912512405392328,2024,10,18,4,0,0,0,0,1,0,0,0,1,0,0,0,0,1,0,0,0
51,49168.69,5000.0,3,0,0,3.39,0.1016907304221446,2023,1,26,3,0,1,0,0,0,0,0,0,1,0,0,0,0,0,0,1,0
59,23203.16,5000.0,12,3,0,5.9,0.2154878904425086,2023,2,22,2,0,0,0,1,0,0,0,1,0,0,0,1,0,0,0,0,0
29,39841.31,5000.0,12,11,1,9.75,0.1254978814702629,2023,2,12,6,1,1,0,0,0,0,1,0,0,0,0,0,1,0,0,0,1
55,135422.43,5000.0,3,9,2,8.72,0.0369215055438009,2023,3,25,5,1,0,1,0,0,0,0,0,1,0,0,0,0,0,1,0,0
43,6423.13,2395.93,9,12,2,2.67,0.3730159595088375,2024,11,24,6,1,0,0,1,0,0,1,0,0,0,1,0,0,0,0,0,0
47,20840.4,5000.0,6,15,2,1.75,0.2399186196042302,2023,6,23,4,0,0,0,1,0,0,0,0,1,0,0,0,0,0,0,1,0
41,84115.45,5000.0,6,5,0,4.26,0.0594421120020162,2024,11,25,0,0,0,1,0,0,0,0,1,0,0,0,0,0,0,1,0,0
53,39053.38,5000.0,3,9,3,7.52,0.1280298913948037,2024,7,2,1,0,1,0,0,0,0,1,0,0,0,0,0,1,0,0,0,1
52,16543.9,2448.03,6,17,3,1.1,0.1479717599840424,2023,3,31,4,0,0,0,0,1,0,0,0,0,1,0,1,0,0,0,0,1
57,6275.29,1609.92,9,9,1,4.91,0.2565490997228813,2024,12,20,4,0,0,0,0,1,0,1,0,0,0,0,1,0,0,0,0,0
33,58490.18,5000.0,12,12,1,1.45,0.085484435165014,2023,3,11,5,1,1,0,0,0,0,1,0,0,0,1,0,0,0,0,0,0
44,16443.98,5000.0,12,12,1,1.72,0.3040626417692067,2024,8,6,1,0,0,0,0,1,0,0,1,0,0,0,0,1,0,0,0,1
28,5748.04,2108.63,9,24,1,9.83,0.3668433065879848,2024,7,12,4,0,0,0,0,1,0,0,0,0,1,1,0,0,0,0,0,1
57,69716.11,5000.0,9,12,1,3.81,0.0717194347188906,2024,12,5,3,0,1,0,0,0,0,0,0,0,1,0,0,0,1,0,0,0
29,10469.56,2226.89,3,8,3,1.31,0.2127013933727874,2024,9,12,3,0,0,0,1,0,0,0,0,1,0,0,0,0,0,1,0,1
40,34452.02,5000.0,12,12,2,6.95,0.1451293712240966,2024,12,30,0,0,0,1,0,0,0,0,0,0,1,0,0,1,0,0,0,0
52,30935.44,5000.0,6,18,3,1.18,0.1616269236836457,2023,5,5,4,0,1,0,0,0,0,0,1,0,0,0,1,0,0,0,0,1
42,75816.47,5000.0,6,1,0,4.11,0.0659487311925759,2024,11,14,3,0,0,1,0,0,0,1,0,0,0,0,0,0,0,1,0,0
57,10956.25,2775.36,3,9,1,9.41,0.2533129492298916,2024,11,7,3,0,0,0,0,1,0,0,1,0,0,0,1,0,0,0,0,1
45,16050.33,5000.0,3,5,0,7.13,0.3115200746651315,2023,4,23,6,1,1,0,0,0,1,0,0,0,0,1,0,0,0,0,0,0
21,16014.84,5000.0,12,22,3,8.61,0.3122104248309693,2023,4,2,6,1,1,0,0,0,0,0,0,1,0,0,0,0,0,0,1,1
21,6024.9,2013.23,9,8,1,3.82,0.3341516041760029,2023,2,10,4,0,0,0,0,1,0,1,0,0,0,0,0,0,0,0,1,1
43,76025.88,5000.0,6,3,0,8.8,0.0657670782633492,2024,11,29,4,0,1,0,0,0,0,0,0,0,1,0,0,0,0,0,1,0
21,12281.99,5000.0,6,12,1,6.03,0.407100152336877,2023,3,11,5,1,0,0,1,0,0,0,0,1,0,0,0,1,0,0,0,0
32,47954.52,5000.0,3,4,1,1.58,0.1042654581883,2024,9,2,0,0,1,0,0,0,0,1,0,0,0,0,0,0,0,1,0,0
41,64844.55,5000.0,6,9,1,8.71,0.0771074824329878,2023,5,1,0,0,1,0,0,0,0,0,0,0,1,0,0,0,1,0,0,0
57,109959.2,5000.0,6,4,0,7.83,0.0454714112143413,2024,11,29,4,0,0,1,0,0,0,1,0,0,0,0,0,1,0,0,0,0
19,25952.66,5000.0,12,0,0,8.75,0.1926584789381897,2023,4,12,2,0,1,0,0,0,0,0,1,0,0,1,0,0,0,0,0,1
52,11781.96,2201.71,9,1,0,9.01,0.1868712845740437,2024,12,23,0,0,1,0,0,0,1,0,0,0,0,0,0,0,0,0,1,0
35,41124.04,5000.0,3,14,1,6.42,0.1215833852899666,2023,1,30,0,0,1,0,0,0,0,0,1,0,0,0,0,1,0,0,0,1
18,33015.36,5000.0,9,2,0,2.47,0.1514446609093464,2024,12,31,1,0,1,0,0,0,1,0,0,0,0,0,1,0,0,0,0,0
54,15895.88,5000.0,3,16,3,1.27,0.3145469140431357,2024,12,30,0,0,0,0,0,1,0,0,0,1,0,1,0,0,0,0,0,1
23,30715.39,5000.0,9,6,0,3.84,0.162784844991387,2024,9,10,1,0,0,1,0,0,0,0,1,0,0,0,1,0,0,0,0,1
33,8455.21,3092.46,6,10,1,6.52,0.3657460902804307,2024,7,3,2,0,0,0,0,1,1,0,0,0,0,0,0,0,0,1,0,1
19,5032.74,554.62,3,4,0,1.17,0.1102023947193775,2023,6,27,1,0,0,0,0,1,0,0,1,0,0,0,0,0,1,0,0,1
42,7721.39,1641.54,12,14,2,5.97,0.2125964366519499,2024,9,18,2,0,0,0,1,0,1,0,0,0,0,0,1,0,0,0,0,0
27,66353.11,5000.0,12,4,0,7.24,0.0753544182028543,2024,7,31,2,0,0,1,0,0,0,1,0,0,0,1,0,0,0,0,0,0
19,8264.09,3387.22,3,16,2,5.45,0.4098721093308519,2024,7,13,5,1,0,0,0,1,0,0,0,0,1,0,0,0,0,0,1,1
20,7639.63,480.51,9,11,1,8.08,0.0628970251177085,2023,2,1,2,0,0,0,0,1,1,0,0,0,0,0,1,0,0,0,0,1
26,25782.62,5000.0,9,14,1,1.57,0.193929088665155,2023,4,21,4,0,0,1,0,0,1,0,0,0,0,1,0,0,0,0,0,0
21,38449.04,100.0,6,7,2,9.17,0.0026008451706466,2023,2,28,1,0,0,1,0,0,0,0,0,1,0,0,0,0,0,1,0,1
24,5217.31,844.78,9,12,1,9.63,0.1619186898995842,2023,5,26,4,0,0,0,1,0,0,0,0,0,1,0,0,0,0,1,0,1
49,16281.63,5000.0,9,1,0,4.19,0.3070945599427084,2023,5,2,1,0,0,0,0,1,0,0,0,1,0,0,1,0,0,0,0,1
37,11696.68,3600.52,6,4,2,7.55,0.307824100513992,2024,8,19,0,0,0,0,0,1,0,0,0,1,0,0,1,0,0,0,0,1
20,30343.21,5000.0,9,14,2,6.82,0.1647815112507872,2024,12,24,1,0,1,0,0,0,1,0,0,0,0,0,0,0,0,1,0,0
52,10183.41,5000.0,12,26,2,6.16,0.490994666815929,2024,12,9,0,0,0,0,0,1,0,0,1,0,0,0,0,0,0,0,1,1
29,59605.22,5000.0,12,17,2,5.09,0.083885270451145,2023,2,27,0,0,0,1,0,0,0,0,0,0,1,0,1,0,0,0,0,0
48,7584.43,4073.6,12,0,0,3.8,0.5371003490044736,2024,12,17,1,0,0,0,0,1,0,0,0,1,0,0,0,1,0,0,0,1
49,7884.59,2710.38,6,13,2,3.18,0.3437566189237487,2024,7,8,0,0,0,0,0,1,0,0,0,0,1,0,0,0,0,1,0,0
38,16828.81,5000.0,9,1,0,2.97,0.2971095401279116,2023,6,26,0,0,0,0,0,1,0,1,0,0,0,0,0,1,0,0,0,1
49,9890.65,3058.15,6,2,0,5.0,0.3091960589041165,2023,3,27,0,0,0,0,0,1,1,0,0,0,0,0,1,0,0,0,0,0
40,5980.48,1422.2,6,9,3,3.31,0.2378069987693295,2024,7,9,1,0,0,0,0,1,0,0,1,0,0,0,0,1,0,0,0,1
19,5790.38,2284.89,6,19,4,2.22,0.394601045181836,2024,10,13,6,1,0,0,1,0,1,0,0,0,0,0,0,0,0,1,0,1
48,9352.5,5000.0,12,12,1,9.98,0.5346164127238706,2023,3,4,5,1,0,1,0,0,0,0,0,0,1,0,0,0,0,0,1,0
27,10493.14,1526.09,12,12,1,9.12,0.1454369235519587,2023,2,18,5,1,0,0,0,1,0,1,0,0,0,0,0,1,0,0,0,1
33,7086.93,100.0,6,9,1,7.45,0.0141104822539519,2023,2,22,2,0,0,0,0,1,0,0,1,0,0,0,1,0,0,0,0,0
46,80406.85,5000.0,6,8,2,5.91,0.0621837567321689,2023,3,3,4,0,0,1,0,0,0,0,1,0,0,0,1,0,0,0,0,0
32,57074.82,5000.0,6,11,2,2.88,0.0876043060670187,2023,5,20,5,1,0,1,0,0,0,0,0,1,0,0,1,0,0,0,0,0
59,11157.78,5000.0,6,3,2,6.33,0.4481178155511221,2024,12,15,6,1,0,0,1,0,1,0,0,0,0,0,0,0,0,0,1,1
25,86356.76,5000.0,12,2,0,1.2,0.057899346849048,2023,1,9,0,0,0,1,0,0,1,0,0,0,0,0,1,0,0,0,0,0
22,47623.34,5000.0,9,3,0,8.02,0.1049905361530711,2023,2,22,2,0,1,0,0,0,0,1,0,0,0,0,0,0,1,0,0,0
44,60124.48,2241.1,9,10,1,7.23,0.0372743348466381,2023,1,26,3,0,1,0,0,0,0,1,0,0,0,0,1,0,0,0,0,0
23,5000.0,1327.63,12,11,3,7.1,0.265526,2023,6,25,6,1,0,0,0,1,1,0,0,0,0,0,1,0,0,0,0,1
53,57563.34,5000.0,6,1,0,1.01,0.0868608388602885,2023,3,10,4,0,1,0,0,0,0,0,0,1,0,0,0,1,0,0,0,0
43,46936.49,5000.0,3,20,2,7.96,0.106526926065413,2024,11,3,6,1,1,0,0,0,0,0,0,0,1,0,0,1,0,0,0,1
20,10213.42,5000.0,6,17,1,1.84,0.4895519816085111,2024,11,11,0,0,0,0,0,1,0,0,1,0,0,1,0,0,0,0,0,1
40,35459.72,5000.0,9,22,1,7.1,0.1410050615176882,2023,2,21,1,0,0,1,0,0,0,1,0,0,0,0,0,0,0,1,0,1
22,16091.41,5000.0,3,1,1,4.53,0.3107247904316651,2023,1,12,3,0,0,0,1,0,0,0,0,1,0,0,1,0,0,0,0,1
36,43484.36,5000.0,9,14,1,8.65,0.1149838700627076,2024,9,21,5,1,1,0,0,0,0,0,1,0,0,0,1,0,0,0,0,0
33,22819.5,1904.5,6,1,0,1.93,0.0834593220710357,2024,10,22,1,0,0,0,1,0,0,1,0,0,0,0,0,1,0,0,0,0
57,66288.5,5000.0,12,4,0,9.78,0.0754278645617264,2024,8,27,1,0,0,1,0,0,0,1,0,0,0,0,0,1,0,0,0,0
38,51250.98,5000.0,6,21,1,3.41,0.0975591100892119,2024,10,8,1,0,1,0,0,0,0,0,0,0,1,0,0,0,0,0,1,1
45,13882.08,5000.0,3,2,0,6.45,0.3601765729631294,2024,12,1,6,1,0,0,1,0,0,0,1,0,0,0,0,1,0,0,0,0
49,5000.0,1060.88,6,14,1,7.04,0.212176,2023,6,29,3,0,0,0,0,1,1,0,0,0,0,0,0,0,0,1,0,0
18,42205.72,5000.0,9,13,3,3.21,0.1184673546618799,2023,6,27,1,0,0,1,0,0,0,0,0,0,1,0,0,1,0,0,0,1
42,16079.82,5000.0,12,15,2,4.4,0.3109487544014796,2024,10,19,5,1,0,0,1,0,0,0,0,1,0,0,1,0,0,0,0,1
55,58505.29,1324.78,12,10,1,6.18,0.022643764350198,2023,1,18,2,0,1,0,0,0,0,0,0,0,1,0,1,0,0,0,0,0
21,12652.31,3049.67,6,4,1,3.53,0.2410366170288271,2024,8,1,3,0,0,0,1,0,0,0,0,0,1,0,0,0,0,1,0,0
52,82999.19,5000.0,12,7,1,9.67,0.0602415517549026,2024,9,10,1,0,0,1,0,0,1,0,0,0,0,0,0,0,0,1,0,0
23,6076.15,2167.95,3,5,2,8.52,0.3567966557770957,2024,8,7,2,0,0,0,0,1,0,0,0,1,0,0,0,0,0,0,1,1
18,35467.8,5000.0,9,13,2,3.05,0.1409729388346612,2023,2,21,1,0,1,0,0,0,1,0,0,0,0,0,0,0,0,1,0,0
57,55920.12,5000.0,3,14,1,9.62,0.0894132559086067,2023,5,5,4,0,1,0,0,0,1,0,0,0,0,0,0,0,0,1,0,0
37,13749.83,5000.0,6,17,2,4.26,0.3636408595597182,2024,12,28,5,1,0,0,0,1,0,0,0,1,0,0,0,1,0,0,0,1
47,15596.54,5000.0,9,0,0,8.54,0.3205839243832286,2023,1,12,3,0,0,0,0,1,1,0,0,0,0,0,0,0,0,0,1,1
21,6893.62,332.16,12,1,0,4.18,0.0481836828835938,2023,4,21,4,0,0,0,0,1,0,0,1,0,0,0,0,0,1,0,0,1
29,67195.31,5000.0,9,5,2,7.05,0.0744099550995449,2023,6,21,2,0,0,1,0,0,0,1,0,0,0,0,0,0,0,0,1,0
56,61222.32,5000.0,6,20,2,8.84,0.0816695610359097,2023,3,15,2,0,1,0,0,0,0,0,0,1,0,0,0,0,0,0,1,1
34,85317.79,5000.0,6,17,3,9.82,0.0586044247043904,2024,10,23,2,0,1,0,0,0,0,0,0,1,0,0,0,0,1,0,0,1
19,20965.97,5000.0,12,2,0,4.59,0.2384816919989869,2024,9,9,0,0,1,0,0,0,0,0,0,1,0,0,0,1,0,0,0,1
59,36537.55,5000.0,3,16,1,9.81,0.1368455191987421,2024,9,1,6,1,1,0,0,0,0,0,0,1,0,1,0,0,0,0,0,0
26,7436.9,2270.78,9,11,1,7.3,0.3053395904207399,2024,8,26,0,0,0,0,0,1,1,0,0,0,0,0,0,0,0,1,0,0
40,55572.35,5000.0,9,1,0,4.84,0.0899728012221905,2023,4,23,6,1,1,0,0,0,0,0,1,0,0,0,0,0,1,0,0,0
49,71255.26,5000.0,9,9,2,4.97,0.070170258307948,2024,8,8,3,0,1,0,0,0,1,0,0,0,0,1,0,0,0,0,0,0
57,12859.37,4153.13,12,4,0,9.72,0.3229652774591601,2024,10,23,2,0,0,0,1,0,1,0,0,0,0,0,0,0,1,0,0,0
46,12055.85,1420.4,3,9,1,7.63,0.117818320566364,2024,7,26,4,0,0,0,1,0,0,0,0,0,1,1,0,0,0,0,0,0
35,37443.12,5000.0,9,15,1,9.53,0.1335358805569621,2023,1,31,1,0,0,1,0,0,1,0,0,0,0,1,0,0,0,0,0,0
20,5000.0,100.0,6,5,1,1.2,0.02,2023,6,30,4,0,0,0,1,0,0,1,0,0,0,0,0,0,0,0,1,0
23,49370.25,5000.0,12,19,3,9.57,0.1012755657506291,2023,1,11,2,0,1,0,0,0,0,0,0,1,0,0,0,0,0,1,0,1
35,22098.01,5000.0,3,0,0,7.39,0.2262647179542411,2023,2,15,2,0,0,0,1,0,0,0,0,0,1,1,0,0,0,0,0,0
55,75151.36,5000.0,3,4,0,3.22,0.0665323954217195,2024,10,3,3,0,0,1,0,0,0,0,0,0,1,0,1,0,0,0,0,0
38,41869.53,5000.0,3,0,0,3.92,0.1194185843500034,2023,4,5,2,0,1,0,0,0,0,0,1,0,0,0,0,0,0,0,1,1
33,73238.14,5000.0,12,17,2,5.26,0.0682704394185871,2023,1,18,2,0,1,0,0,0,0,1,0,0,0,1,0,0,0,0,0,0
21,16040.61,5000.0,9,9,1,4.68,0.311708843990347,2024,10,9,2,0,0,0,1,0,0,0,0,1,0,0,0,0,0,0,1,0
39,81440.99,5000.0,9,3,0,2.18,0.0613941456261766,2024,8,3,5,1,0,1,0,0,0,0,0,1,0,0,0,0,0,0,1,0
25,13744.42,3759.98,6,2,0,2.09,0.2735641081980905,2023,3,22,2,0,0,0,1,0,0,0,1,0,0,0,0,0,0,1,0,0
36,12765.3,2766.88,6,0,0,1.5,0.2167500959632754,2023,2,26,6,1,0,0,1,0,0,0,0,0,1,0,0,0,0,0,1,0
55,6946.4,477.83,3,4,1,1.18,0.0687881492571691,2024,9,30,0,0,0,1,0,0,0,0,1,0,0,0,1,0,0,0,0,1
48,64554.28,5000.0,12,6,1,7.82,0.077454198234416,2024,11,8,4,0,1,0,0,0,0,1,0,0,0,0,0,0,0,0,1,0
45,64544.96,5000.0,9,0,0,2.39,0.0774653822699712,2024,9,14,5,1,1,0,0,0,1,0,0,0,0,0,0,1,0,0,0,0
56,5908.76,2000.53,6,0,0,3.42,0.3385701906999099,2023,2,7,1,0,0,0,1,0,0,0,0,1,0,0,0,0,0,1,0,0
46,58211.23,5000.0,6,9,2,9.97,0.0858940792008689,2024,7,7,6,1,1,0,0,0,0,0,0,1,0,0,1,0,0,0,0,0
45,12797.59,3233.97,12,9,2,3.98,0.2527014852015106,2024,10,20,6,1,0,0,0,1,0,0,0,0,1,0,0,0,0,0,1,1
53,85460.46,5000.0,12,2,0,6.39,0.0585065888950281,2023,4,20,3,0,1,0,0,0,0,0,0,0,1,0,0,0,0,0,1,0
38,53698.16,5000.0,6,24,2,4.88,0.0931130601123017,2024,8,26,0,0,1,0,0,0,0,1,0,0,0,0,1,0,0,0,0,1
40,83337.83,5000.0,12,2,0,9.4,0.0599967625746914,2023,2,4,5,1,0,1,0,0,0,1,0,0,0,0,0,0,0,1,0,0
20,10936.9,2961.38,6,8,2,5.35,0.2707695965035796,2023,5,18,3,0,0,0,1,0,0,0,0,1,0,0,0,0,1,0,0,0
25,42551.66,5000.0,6,21,1,1.72,0.1175042289772008,2023,3,8,2,0,0,1,0,0,0,0,0,0,1,0,0,0,1,0,0,0
49,19708.2,5000.0,6,13,1,5.84,0.2537015049573274,2023,2,14,1,0,0,0,1,0,0,1,0,0,0,0,0,0,1,0,0,0
22,8410.02,1921.94,6,18,1,8.11,0.2285297775748452,2024,10,31,3,0,0,0,0,1,0,0,1,0,0,0,0,0,0,1,0,1
48,80543.39,5000.0,12,15,1,7.97,0.0620783406310561,2023,3,4,5,1,0,1,0,0,1,0,0,0,0,0,0,0,0,1,0,0
26,22137.24,5000.0,12,12,1,5.62,0.2258637481456586,2023,4,17,0,0,0,0,1,0,0,0,1,0,0,1,0,0,0,0,0,0
42,68336.43,5000.0,6,14,3,7.14,0.0731674159741736,2023,4,28,4,0,0,0,0,1,0,0,0,0,1,0,0,1,0,0,0,0
28,7111.21,4995.39,3,0,0,4.16,0.7024669500689756,2023,4,11,1,0,0,0,0,1,0,1,0,0,0,0,0,1,0,0,0,0
52,12157.76,2232.86,3,15,3,1.87,0.1836571868502092,2023,3,6,0,0,0,0,0,1,1,0,0,0,0,0,0,0,1,0,0,1
28,67072.16,5000.0,12,5,1,2.92,0.0745465778946138,2023,1,27,4,0,1,0,0,0,0,1,0,0,0,0,0,0,0,0,1,0
36,11150.66,2888.27,12,12,1,2.55,0.259022335897606,2023,5,26,4,0,0,0,0,1,0,0,1,0,0,0,0,0,0,1,0,1
28,16484.17,4188.1,12,6,1,7.5,0.2540679937176091,2023,4,13,3,0,0,0,1,0,1,0,0,0,0,0,0,1,0,0,0,1
47,72994.74,5000.0,3,0,0,3.89,0.0684980863004649,2024,11,21,3,0,0,1,0,0,0,1,0,0,0,1,0,0,0,0,0,0
39,55353.21,3012.43,3,1,0,9.46,0.0544219567392749,2024,10,5,5,1,1,0,0,0,1,0,0,0,0,0,0,0,1,0,0,1
26,54928.55,5000.0,9,13,1,4.26,0.0910273437037751,2024,11,10,6,1,1,0,0,0,0,0,1,0,0,1,0,0,0,0,0,0
42,12351.37,3038.12,6,20,2,8.15,0.2459743332116194,2024,10,6,6,1,0,0,0,1,0,0,1,0,0,0,0,1,0,0,0,1
46,75117.25,5000.0,12,10,1,5.92,0.0665626071241958,2023,3,18,5,1,0,1,0,0,0,1,0,0,0,1,0,0,0,0,0,0
47,92740.01,5000.0,6,5,1,5.18,0.0539141628300449,2024,7,13,5,1,0,1,0,0,0,0,1,0,0,0,0,0,0,0,1,0
36,21009.66,5000.0,3,4,0,5.88,0.237985764643502,2024,8,6,1,0,0,0,1,0,0,0,1,0,0,0,0,0,1,0,0,0
49,75893.24,5000.0,6,18,1,3.61,0.0658820205857596,2023,5,20,5,1,0,1,0,0,0,0,1,0,0,1,0,0,0,0,0,0
45,44555.67,5000.0,3,0,0,8.85,0.1122191631278353,2024,9,3,1,0,1,0,0,0,0,0,1,0,0,0,0,0,1,0,0,0
30,65113.83,5000.0,3,4,0,3.89,0.076788602359898,2023,6,19,0,0,1,0,0,0,0,0,1,0,0,0,0,0,0,0,1,0
46,38984.78,5000.0,3,18,1,6.67,0.1282551806115104,2023,5,9,1,0,0,1,0,0,0,0,1,0,0,0,0,1,0,0,0,1
22,10833.25,1329.53,12,6,2,9.8,0.1227267902060785,2024,11,4,0,0,0,0,1,0,0,0,0,1,0,0,0,0,0,1,0,0
38,5000.0,301.87,3,15,1,4.93,0.060374,2024,8,6,1,0,0,0,0,1,0,1,0,0,0,1,0,0,0,0,0,0
46,55252.61,5000.0,12,9,1,2.35,0.0904934626617638,2024,12,30,0,0,1,0,0,0,1,0,0,0,0,0,0,1,0,0,0,0
50,17407.68,5000.0,12,11,1,7.42,0.2872295446607474,2024,9,26,3,0,0,0,0,1,0,1,0,0,0,0,1,0,0,0,0,0
18,44947.41,100.0,6,5,0,6.91,0.002224822297881,2023,1,16,0,0,1,0,0,0,0,0,0,1,0,0,0,0,1,0,0,0
41,12690.46,5000.0,3,0,0,4.81,0.3939967503148034,2024,10,18,4,0,0,0,1,0,0,0,0,1,0,0,1,0,0,0,0,1
24,46786.7,5000.0,6,0,0,7.8,0.1068679774380326,2023,2,7,1,0,1,0,0,0,0,0,1,0,0,0,0,0,0,1,0,1
46,57140.47,5000.0,3,16,3,4.46,0.087503655465207,2024,10,29,1,0,1,0,0,0,1,0,0,0,0,0,0,0,0,0,1,1
39,83971.29,5000.0,3,5,1,6.71,0.0595441608673631,2024,10,26,5,1,1,0,0,0,0,1,0,0,0,0,0,0,0,0,1,0
43,12586.01,5000.0,6,12,1,3.65,0.3972664887442486,2024,7,28,6,1,0,0,0,1,0,0,1,0,0,0,0,1,0,0,0,1
44,16539.39,5000.0,9,8,1,2.9,0.302308609930596,2023,3,3,4,0,0,0,0,1,0,0,0,1,0,0,0,0,0,1,0,0
28,12849.22,3803.87,3,2,0,9.75,0.2960389813545102,2023,4,21,4,0,0,0,1,0,1,0,0,0,0,0,0,1,0,0,0,1
48,44583.7,5000.0,12,17,1,9.53,0.1121486103665689,2023,5,16,1,0,1,0,0,0,0,0,0,0,1,0,0,1,0,0,0,1
45,5000.0,1394.71,9,8,1,2.06,0.278942,2023,4,20,3,0,0,0,0,1,0,1,0,0,0,0,0,0,0,0,1,0
58,48205.95,5000.0,3,1,0,1.28,0.1037216360221093,2024,8,7,2,0,1,0,0,0,0,0,0,0,1,0,0,0,0,1,0,0
50,50059.69,5000.0,9,11,1,2.67,0.0998807623459114,2023,2,4,5,1,1,0,0,0,0,0,0,1,0,0,0,0,0,1,0,1
43,34474.97,5000.0,3,25,1,2.05,0.1450327585491735,2024,7,30,1,0,1,0,0,0,0,0,0,0,1,0,0,0,0,0,1,1
27,72899.1,5000.0,3,7,1,8.69,0.0685879523889869,2023,6,13,1,0,0,1,0,0,0,0,1,0,0,0,0,0,0,1,0,0
18,9584.0,5000.0,6,5,1,9.25,0.5217028380634391,2023,2,8,2,0,0,0,0,1,0,0,1,0,0,1,0,0,0,0,0,1
57,71730.33,4156.82,9,15,1,5.44,0.0579506604807199,2023,1,18,2,0,1,0,0,0,0,0,0,1,0,0,0,1,0,0,0,0
53,5000.0,1829.91,9,13,2,7.0,0.365982,2024,7,7,6,1,0,0,0,1,0,0,1,0,0,0,0,0,0,1,0,0
51,13955.67,2240.89,9,11,1,8.38,0.1605720112327104,2023,5,26,4,0,0,0,1,0,0,1,0,0,0,0,0,0,0,0,1,0
33,51808.85,5000.0,9,5,1,7.15,0.0965086080852981,2024,12,7,5,1,1,0,0,0,0,0,0,0,1,0,0,0,0,0,1,1
30,16992.16,5000.0,3,21,3,8.81,0.2942533497801339,2024,8,7,2,0,0,0,1,0,0,0,0,0,1,0,0,0,0,1,0,1
18,5000.0,1050.56,3,0,0,6.17,0.210112,2024,12,5,3,0,0,0,0,1,0,0,0,0,1,0,0,0,0,1,0,0
19,9143.41,2504.19,3,1,0,4.65,0.2738792201159086,2023,2,4,5,1,0,0,0,1,0,0,0,1,0,1,0,0,0,0,0,0
18,42358.41,5000.0,3,11,2,2.63,0.1180403136000619,2024,7,3,2,0,1,0,0,0,0,0,0,0,1,0,0,0,0,0,1,0
47,18664.42,5000.0,9,31,1,6.09,0.2678893852581543,2024,10,9,2,0,0,1,0,0,0,1,0,0,0,1,0,0,0,0,0,1
20,8022.94,1902.56,6,0,0,6.78,0.2371400010469977,2024,8,4,6,1,0,0,1,0,0,1,0,0,0,0,0,0,1,0,0,0
52,10350.43,531.94,9,0,0,5.49,0.0513930339126007,2024,11,6,2,0,0,0,0,1,0,1,0,0,0,0,0,0,0,1,0,0
20,8452.23,2823.21,12,0,0,5.1,0.3340195427715526,2024,9,18,2,0,0,0,1,0,0,1,0,0,0,0,0,0,0,1,0,1
40,74179.36,5000.0,12,17,3,9.69,0.0674041943742841,2023,3,9,3,0,0,1,0,0,0,0,0,0,1,0,0,0,0,0,1,1
27,50909.97,5000.0,9,9,2,2.83,0.0982125897933155,2023,5,31,2,0,1,0,0,0,0,0,1,0,0,0,1,0,0,0,0,1
58,29851.49,5000.0,12,3,1,4.64,0.1674958268414742,2024,12,8,6,1,0,0,1,0,0,0,1,0,0,0,1,0,0,0,0,0
34,36669.77,5000.0,9,14,3,3.7,0.1363520960180552,2023,5,9,1,0,1,0,0,0,0,0,0,0,1,0,0,0,0,0,1,1
36,29376.65,4331.02,9,5,0,5.89,0.1474306975097569,2024,8,18,6,1,1,0,0,0,1,0,0,0,0,0,1,0,0,0,0,0
56,18162.16,1870.17,9,18,4,9.53,0.1029706819012716,2024,7,12,4,0,0,0,0,1,0,0,1,0,0,0,0,0,0,0,1,1
32,16185.18,5000.0,12,12,2,9.27,0.3089245840948324,2023,1,10,1,0,0,0,1,0,0,1,0,0,0,0,0,0,0,0,1,1
57,41947.81,5000.0,12,8,1,4.07,0.1191957339370041,2023,1,1,6,1,0,1,0,0,0,1,0,0,0,0,0,1,0,0,0,0
26,17895.3,3066.11,9,2,0,6.05,0.1713360491302185,2023,3,27,0,0,0,0,1,0,1,0,0,0,0,1,0,0,0,0,0,0
57,5000.0,2290.8,3,16,2,3.81,0.45816,2023,6,15,3,0,0,0,0,1,0,1,0,0,0,0,0,0,1,0,0,1
20,5000.0,100.0,3,13,1,1.09,0.02,2023,1,4,2,0,0,0,0,1,0,0,0,1,0,0,0,0,0,0,1,1
53,72280.66,5000.0,6,5,0,5.31,0.0691747972417518,2023,6,18,6,1,0,1,0,0,0,1,0,0,0,0,0,0,0,1,0,0
37,8829.56,2331.02,12,0,0,8.05,0.2640018302157752,2023,6,5,0,0,0,0,1,0,0,0,0,0,1,0,0,0,0,0,1,1
59,27802.21,5000.0,9,18,2,1.04,0.1798418183302694,2024,12,30,0,0,0,0,1,0,0,0,0,1,0,0,0,0,0,1,0,1
27,5152.94,564.18,6,0,1,9.86,0.1094870112984044,2023,1,21,5,1,0,0,1,0,0,0,0,0,1,0,0,0,1,0,0,1
28,48523.76,5000.0,9,3,0,1.09,0.1030423033994068,2023,3,8,2,0,1,0,0,0,0,0,1,0,0,0,0,0,0,1,0,0
29,5000.0,803.85,9,18,1,5.24,0.16077,2023,5,17,2,0,0,0,0,1,0,0,0,1,0,0,0,0,1,0,0,1
34,11252.2,1441.98,6,0,0,7.0,0.1281509393718561,2024,12,15,6,1,0,0,0,1,1,0,0,0,0,0,1,0,0,0,0,0
35,19454.18,3733.23,3,0,0,8.79,0.1918986048242588,2024,12,20,4,0,1,0,0,0,0,0,0,0,1,0,0,1,0,0,0,0
19,51293.03,5000.0,3,5,1,10.0,0.0974791311802013,2023,6,21,2,0,0,1,0,0,0,0,1,0,0,0,1,0,0,0,0,0
28,7552.86,100.0,9,12,3,1.57,0.0132400176886636,2023,1,11,2,0,0,0,0,1,0,0,1,0,0,0,1,0,0,0,0,1
24,33030.78,5000.0,3,15,3,2.27,0.1513739608934454,2024,11,26,1,0,0,1,0,0,0,0,0,1,0,1,0,0,0,0,0,1
29,24305.91,5000.0,12,1,0,6.22,0.2057112858559914,2023,3,19,6,1,0,0,1,0,0,0,1,0,0,0,1,0,0,0,0,1
25,46332.18,5000.0,6,5,2,6.97,0.1079163553279815,2024,12,24,1,0,1,0,0,0,0,1,0,0,0,0,0,1,0,0,0,0
34,12126.22,4032.91,6,10,3,2.92,0.3325776705354183,2024,12,2,0,0,0,0,1,0,0,0,1,0,0,0,0,0,0,1,0,1
27,5000.0,335.01,12,0,0,6.88,0.0670019999999999,2023,2,13,0,0,0,0,0,1,0,1,0,0,0,1,0,0,0,0,0,1
46,13135.34,3689.8,3,20,2,6.56,0.2809063183747052,2024,7,31,2,0,0,0,0,1,1,0,0,0,0,1,0,0,0,0,0,0
56,20352.77,5000.0,9,16,1,8.74,0.2456668060416346,2024,7,8,0,0,0,0,1,0,0,0,0,0,1,0,1,0,0,0,0,1
37,34920.49,5000.0,6,3,0,3.55,0.1431824123888296,2024,10,14,0,0,0,1,0,0,0,0,1,0,0,0,1,0,0,0,0,0
33,50486.77,5000.0,12,11,1,2.89,0.0990358464207553,2023,3,31,4,0,0,1,0,0,1,0,0,0,0,0,0,0,1,0,0,1
48,86517.05,5000.0,9,1,0,5.89,0.0577920768218518,2023,2,1,2,0,0,1,0,0,1,0,0,0,0,1,0,0,0,0,0,0
49,64700.46,5000.0,6,13,2,2.27,0.0772792032699613,2024,11,22,4,0,1,0,0,0,0,1,0,0,0,0,0,0,1,0,0,0
20,10469.17,1757.96,6,0,0,9.35,0.1679178005515241,2023,2,24,4,0,0,0,1,0,0,0,0,1,0,0,0,1,0,0,0,1
33,16111.33,5000.0,3,14,2,8.43,0.3103406112344543,2024,12,11,2,0,0,0,1,0,1,0,0,0,0,1,0,0,0,0,0,0
39,65864.88,5000.0,12,3,0,5.37,0.0759129903523698,2023,1,25,2,0,0,1,0,0,1,0,0,0,0,0,0,0,0,1,0,0
38,16034.79,5000.0,6,6,1,3.88,0.3118219820777197,2024,12,19,3,0,0,0,1,0,0,1,0,0,0,0,0,0,1,0,0,0
48,16145.39,2958.92,9,1,0,8.25,0.1832671740973739,2024,10,1,1,0,0,0,1,0,1,0,0,0,0,0,1,0,0,0,0,1
30,42721.19,5000.0,9,1,2,7.64,0.1170379383158568,2024,11,18,0,0,1,0,0,0,0,0,0,0,1,0,0,0,1,0,0,1
26,14363.55,5000.0,3,11,1,3.96,0.3481033588493095,2023,2,21,1,0,0,0,1,0,0,0,1,0,0,0,0,0,0,0,1,1
54,5000.0,1598.0,12,13,1,4.72,0.3196,2024,9,3,1,0,0,0,0,1,1,0,0,0,0,0,0,1,0,0,0,0
40,41007.34,5000.0,9,12,1,1.36,0.1219293911772868,2024,11,28,3,0,0,1,0,0,0,1,0,0,0,0,0,0,0,1,0,0
36,62653.5,5000.0,6,13,4,6.66,0.0798040013726288,2024,10,16,2,0,1,0,0,0,0,0,0,0,1,0,1,0,0,0,0,0
39,7163.04,2225.12,6,7,1,1.07,0.3106390582769326,2024,12,6,4,0,0,0,1,0,1,0,0,0,0,0,0,1,0,0,0,1
24,24994.17,5000.0,12,16,2,6.74,0.200046650878985,2024,7,25,3,0,0,1,0,0,0,0,0,0,1,0,0,0,0,1,0,1
21,30619.25,5000.0,12,1,0,7.61,0.1632959657731655,2024,12,30,0,0,0,1,0,0,0,1,0,0,0,1,0,0,0,0,0,1
25,97364.13,5000.0,9,0,0,6.41,0.0513536145190225,2024,12,6,4,0,0,1,0,0,0,1,0,0,0,0,0,0,0,0,1,0
37,50520.97,5000.0,3,3,0,4.26,0.0989688044390279,2023,3,10,4,0,0,1,0,0,0,0,0,1,0,0,1,0,0,0,0,0
25,32683.82,5000.0,12,3,1,5.97,0.1529808939101977,2023,5,19,4,0,1,0,0,0,0,0,0,0,1,0,0,0,1,0,0,0
55,39414.32,2860.28,3,1,0,8.47,0.0725695635494916,2023,5,2,1,0,0,1,0,0,0,0,0,1,0,0,0,0,1,0,0,0
18,5000.0,1353.61,6,5,0,8.63,0.2707219999999999,2023,4,4,1,0,0,0,0,1,1,0,0,0,0,0,0,1,0,0,0,0
38,48668.25,100.0,6,3,0,5.38,0.0020547276715312,2024,12,13,4,0,0,1,0,0,0,0,1,0,0,0,1,0,0,0,0,0
56,11611.28,2012.0,3,1,0,8.01,0.173279776217609,2024,9,30,0,0,0,0,0,1,1,0,0,0,0,0,0,0,0,1,0,1
22,7601.58,2644.82,6,12,2,3.21,0.3479302987010595,2023,2,3,4,0,0,0,0,1,0,0,0,0,1,1,0,0,0,0,0,1
36,18747.69,5000.0,6,18,1,2.02,0.2666995240480294,2024,11,28,3,0,1,0,0,0,0,0,0,0,1,0,0,1,0,0,0,1
29,18790.25,4264.25,9,4,0,2.34,0.2269395031997977,2023,3,25,5,1,0,0,1,0,0,1,0,0,0,0,0,0,0,1,0,0
23,29686.06,5000.0,12,17,1,1.13,0.1684292223353318,2024,11,13,2,0,1,0,0,0,0,0,0,1,0,0,0,0,0,1,0,1
28,38365.94,5000.0,9,13,1,1.22,0.1303239279423363,2024,7,20,5,1,0,1,0,0,1,0,0,0,0,0,0,0,1,0,0,0
32,10238.46,4693.34,6,2,0,6.0,0.4584029238772237,2024,10,12,5,1,0,0,0,1,0,1,0,0,0,0,1,0,0,0,0,0
46,64018.77,5000.0,9,5,1,4.24,0.0781020941202088,2024,12,17,1,0,1,0,0,0,0,0,0,0,1,0,0,1,0,0,0,0
48,42067.43,5000.0,3,14,1,7.87,0.1188567972894945,2023,5,9,1,0,0,1,0,0,0,0,0,0,1,0,0,0,0,1,0,0
20,22545.29,5000.0,12,10,1,6.09,0.2217758121541128,2024,11,16,5,1,1,0,0,0,0,1,0,0,0,0,0,0,1,0,0,1
24,11721.96,4027.25,3,0,0,9.32,0.3435645574630864,2023,4,25,1,0,0,0,1,0,0,0,0,1,0,0,1,0,0,0,0,0
58,12805.0,5000.0,6,18,3,8.91,0.3904724716907458,2024,12,28,5,1,0,0,1,0,0,0,0,0,1,0,0,1,0,0,0,1
52,59030.43,5000.0,12,8,1,9.05,0.084702076539168,2024,11,18,0,0,1,0,0,0,0,0,1,0,0,0,0,1,0,0,0,0
32,37827.47,628.53,6,20,3,5.27,0.0166157028212566,2023,1,20,4,0,0,1,0,0,0,0,0,1,0,0,0,1,0,0,0,1
25,59275.95,5000.0,9,10,2,6.36,0.0843512419455107,2024,7,19,4,0,1,0,0,0,0,0,0,0,1,0,0,0,1,0,0,0
19,9655.65,2104.91,12,1,0,1.83,0.2179977526111654,2023,5,13,5,1,0,0,0,1,0,0,0,1,0,0,0,1,0,0,0,0
59,25191.14,5000.0,9,3,0,1.93,0.1984824823330742,2024,10,9,2,0,0,1,0,0,0,0,0,0,1,0,0,0,0,1,0,0
24,26865.41,5000.0,3,1,0,1.06,0.1861129236441952,2023,2,19,6,1,1,0,0,0,0,0,0,0,1,0,0,0,0,0,1,1
34,105377.95,5000.0,6,25,1,9.55,0.0474482564900911,2023,5,10,2,0,0,1,0,0,0,0,0,1,0,0,0,0,0,0,1,1
30,8355.77,1390.2,12,2,0,7.53,0.1663760491253349,2023,1,16,0,0,0,0,0,1,0,0,1,0,0,0,0,0,0,0,1,0
20,10791.83,3901.74,3,18,3,1.72,0.3615457248677935,2024,8,29,3,0,0,0,1,0,0,1,0,0,0,0,0,1,0,0,0,1
19,22369.13,1942.15,3,0,0,7.41,0.0868227776404357,2023,3,6,0,0,1,0,0,0,0,0,0,1,0,0,1,0,0,0,0,1
27,5733.89,2145.3,9,23,3,8.35,0.3741439057951931,2024,10,25,4,0,0,0,0,1,0,0,1,0,0,0,0,1,0,0,0,1
57,13754.51,5000.0,9,8,1,6.06,0.3635171300177178,2023,5,15,0,0,0,0,0,1,0,0,0,1,0,0,0,1,0,0,0,0
51,57949.31,5000.0,9,12,1,4.35,0.0862823043104396,2024,9,16,0,0,0,1,0,0,0,0,0,0,1,1,0,0,0,0,0,0
29,66239.48,5000.0,6,2,0,5.22,0.0754836843525945,2023,1,4,2,0,0,1,0,0,0,0,0,1,0,0,0,0,1,0,0,0
41,66763.6,5000.0,6,13,2,9.66,0.0748911083284903,2023,4,14,4,0,0,1,0,0,0,0,1,0,0,0,0,1,0,0,0,0
19,10833.37,5000.0,12,4,0,9.76,0.4615368994135712,2024,11,28,3,0,0,0,0,1,0,0,0,0,1,0,0,0,0,0,1,1
33,95410.46,5000.0,6,16,2,9.23,0.0524051555772815,2023,5,2,1,0,0,1,0,0,0,0,0,1,0,0,0,0,0,1,0,0
29,5000.0,2032.38,12,12,1,1.94,0.406476,2024,9,23,0,0,0,0,0,1,0,0,0,0,1,0,0,0,0,0,1,0
23,5751.61,2030.65,3,7,2,7.53,0.3530576655927644,2023,4,22,5,1,0,0,0,1,1,0,0,0,0,1,0,0,0,0,0,0
50,10362.24,3608.44,3,18,3,3.22,0.348229726391205,2024,9,28,5,1,0,0,0,1,0,0,1,0,0,0,0,0,0,1,0,1
31,82597.01,5000.0,9,10,1,2.94,0.0605348789260047,2023,2,7,1,0,0,1,0,0,1,0,0,0,0,0,0,0,0,1,0,0
27,51024.65,5000.0,3,0,0,6.84,0.0979918529573451,2024,10,16,2,0,0,1,0,0,0,0,1,0,0,0,0,0,0,1,0,1
52,6779.15,3737.65,9,13,2,8.79,0.5513449326242966,2023,3,29,2,0,0,0,0,1,1,0,0,0,0,0,0,0,0,0,1,0
42,21415.54,5000.0,9,19,3,6.71,0.2334753174563891,2024,9,3,1,0,0,0,1,0,0,1,0,0,0,0,0,1,0,0,0,0
26,13482.67,4638.9,3,2,0,1.1,0.3440638983228099,2023,6,6,1,0,0,0,1,0,1,0,0,0,0,0,1,0,0,0,0,1
46,61761.59,5000.0,3,0,0,8.47,0.0809564650132873,2023,4,20,3,0,0,1,0,0,1,0,0,0,0,0,0,0,0,1,0,0
20,38706.58,5000.0,12,16,2,7.27,0.1291770029798551,2023,5,9,1,0,1,0,0,0,0,1,0,0,0,0,0,0,1,0,0,1
43,73912.34,5000.0,12,10,1,1.89,0.0676477026704877,2024,7,5,4,0,0,1,0,0,0,0,0,1,0,0,0,0,0,1,0,0
24,6353.5,1056.03,9,10,1,8.26,0.1662123239159518,2024,10,15,1,0,0,0,0,1,1,0,0,0,0,0,0,1,0,0,0,1
42,48811.42,5000.0,6,0,0,4.08,0.1024350449136698,2024,8,10,5,1,1,0,0,0,0,0,1,0,0,0,0,0,0,1,0,0
39,19706.38,5000.0,3,14,1,1.4,0.2537249357822187,2023,3,17,4,0,0,0,1,0,0,1,0,0,0,0,0,1,0,0,0,1
46,42456.31,5000.0,12,0,0,5.21,0.1177681244554696,2023,3,9,3,0,1,0,0,0,0,0,0,1,0,0,0,0,0,0,1,0
34,13973.19,5000.0,6,7,1,9.21,0.3578280979504322,2023,1,26,3,0,0,0,0,1,0,1,0,0,0,1,0,0,0,0,0,0
33,7969.56,1669.44,12,24,1,8.63,0.2094770602141147,2023,6,24,5,1,0,0,0,1,0,0,0,1,0,0,0,0,0,0,1,1
48,19321.04,2590.36,9,16,2,7.87,0.1340693875691991,2024,7,9,1,0,0,0,1,0,0,1,0,0,0,0,1,0,0,0,0,1
53,8643.27,4303.45,12,11,1,8.66,0.4978960509159149,2024,9,4,2,0,0,0,1,0,0,1,0,0,0,0,0,0,0,0,1,1
40,10864.46,2706.65,3,1,0,5.59,0.2491288108198659,2024,10,15,1,0,0,0,0,1,0,0,0,1,0,0,0,0,0,1,0,0
42,72123.95,5000.0,3,9,1,4.97,0.0693250993601986,2023,5,6,5,1,1,0,0,0,0,0,0,0,1,0,0,0,1,0,0,0
46,82144.35,100.0,3,14,4,4.99,0.0012173691799862,2024,9,8,6,1,0,1,0,0,0,0,1,0,0,0,0,1,0,0,0,1
42,86779.96,5000.0,9,14,1,5.84,0.0576169889914676,2024,7,16,1,0,1,0,0,0,0,0,1,0,0,0,0,0,1,0,0,0
18,34698.02,5000.0,12,11,1,3.06,0.1441004414661124,2024,9,9,0,0,1,0,0,0,0,0,0,1,0,0,0,0,0,0,1,1
47,54188.2,5000.0,6,15,1,7.18,0.092271011031922,2024,10,1,1,0,1,0,0,0,0,0,0,0,1,1,0,0,0,0,0,1
58,31764.37,4118.36,12,12,1,4.61,0.1296534450392058,2023,5,30,1,0,0,0,1,0,0,1,0,0,0,0,0,0,0,0,1,1
43,39920.94,5000.0,6,3,0,7.58,0.1252475517861052,2024,8,24,5,1,1,0,0,0,0,0,1,0,0,0,0,0,1,0,0,1
25,63118.31,5000.0,9,16,1,2.71,0.0792163161529515,2024,10,26,5,1,0,1,0,0,0,0,0,1,0,0,1,0,0,0,0,0
22,19022.33,3905.2,3,5,0,2.43,0.2052955657903106,2023,6,25,6,1,0,1,0,0,0,0,0,1,0,0,0,1,0,0,0,1
24,5000.0,2135.8,9,6,0,2.5,0.42716,2023,4,17,0,0,0,0,1,0,1,0,0,0,0,0,0,0,0,0,1,1
52,13677.46,5000.0,6,9,1,4.36,0.3655649513871727,2023,3,21,1,0,0,0,0,1,0,0,0,1,0,0,0,0,1,0,0,1
25,14831.21,680.66,3,14,1,8.43,0.0458937605225736,2024,7,16,1,0,0,0,0,1,0,0,1,0,0,0,0,0,0,1,0,0
56,82515.36,5000.0,3,9,1,7.53,0.0605947789599415,2024,7,10,2,0,1,0,0,0,0,0,0,0,1,0,0,1,0,0,0,0
36,54153.79,5000.0,6,12,2,1.12,0.0923296411940881,2024,12,21,5,1,1,0,0,0,0,0,1,0,0,0,1,0,0,0,0,0
33,11765.28,3938.25,12,13,2,9.4,0.3347349149361511,2024,7,21,6,1,1,0,0,0,1,0,0,0,0,0,0,0,0,1,0,0
37,8449.82,2355.0,12,14,3,3.62,0.2787041617454573,2023,3,23,3,0,0,0,0,1,0,0,0,1,0,0,0,0,0,1,0,1
38,82745.06,4079.34,12,15,2,9.31,0.0493001032327488,2023,5,30,1,0,0,1,0,0,0,0,1,0,0,1,0,0,0,0,0,0
36,40594.58,5000.0,9,13,1,3.47,0.123169152138044,2024,11,6,2,0,1,0,0,0,0,0,0,0,1,0,0,0,1,0,0,1
24,44945.68,5000.0,12,12,1,4.14,0.1112453966654859,2024,9,12,3,0,1,0,0,0,1,0,0,0,0,0,0,1,0,0,0,0
25,5000.0,1226.67,3,13,1,4.06,0.245334,2023,2,16,3,0,0,0,0,1,0,0,0,0,1,0,1,0,0,0,0,0
19,10213.67,5000.0,9,5,1,3.65,0.4895399988446856,2023,1,7,5,1,0,0,1,0,0,0,0,0,1,0,1,0,0,0,0,0
19,39446.78,5000.0,9,3,0,8.68,0.1267530581710345,2024,7,9,1,0,1,0,0,0,0,1,0,0,0,0,0,0,0,1,0,0
58,78401.01,5000.0,3,4,1,1.79,0.0637746886168941,2023,1,6,4,0,0,1,0,0,0,0,1,0,0,0,0,0,0,1,0,0
22,34060.34,1432.41,3,8,1,9.57,0.0420550705013514,2023,1,31,1,0,1,0,0,0,0,0,0,0,1,0,0,0,1,0,0,1
54,75485.99,5000.0,3,15,1,5.75,0.0662374567784035,2024,10,4,4,0,0,1,0,0,0,0,0,0,1,1,0,0,0,0,0,0
55,57337.09,5000.0,9,2,0,8.39,0.0872035884625466,2024,9,26,3,0,1,0,0,0,0,0,1,0,0,0,0,0,0,0,1,0
40,40638.13,5000.0,3,9,1,7.69,0.1230371574676295,2024,10,17,3,0,0,1,0,0,0,0,0,1,0,0,0,0,1,0,0,0
59,20109.48,3166.51,9,1,0,9.83,0.1574635445570945,2024,10,2,2,0,0,0,1,0,0,1,0,0,0,0,0,0,0,1,0,1
52,96601.43,100.0,6,4,1,1.93,0.0010351813632572,2024,11,26,1,0,0,1,0,0,1,0,0,0,0,0,0,0,0,1,0,0
54,79300.94,5000.0,9,10,2,8.18,0.0630509550075951,2024,8,19,0,0,1,0,0,0,0,0,1,0,0,0,0,1,0,0,0,0
24,6987.17,2786.06,6,7,1,3.61,0.3987394037929519,2024,10,6,6,1,0,0,0,1,0,0,0,0,1,0,0,0,0,0,1,0
59,74286.23,5000.0,12,12,2,3.88,0.0673072250402261,2024,10,19,5,1,0,1,0,0,1,0,0,0,0,0,0,1,0,0,0,0
44,9577.47,3066.59,3,8,1,7.54,0.3201878993095254,2024,8,29,3,0,0,0,0,1,0,0,0,0,1,0,0,0,1,0,0,1
32,20310.06,5000.0,9,3,0,8.79,0.2461834184635594,2023,5,31,2,0,0,0,1,0,1,0,0,0,0,0,0,0,1,0,0,0
26,6160.69,1186.63,12,13,1,7.36,0.1926131650837812,2024,9,24,1,0,0,0,0,1,0,0,1,0,0,0,0,0,0,0,1,1
35,31556.78,3723.54,9,16,1,4.7,0.1179949285066473,2023,1,31,1,0,1,0,0,0,0,1,0,0,0,0,0,0,1,0,0,1
20,8826.24,2653.17,6,1,0,6.87,0.3006002556014792,2024,9,1,6,1,0,0,1,0,0,1,0,0,0,0,0,0,0,0,1,0
35,15348.81,5000.0,12,15,2,7.26,0.3257581532379383,2024,7,23,1,0,0,0,1,0,0,0,0,0,1,0,0,0,0,0,1,0
29,12194.8,100.0,9,1,0,7.5,0.0082002164857152,2023,6,6,1,0,0,0,0,1,0,1,0,0,0,1,0,0,0,0,0,0
21,9088.5,894.59,12,1,0,4.45,0.0984309842108158,2023,3,5,6,1,0,0,0,1,0,0,0,0,1,0,0,1,0,0,0,1
43,30252.06,3634.26,12,4,0,9.79,0.1201326455124047,2023,4,2,6,1,1,0,0,0,1,0,0,0,0,0,0,0,0,0,1,0
32,11278.4,3911.71,3,14,1,9.43,0.3468319974464463,2023,5,3,2,0,0,1,0,0,0,0,1,0,0,0,0,0,0,1,0,0
58,75160.01,5000.0,9,9,1,4.02,0.0665247383548778,2024,10,29,1,0,0,1,0,0,0,0,1,0,0,0,0,0,0,0,1,0
38,57717.14,5000.0,12,8,2,5.02,0.0866293790717974,2024,8,25,6,1,1,0,0,0,0,0,1,0,0,0,0,0,0,0,1,0
41,37782.46,5000.0,6,17,1,9.15,0.1323365392301083,2024,8,3,5,1,1,0,0,0,0,0,0,1,0,0,0,0,1,0,0,1
34,17624.49,5000.0,3,6,1,4.77,0.2836961523425642,2023,5,31,2,0,0,0,1,0,0,0,0,0,1,0,0,1,0,0,0,1
40,62087.16,5000.0,9,20,3,7.41,0.0805319489569179,2023,1,21,5,1,1,0,0,0,0,0,1,0,0,0,0,0,0,0,1,1
46,78363.05,5000.0,6,13,3,4.27,0.0638055818399105,2024,8,23,4,0,0,1,0,0,0,0,0,1,0,0,0,0,1,0,0,1
21,33669.13,5000.0,9,4,1,7.23,0.1485039856984721,2023,1,10,1,0,1,0,0,0,0,0,0,1,0,1,0,0,0,0,0,1
53,56613.93,5000.0,9,9,1,1.95,0.0883174865267258,2023,4,2,6,1,0,1,0,0,1,0,0,0,0,0,0,0,1,0,0,0
42,62439.76,1436.42,3,15,1,2.54,0.0230048930361039,2023,2,6,0,0,1,0,0,0,0,0,0,1,0,0,1,0,0,0,0,0
33,14693.56,5000.0,12,13,2,5.45,0.3402851317175688,2023,5,12,4,0,0,0,0,1,0,0,0,0,1,0,0,0,0,0,1,1
31,14082.62,5000.0,12,4,0,2.42,0.3550475692733312,2024,10,4,4,0,0,1,0,0,0,0,1,0,0,0,0,0,0,1,0,1
44,26095.96,5000.0,6,4,0,9.38,0.1916005389339959,2023,1,9,0,0,0,0,1,0,0,0,0,1,0,0,1,0,0,0,0,1
37,46534.5,5000.0,6,18,2,9.41,0.1074471628576647,2023,2,14,1,0,0,1,0,0,0,1,0,0,0,1,0,0,0,0,0,1
28,12429.7,4892.7,9,12,2,6.23,0.3936297738481218,2024,9,7,5,1,0,0,0,1,0,1,0,0,0,0,0,0,0,0,1,1
31,7942.21,1556.37,3,19,1,6.03,0.1959618292641468,2023,1,12,3,0,0,0,0,1,0,0,0,1,0,1,0,0,0,0,0,0
29,71503.02,5000.0,12,18,1,5.72,0.0699271163651549,2024,9,9,0,0,0,1,0,0,0,0,0,1,0,0,1,0,0,0,0,0
18,56230.43,5000.0,3,16,1,8.51,0.0889198250840336,2023,1,19,3,0,1,0,0,0,0,1,0,0,0,0,0,0,0,0,1,1
35,10130.86,4357.4,3,15,1,5.41,0.4301115601242145,2023,4,8,5,1,0,0,0,1,0,0,1,0,0,0,1,0,0,0,0,1
41,49920.14,5000.0,9,4,1,3.67,0.1001599755128891,2023,1,29,6,1,1,0,0,0,0,1,0,0,0,0,1,0,0,0,0,1
42,6355.21,100.0,12,1,0,7.97,0.015735121262712,2023,5,12,4,0,0,0,0,1,0,0,1,0,0,0,0,0,1,0,0,1
58,16717.45,5000.0,6,6,1,6.78,0.2990886768017849,2024,9,4,2,0,0,0,1,0,0,1,0,0,0,1,0,0,0,0,0,0
35,48883.63,5000.0,6,0,0,3.41,0.1022837297475658,2024,12,18,2,0,0,1,0,0,0,0,0,1,0,1,0,0,0,0,0,0
43,7769.49,3905.98,6,0,0,2.15,0.5027331266273591,2023,2,25,5,1,0,0,1,0,1,0,0,0,0,0,1,0,0,0,0,0
28,6706.65,2403.32,12,20,1,8.1,0.3583488030536855,2023,6,17,5,1,0,0,0,1,0,0,1,0,0,1,0,0,0,0,0,1
49,19244.32,4777.33,6,0,0,1.05,0.2482462357724253,2024,12,14,5,1,0,1,0,0,0,1,0,0,0,0,0,1,0,0,0,0
52,25743.92,5000.0,12,3,0,2.63,0.194220615974568,2023,1,22,6,1,0,0,1,0,0,0,0,0,1,0,0,0,0,1,0,1
34,77667.66,5000.0,12,0,0,4.86,0.064376859042747,2023,5,25,3,0,1,0,0,0,0,0,0,1,0,0,0,1,0,0,0,0
41,46346.58,5000.0,12,10,1,7.72,0.1078828254425677,2023,3,26,6,1,1,0,0,0,0,0,0,0,1,0,0,0,0,1,0,1
20,11141.53,3147.66,6,13,2,5.23,0.2825159560670751,2024,7,16,1,0,0,0,0,1,1,0,0,0,0,0,0,1,0,0,0,0
37,52891.59,5000.0,12,0,0,3.52,0.0945329871913474,2023,5,15,0,0,0,1,0,0,0,0,0,1,0,0,1,0,0,0,0,0
58,79845.47,5000.0,3,4,0,3.59,0.06262096021227,2024,7,29,0,0,1,0,0,0,0,0,1,0,0,1,0,0,0,0,0,0
57,70769.63,5000.0,6,4,0,2.81,0.070651775344876,2024,12,3,1,0,0,1,0,0,1,0,0,0,0,0,0,0,0,0,1,0
35,35058.55,5000.0,3,10,1,4.63,0.1426185623763675,2024,10,19,5,1,1,0,0,0,1,0,0,0,0,0,0,0,0,1,0,0
29,5000.0,1545.33,9,11,1,3.02,0.309066,2023,6,12,0,0,0,0,0,1,1,0,0,0,0,0,0,0,0,1,0,0
53,38081.86,100.0,9,2,0,2.09,0.0026259221582139,2023,3,20,0,0,1,0,0,0,0,0,1,0,0,0,0,0,0,1,0,1
40,10102.26,2398.9,12,1,0,1.91,0.2374617164872018,2023,5,3,2,0,0,0,1,0,0,0,0,0,1,0,0,0,0,1,0,0
27,9900.56,2128.27,12,13,2,8.64,0.2149646080625742,2024,9,23,0,0,0,0,0,1,0,1,0,0,0,0,0,1,0,0,0,0
24,11667.92,4012.82,6,23,1,7.81,0.3439190532674204,2023,1,27,4,0,0,0,0,1,0,1,0,0,0,0,0,0,0,1,0,1
25,13025.28,3940.75,9,1,0,1.8,0.3025462792354559,2023,2,14,1,0,0,0,1,0,1,0,0,0,0,0,0,0,0,1,0,0
30,74918.64,5000.0,6,12,3,5.48,0.0667390652046006,2024,12,29,6,1,0,1,0,0,1,0,0,0,0,0,0,0,1,0,0,0
50,71465.11,1746.66,9,1,1,9.19,0.0244407375850957,2023,2,10,4,0,1,0,0,0,0,0,0,0,1,0,1,0,0,0,0,0
33,74702.64,5000.0,12,4,0,4.09,0.066932038814157,2023,5,23,1,0,0,1,0,0,1,0,0,0,0,1,0,0,0,0,0,0
32,9482.76,3401.2,6,12,1,6.97,0.3586719478295348,2024,10,27,6,1,0,0,0,1,0,0,0,0,1,1,0,0,0,0,0,1
34,5000.0,1478.53,12,1,0,3.01,0.2957059999999999,2024,8,15,3,0,0,0,0,1,0,0,0,1,0,1,0,0,0,0,0,0
36,70313.67,5000.0,6,1,0,8.99,0.0711099278419118,2023,3,9,3,0,0,1,0,0,0,0,0,0,1,0,0,1,0,0,0,0
42,5552.74,1997.07,12,15,1,8.84,0.3596548730896818,2024,11,7,3,0,0,0,0,1,0,1,0,0,0,1,0,0,0,0,0,0
25,13450.51,2617.86,6,0,0,9.57,0.1946290512404362,2024,7,17,2,0,0,0,1,0,0,1,0,0,0,0,0,1,0,0,0,1
25,33399.09,3986.26,3,4,0,2.42,0.1193523536120295,2023,6,16,4,0,1,0,0,0,0,0,0,0,1,0,0,1,0,0,0,0
30,12494.41,2169.35,9,9,2,5.33,0.1736256453886177,2023,6,6,1,0,0,0,0,1,0,0,0,0,1,0,0,0,0,1,0,0
59,65751.42,5000.0,6,20,3,5.28,0.0760439850576611,2024,7,28,6,1,0,1,0,0,0,0,0,1,0,0,0,0,0,1,0,0
48,5927.92,1219.48,9,16,3,3.34,0.2057180258842899,2023,1,8,6,1,0,0,1,0,0,0,0,0,1,1,0,0,0,0,0,1
43,81121.96,5000.0,9,13,1,6.42,0.061635591644975,2023,4,17,0,0,1,0,0,0,1,0,0,0,0,0,1,0,0,0,0,0
43,7998.45,1493.64,12,13,1,7.19,0.1867411811038389,2024,12,8,6,1,0,0,1,0,0,0,0,0,1,0,1,0,0,0,0,1
49,15992.12,4918.79,3,11,1,5.44,0.3075758561091337,2024,12,9,0,0,0,0,1,0,0,1,0,0,0,0,0,0,1,0,0,1
57,71502.41,5000.0,3,6,1,6.49,0.0699277129260398,2024,11,16,5,1,0,1,0,0,0,0,0,0,1,0,1,0,0,0,0,0
49,88996.06,5000.0,12,17,2,7.78,0.0561822624507197,2023,6,12,0,0,0,1,0,0,0,0,0,0,1,1,0,0,0,0,0,0
37,10418.1,4860.95,3,12,2,4.14,0.4665869976291262,2024,8,9,4,0,0,0,0,1,1,0,0,0,0,0,0,0,1,0,0,0
24,5000.0,1110.78,12,14,2,7.83,0.222156,2024,7,7,6,1,0,0,0,1,0,1,0,0,0,0,0,0,1,0,0,1
43,21787.64,2305.55,9,0,0,3.97,0.1058191708693553,2023,5,1,0,0,0,0,1,0,0,0,0,1,0,0,0,0,1,0,0,1
26,65785.54,2303.85,3,9,1,9.03,0.0350206139525494,2024,12,1,6,1,0,1,0,0,0,1,0,0,0,0,1,0,0,0,0,0
29,14789.29,4384.32,3,3,0,9.66,0.2964523651912972,2023,3,30,3,0,0,0,1,0,0,0,0,1,0,0,1,0,0,0,0,0
32,12352.31,3180.26,9,1,0,8.64,0.2574627741693659,2024,8,12,0,0,0,0,0,1,0,0,0,1,0,0,0,1,0,0,0,1
56,50484.28,5000.0,12,0,0,6.65,0.0990407310949071,2024,11,24,6,1,0,1,0,0,0,1,0,0,0,0,1,0,0,0,0,0
26,16737.99,5000.0,6,11,3,5.28,0.2987216505685569,2023,6,11,6,1,0,0,1,0,1,0,0,0,0,1,0,0,0,0,0,1
41,20779.12,4768.2,9,16,1,6.83,0.2294707379330789,2023,6,19,0,0,0,0,1,0,0,0,1,0,0,0,1,0,0,0,0,1
28,16518.64,5000.0,6,20,2,3.35,0.3026883569107384,2023,1,8,6,1,0,0,1,0,0,1,0,0,0,0,0,0,0,0,1,1
24,48373.34,5000.0,3,16,1,9.03,0.1033627200437265,2024,7,24,2,0,1,0,0,0,0,1,0,0,0,0,1,0,0,0,0,1
45,10792.55,3837.25,3,2,0,7.29,0.3555461869530371,2023,6,30,4,0,0,0,0,1,0,0,0,0,1,0,0,1,0,0,0,0
43,75912.5,5000.0,6,6,1,3.91,0.065865305450354,2024,10,30,2,0,0,1,0,0,0,0,0,1,0,0,0,1,0,0,0,0
26,8980.71,126.62,9,0,1,2.46,0.0140991079769862,2023,5,5,4,0,0,0,1,0,1,0,0,0,0,0,1,0,0,0,0,0
36,16987.77,5000.0,6,17,1,1.14,0.2943293910854691,2023,3,30,3,0,0,0,1,0,0,1,0,0,0,1,0,0,0,0,0,1
46,27181.56,5000.0,6,2,0,2.9,0.1839482354949458,2024,7,5,4,0,0,1,0,0,0,1,0,0,0,1,0,0,0,0,0,0
59,14418.61,2483.35,12,1,0,8.85,0.1722322748170593,2023,1,8,6,1,0,0,1,0,0,0,0,1,0,0,1,0,0,0,0,0
43,23916.56,5000.0,9,0,0,7.5,0.2090601658432483,2024,9,22,6,1,0,0,0,1,1,0,0,0,0,0,0,0,0,1,0,0
49,14579.15,5000.0,12,0,0,7.76,0.342955522098339,2023,2,16,3,0,0,0,1,0,0,0,1,0,0,0,0,0,0,1,0,1
19,10329.24,3028.35,12,6,1,1.27,0.2931822670399758,2023,3,3,4,0,0,0,0,1,1,0,0,0,0,0,0,0,0,1,0,0
39,11920.11,3506.9,9,1,0,5.14,0.2942003051985258,2024,9,17,1,0,0,0,0,1,0,0,0,1,0,0,0,0,1,0,0,0
24,32326.12,5000.0,6,14,1,5.19,0.1546736818399486,2023,5,24,2,0,1,0,0,0,0,1,0,0,0,0,0,0,0,0,1,0
35,17394.02,5000.0,3,10,1,3.43,0.287455113883967,2024,10,14,0,0,0,0,1,0,1,0,0,0,0,0,1,0,0,0,0,0
46,54637.34,5000.0,3,13,1,8.89,0.0915125077465337,2024,12,21,5,1,1,0,0,0,0,1,0,0,0,0,0,1,0,0,0,0
20,28030.53,5000.0,9,2,0,8.74,0.1783769340073127,2024,11,27,2,0,1,0,0,0,0,0,0,1,0,0,0,0,0,0,1,1
52,14662.69,2873.32,12,18,4,7.4,0.1959613140562884,2023,4,2,6,1,0,0,1,0,0,0,1,0,0,0,0,0,0,0,1,1
22,5967.94,1529.77,9,14,3,8.27,0.2563313304088178,2023,1,25,2,0,0,0,0,1,1,0,0,0,0,0,1,0,0,0,0,1
43,74360.09,5000.0,9,17,1,2.44,0.0672403704729243,2023,1,19,3,0,1,0,0,0,1,0,0,0,0,0,0,0,1,0,0,0
55,47354.61,5000.0,9,0,0,6.23,0.1055863410130502,2024,12,15,6,1,0,1,0,0,0,1,0,0,0,0,0,1,0,0,0,0
46,68624.14,5000.0,6,23,3,4.17,0.0728606580716348,2024,7,10,2,0,1,0,0,0,0,0,0,1,0,0,0,1,0,0,0,1
24,7125.21,1968.9,9,20,1,2.55,0.2763286976804894,2024,12,23,0,0,0,0,0,1,0,0,0,0,1,0,0,0,0,0,1,1
41,87997.02,5000.0,6,14,3,7.55,0.0568201059535879,2024,8,21,2,0,0,1,0,0,0,0,0,1,0,0,0,0,1,0,0,0
55,29071.83,5000.0,9,15,1,7.98,0.1719877971218186,2023,1,11,2,0,1,0,0,0,0,0,0,1,0,1,0,0,0,0,0,0
49,12813.65,2897.59,3,12,1,7.04,0.2261330690318527,2024,8,31,5,1,0,0,1,0,0,0,1,0,0,1,0,0,0,0,0,1
56,99674.59,5000.0,12,7,2,6.29,0.0501632361868757,2023,1,8,6,1,1,0,0,0,0,1,0,0,0,0,1,0,0,0,0,0
28,11358.28,4744.13,3,3,0,7.36,0.4176803177945956,2023,3,4,5,1,0,0,0,1,0,0,0,1,0,0,0,1,0,0,0,0
22,7067.87,1786.88,9,17,1,2.13,0.2528173268608506,2024,9,30,0,0,0,0,0,1,0,1,0,0,0,0,0,0,0,0,1,0
22,47232.22,5000.0,12,8,2,7.35,0.105859940523651,2024,12,25,2,0,1,0,0,0,1,0,0,0,0,1,0,0,0,0,0,1
39,48211.31,5000.0,12,5,0,8.85,0.1037101045377111,2024,11,4,0,0,1,0,0,0,0,1,0,0,0,0,0,1,0,0,0,0
47,22268.93,5000.0,9,14,3,1.75,0.2245280756641652,2024,9,23,0,0,0,0,1,0,0,0,1,0,0,0,0,0,0,0,1,1
52,12787.4,2572.9,9,17,1,9.31,0.2012058745327432,2024,10,13,6,1,0,0,1,0,0,0,0,1,0,0,1,0,0,0,0,0
34,37973.23,5000.0,6,16,2,3.33,0.1316717066206904,2023,5,5,4,0,1,0,0,0,0,0,1,0,0,1,0,0,0,0,0,1
31,11879.66,4039.23,9,6,2,9.61,0.3400122562430238,2023,5,17,2,0,0,0,1,0,0,1,0,0,0,0,0,1,0,0,0,0
28,21133.3,5000.0,6,17,2,6.01,0.2365934331126705,2023,1,1,6,1,0,0,1,0,0,0,0,1,0,0,0,1,0,0,0,1
19,5000.0,217.02,6,13,2,6.94,0.043404,2024,8,16,4,0,0,0,0,1,0,0,0,0,1,0,0,0,0,1,0,0
27,41977.31,5000.0,12,22,2,7.42,0.1191119678702613,2023,5,15,0,0,1,0,0,0,0,0,0,0,1,0,1,0,0,0,0,1
58,40755.36,5000.0,6,1,0,6.16,0.1226832495161372,2023,5,27,5,1,0,1,0,0,0,0,1,0,0,0,0,0,1,0,0,0
35,43266.19,5000.0,6,12,3,6.44,0.1155636768571487,2023,1,27,4,0,1,0,0,0,0,0,0,0,1,0,0,0,1,0,0,1
57,19187.01,5000.0,6,9,2,5.19,0.2605929741007067,2023,1,2,0,0,0,0,0,1,0,0,0,1,0,0,1,0,0,0,0,1
49,62654.07,5000.0,9,11,2,6.05,0.0798032753498695,2023,4,2,6,1,0,1,0,0,0,1,0,0,0,0,0,1,0,0,0,0
36,17502.25,5000.0,12,23,4,9.84,0.285677555742833,2024,10,8,1,0,0,0,1,0,0,0,0,0,1,1,0,0,0,0,0,1
36,10573.09,2734.39,12,4,1,5.93,0.2586178685701152,2024,7,15,0,0,0,0,0,1,0,0,1,0,0,0,0,0,0,0,1,1
36,9915.96,4764.78,3,4,1,2.84,0.4805162586375903,2024,11,23,5,1,0,0,0,1,0,0,0,1,0,0,0,0,0,0,1,1
33,64296.55,5000.0,3,13,2,5.19,0.0777646701106046,2023,1,27,4,0,1,0,0,0,1,0,0,0,0,0,0,0,1,0,0,0
23,7264.91,1933.15,3,3,0,7.42,0.2660941429418947,2024,11,18,0,0,0,0,0,1,0,0,0,0,1,0,0,0,0,0,1,0
24,6675.45,954.57,9,14,1,4.72,0.1429971013190122,2024,12,7,5,1,0,0,0,1,0,0,0,1,0,0,1,0,0,0,0,0
47,98006.82,5000.0,12,4,0,4.26,0.0510168578064261,2024,8,8,3,0,0,1,0,0,0,1,0,0,0,0,0,0,0,0,1,0
57,50134.81,5000.0,9,19,1,4.92,0.0997311049947132,2024,11,5,1,0,1,0,0,0,0,1,0,0,0,0,0,0,1,0,0,0
47,48917.92,5000.0,9,4,2,1.77,0.1022120319097786,2023,4,3,0,0,1,0,0,0,0,0,0,0,1,0,0,0,1,0,0,0
23,7043.58,1007.8,3,19,1,6.37,0.1430806493288924,2024,8,12,0,0,0,0,0,1,0,0,1,0,0,0,0,0,0,0,1,1
41,50814.25,5000.0,9,3,1,8.35,0.0983975951627742,2024,12,21,5,1,1,0,0,0,0,0,0,0,1,0,0,0,0,0,1,0
45,80844.65,5000.0,3,3,1,8.44,0.0618470115214797,2023,6,21,2,0,1,0,0,0,0,0,0,0,1,0,0,0,0,1,0,0
25,8422.66,1266.77,9,0,0,8.31,0.1504002298561262,2024,9,25,2,0,0,0,0,1,0,0,0,0,1,0,0,0,1,0,0,0
52,18547.26,5000.0,3,8,1,7.16,0.2695815985757465,2024,9,10,1,0,0,0,1,0,0,0,0,1,0,0,0,0,0,1,0,0
50,13579.71,2840.75,9,4,0,1.29,0.2091907706423775,2023,4,11,1,0,0,0,0,1,0,0,0,1,0,0,1,0,0,0,0,1
33,5503.58,2664.81,9,5,1,4.74,0.4841957416808695,2023,1,14,5,1,0,0,1,0,0,0,0,0,1,0,0,0,0,1,0,0
39,15997.75,5000.0,6,17,1,9.79,0.3125439514931787,2024,8,15,3,0,0,0,1,0,0,0,1,0,0,1,0,0,0,0,0,0
55,25622.8,5000.0,9,14,1,9.64,0.1951387045912234,2024,11,9,5,1,0,0,1,0,1,0,0,0,0,1,0,0,0,0,0,0
56,56894.71,5000.0,6,2,0,7.94,0.0878816325806037,2024,8,2,4,0,1,0,0,0,0,1,0,0,0,0,0,0,0,1,0,0
58,68762.33,261.67,3,0,0,1.37,0.0038054266049448,2023,6,17,5,1,1,0,0,0,0,0,1,0,0,0,0,0,0,0,1,0
27,10779.32,2862.32,9,0,0,8.92,0.2655380858903901,2024,8,5,0,0,0,0,1,0,0,0,0,0,1,1,0,0,0,0,0,1
56,39196.18,5000.0,6,17,1,7.6,0.1275634513363292,2023,3,15,2,0,1,0,0,0,0,1,0,0,0,0,0,1,0,0,0,1
56,81279.2,5000.0,9,1,0,2.45,0.0615163535074164,2024,11,12,1,0,0,1,0,0,0,0,0,1,0,0,0,0,0,0,1,0
19,7475.25,1571.1,6,2,0,3.72,0.2101735727902076,2024,7,8,0,0,0,0,1,0,0,0,1,0,0,1,0,0,0,0,0,0
53,97083.85,5000.0,3,0,0,7.57,0.0515018718355318,2024,11,11,0,0,1,0,0,0,0,0,0,1,0,0,0,0,0,0,1,0
29,11375.32,5000.0,9,19,3,6.06,0.4395480742519771,2024,10,22,1,0,0,0,0,1,0,0,0,1,0,0,0,0,1,0,0,1
39,39830.43,5000.0,3,2,1,9.94,0.1255321622186855,2023,2,15,2,0,1,0,0,0,0,0,0,1,0,0,1,0,0,0,0,0
47,11097.46,4451.42,12,9,1,8.05,0.401120616789788,2024,9,15,6,1,0,0,0,1,0,0,0,1,0,0,0,0,0,0,1,0
28,54878.31,5000.0,9,11,2,6.39,0.0911106774242865,2024,10,1,1,0,0,1,0,0,0,0,0,1,0,0,0,0,1,0,0,0
59,29934.38,4731.05,9,9,1,1.05,0.1580473689450057,2024,8,10,5,1,0,0,1,0,1,0,0,0,0,0,0,0,1,0,0,0
36,69977.6,5000.0,6,15,1,3.97,0.0714514358880556,2023,1,8,6,1,1,0,0,0,1,0,0,0,0,0,1,0,0,0,0,0
54,12928.22,3215.01,6,1,0,6.01,0.2486815663718594,2023,3,25,5,1,0,0,0,1,0,1,0,0,0,0,0,0,1,0,0,0
52,86118.75,5000.0,12,17,2,8.42,0.0580593657014297,2024,11,12,1,0,0,1,0,0,0,0,1,0,0,0,0,0,0,0,1,1
26,49573.47,5000.0,9,4,0,8.48,0.1008603997259017,2023,2,15,2,0,0,1,0,0,1,0,0,0,0,0,0,0,0,0,1,1
41,24870.03,4917.01,3,22,1,7.94,0.1977082456273675,2023,6,24,5,1,0,0,1,0,0,0,1,0,0,0,0,0,0,0,1,0
42,23982.16,5000.0,9,4,0,8.32,0.2084883096435016,2023,1,26,3,0,0,0,1,0,0,0,0,1,0,0,0,0,0,1,0,1
34,14610.69,2886.68,6,2,0,4.28,0.1975731467849909,2023,6,17,5,1,0,0,0,1,0,0,1,0,0,1,0,0,0,0,0,0
57,57488.02,5000.0,3,3,0,5.99,0.0869746427168651,2024,7,6,5,1,1,0,0,0,0,0,0,1,0,1,0,0,0,0,0,1
52,13033.16,3157.37,3,6,2,5.76,0.2422566745133183,2023,6,25,6,1,0,0,1,0,1,0,0,0,0,0,0,1,0,0,0,0
46,13316.2,5000.0,6,3,0,8.0,0.3754824950060828,2023,1,29,6,1,0,0,1,0,0,0,0,1,0,0,0,0,0,0,1,1
30,11742.0,5000.0,6,0,0,2.41,0.4258218361437574,2023,6,14,2,0,0,0,1,0,0,0,1,0,0,0,0,0,0,1,0,0
27,9365.72,3671.98,12,2,0,8.76,0.3920659596912998,2023,2,26,6,1,0,0,0,1,0,0,0,1,0,0,0,0,0,0,1,1
48,5000.0,1572.35,9,13,1,8.63,0.3144699999999999,2024,11,28,3,0,0,0,0,1,0,1,0,0,0,0,1,0,0,0,0,0
55,16281.4,5000.0,12,7,0,3.63,0.3070988981291535,2023,6,26,0,0,0,0,0,1,0,1,0,0,0,0,0,0,0,1,0,0
52,57879.33,5000.0,12,10,1,1.1,0.0863866254153253,2024,10,21,0,0,1,0,0,0,0,0,1,0,0,0,0,0,0,1,0,0
35,62251.0,5000.0,12,1,0,9.05,0.0803199948595203,2023,3,2,3,0,1,0,0,0,0,0,0,0,1,0,1,0,0,0,0,0
31,13527.62,3554.98,9,1,0,6.96,0.2627941943963535,2024,7,7,6,1,0,0,0,1,0,1,0,0,0,0,0,0,0,1,0,1
30,18881.14,5000.0,12,6,1,2.48,0.2648145186148717,2023,5,31,2,0,0,0,1,0,0,0,1,0,0,0,1,0,0,0,0,1
31,48639.49,5000.0,3,1,0,7.82,0.1027971304797809,2023,5,25,3,0,1,0,0,0,0,1,0,0,0,0,0,0,0,1,0,0
20,43988.37,217.29,6,9,2,8.0,0.0049397147473298,2023,6,1,3,0,0,1,0,0,0,0,0,1,0,0,0,0,0,0,1,0
52,88835.87,5000.0,6,16,3,3.35,0.0562835710394911,2024,9,7,5,1,0,1,0,0,0,0,0,0,1,0,0,0,0,0,1,1
21,37007.74,5000.0,3,0,0,1.03,0.1351068722380777,2023,4,24,0,0,1,0,0,0,0,0,0,1,0,0,1,0,0,0,0,0
34,11367.59,1637.4,6,1,2,8.43,0.1440410852256283,2024,7,18,3,0,0,0,0,1,1,0,0,0,0,0,1,0,0,0,0,1
47,113905.9,5000.0,12,1,0,3.36,0.0438958824784317,2024,8,8,3,0,0,1,0,0,0,0,0,1,0,0,0,0,1,0,0,0
30,81796.95,5000.0,12,0,0,9.92,0.0611269735607501,2023,4,19,2,0,0,1,0,0,0,1,0,0,0,0,0,0,0,0,1,0
34,8894.08,3146.17,6,3,0,2.08,0.3537375422753112,2023,3,11,5,1,0,0,1,0,0,0,0,1,0,0,0,1,0,0,0,0
41,12033.44,2044.04,6,19,2,2.77,0.1698633142310096,2024,7,15,0,0,0,0,0,1,0,0,0,1,0,0,0,1,0,0,0,1
40,9024.39,2682.62,6,17,1,5.78,0.2972633053314407,2023,3,7,1,0,0,0,0,1,0,0,0,1,0,0,0,0,0,0,1,1
28,48270.6,5000.0,6,11,1,6.61,0.1035827190878091,2023,3,20,0,0,1,0,0,0,0,0,1,0,0,1,0,0,0,0,0,1
41,20688.81,5000.0,9,11,2,3.84,0.241676539153291,2024,11,3,6,1,0,0,0,1,0,1,0,0,0,0,1,0,0,0,0,0
27,5993.33,1869.77,9,6,1,1.72,0.3119751457036405,2023,6,24,5,1,0,0,0,1,0,1,0,0,0,1,0,0,0,0,0,1
39,11072.13,2774.57,9,11,2,2.29,0.2505904464633273,2023,2,7,1,0,0,0,0,1,0,0,0,1,0,0,1,0,0,0,0,1
36,12679.16,5000.0,6,11,1,4.05,0.3943478905542638,2023,1,7,5,1,0,0,0,1,0,1,0,0,0,0,0,0,0,1,0,1
58,5605.61,1734.5,6,4,1,8.31,0.3094221681494075,2024,8,20,1,0,0,0,0,1,1,0,0,0,0,0,0,1,0,0,0,0
23,10489.87,3042.06,3,14,1,3.14,0.289999780740848,2024,7,23,1,0,0,0,1,0,0,0,0,1,0,0,1,0,0,0,0,0
58,39529.97,5000.0,12,7,2,1.03,0.126486308995428,2024,11,9,5,1,1,0,0,0,0,0,0,1,0,1,0,0,0,0,0,0
40,12048.78,2538.56,12,5,1,5.26,0.2106902109591178,2023,5,18,3,0,0,0,0,1,0,0,1,0,0,0,1,0,0,0,0,1
45,10994.34,1497.13,6,12,1,9.31,0.1361727943651006,2023,1,28,5,1,0,0,1,0,0,0,0,0,1,0,0,0,0,0,1,0
39,8840.71,4689.38,3,4,1,3.48,0.5304302482492923,2024,8,3,5,1,0,0,0,1,0,0,0,0,1,0,0,0,0,0,1,0
32,48218.55,5000.0,12,26,4,4.19,0.1036945324983849,2023,4,16,6,1,0,1,0,0,1,0,0,0,0,0,1,0,0,0,0,1
51,16771.09,5000.0,9,18,2,2.6,0.2981320832456328,2023,4,28,4,0,0,0,1,0,0,1,0,0,0,0,0,0,0,0,1,1
38,13085.16,3237.57,12,1,0,2.58,0.2474230349495153,2023,5,5,4,0,0,0,1,0,0,1,0,0,0,0,0,0,0,1,0,1
59,19707.07,5000.0,6,2,0,5.22,0.2537160521579311,2024,9,6,4,0,0,0,1,0,1,0,0,0,0,0,0,0,0,0,1,0
20,39205.32,5000.0,9,19,1,6.46,0.1275337122614992,2024,12,4,2,0,1,0,0,0,1,0,0,0,0,0,0,1,0,0,0,1
25,8942.36,1622.75,3,7,1,9.99,0.1814677557154934,2023,3,31,4,0,0,0,0,1,0,0,1,0,0,0,1,0,0,0,0,0
42,74926.58,5000.0,9,25,2,8.69,0.0667319928388563,2023,2,19,6,1,0,1,0,0,0,0,0,1,0,0,0,0,0,1,0,0
40,32283.09,5000.0,12,12,1,8.11,0.1548798457644544,2023,5,11,3,0,1,0,0,0,0,0,0,1,0,1,0,0,0,0,0,0
53,10245.89,4695.46,9,14,1,6.38,0.4582774166031453,2024,9,27,4,0,0,0,0,1,0,0,0,1,0,0,0,1,0,0,0,0
53,40673.6,3634.76,3,11,1,3.49,0.0893641084143031,2024,8,6,1,0,1,0,0,0,0,1,0,0,0,0,0,0,1,0,0,0
48,89963.52,5000.0,6,14,1,6.56,0.0555780832052814,2023,2,7,1,0,0,1,0,0,1,0,0,0,0,0,0,0,0,1,0,0
36,56061.76,1793.11,9,3,0,5.07,0.0319845470424046,2024,10,15,1,0,0,1,0,0,0,1,0,0,0,0,0,0,0,0,1,0
33,58366.35,5000.0,9,11,1,5.38,0.0856657988721241,2023,4,25,1,0,1,0,0,0,1,0,0,0,0,0,0,0,0,1,0,1
46,45807.42,5000.0,6,2,0,4.77,0.109152621998794,2024,10,1,1,0,0,1,0,0,1,0,0,0,0,0,0,0,0,1,0,1
35,25816.15,1702.06,6,1,0,4.46,0.0659300476639622,2024,7,24,2,0,1,0,0,0,0,0,0,0,1,0,0,0,1,0,0,0
18,43475.07,5000.0,9,11,2,7.79,0.115008440469446,2024,12,9,0,0,0,1,0,0,0,0,1,0,0,0,0,0,1,0,0,0
19,21765.46,5000.0,12,10,1,5.97,0.2297217701808278,2024,11,16,5,1,1,0,0,0,0,0,1,0,0,1,0,0,0,0,0,0
50,11685.3,4587.21,3,18,1,2.04,0.3925624502580165,2024,12,18,2,0,0,0,0,1,0,0,0,1,0,0,0,0,1,0,0,0
50,7878.37,3893.63,9,1,0,5.32,0.4942177125471386,2024,11,1,4,0,0,0,0,1,0,1,0,0,0,0,0,1,0,0,0,1
24,7682.92,2258.07,12,5,0,1.69,0.2939077850608883,2024,11,15,4,0,0,0,1,0,0,0,0,1,0,0,1,0,0,0,0,1
19,49156.99,5000.0,6,3,0,6.6,0.1017149341324601,2024,8,6,1,0,0,1,0,0,0,0,0,0,1,0,1,0,0,0,0,0
53,84462.56,5000.0,6,17,3,4.82,0.0591978268240981,2024,11,18,0,0,0,1,0,0,0,1,0,0,0,0,1,0,0,0,0,1
51,5000.0,1768.64,9,14,3,6.77,0.353728,2023,2,24,4,0,0,0,0,1,0,0,0,1,0,0,0,0,0,0,1,0
44,53396.46,5000.0,9,4,0,2.82,0.0936391663417387,2024,12,26,3,0,0,1,0,0,0,1,0,0,0,0,0,0,0,1,0,1
21,13852.79,4674.03,9,6,1,1.23,0.3374071215978874,2024,11,26,1,0,0,0,1,0,0,0,0,1,0,0,0,0,0,0,1,0
29,54596.99,4347.04,9,1,0,8.5,0.0796205065517348,2024,8,4,6,1,0,1,0,0,0,0,0,0,1,0,0,0,0,1,0,1
40,10907.68,496.94,12,3,0,9.72,0.0455587255951769,2023,6,20,1,0,0,0,1,0,0,0,0,1,0,0,0,1,0,0,0,0
55,17299.4,5000.0,9,12,3,8.29,0.2890273651109287,2023,4,18,1,0,0,0,0,1,0,0,1,0,0,1,0,0,0,0,0,1
41,70169.76,5000.0,3,10,1,7.97,0.071255766016586,2024,8,1,3,0,1,0,0,0,0,0,0,0,1,0,0,0,1,0,0,0
19,57349.38,5000.0,3,0,0,8.46,0.087184900691167,2023,6,10,5,1,0,1,0,0,0,1,0,0,0,1,0,0,0,0,0,0
38,8485.98,4066.83,6,1,0,7.9,0.4792410540680039,2024,10,8,1,0,0,0,1,0,1,0,0,0,0,0,0,0,0,0,1,1
55,13280.28,5000.0,6,0,0,8.65,0.3764980858837313,2024,7,28,6,1,0,0,0,1,0,0,1,0,0,0,1,0,0,0,0,1
19,22242.19,5000.0,12,10,1,7.69,0.2247980077501361,2023,6,8,3,0,1,0,0,0,0,1,0,0,0,0,0,0,1,0,0,1
23,12334.0,4829.2,6,24,3,5.16,0.3915355926706664,2023,4,30,6,1,0,0,0,1,0,0,0,0,1,0,0,0,0,1,0,1
40,13826.34,1104.94,12,21,2,5.75,0.0799155814192331,2023,1,16,0,0,0,0,1,0,0,1,0,0,0,0,1,0,0,0,0,1
34,5000.0,1879.0,9,14,1,6.93,0.3758,2024,11,17,6,1,0,0,0,1,0,0,0,0,1,0,0,0,0,1,0,0
59,10937.8,4068.51,12,0,0,1.71,0.3719678545959882,2024,7,5,4,0,0,0,0,1,0,0,0,0,1,1,0,0,0,0,0,0
52,24012.51,5000.0,9,2,0,4.64,0.2082247961583358,2023,3,14,1,0,0,0,1,0,0,0,1,0,0,1,0,0,0,0,0,0
24,13833.21,4277.95,12,12,2,4.7,0.3092521547782474,2024,10,22,1,0,0,0,1,0,0,0,0,1,0,0,1,0,0,0,0,0
53,26742.14,5000.0,6,17,2,8.82,0.1869708258202223,2024,12,17,1,0,0,0,1,0,0,0,0,0,1,0,0,0,1,0,0,0
31,40264.5,5000.0,3,5,0,7.48,0.124178867240373,2024,10,9,2,0,0,1,0,0,0,0,1,0,0,1,0,0,0,0,0,0
42,10343.5,3735.78,6,18,2,1.51,0.3611717503746314,2023,5,16,1,0,0,0,0,1,0,0,0,0,1,0,0,1,0,0,0,1
28,41354.16,5000.0,12,16,3,1.75,0.1209068204988325,2023,5,14,6,1,1,0,0,0,0,0,0,1,0,0,0,1,0,0,0,1
18,27424.78,5000.0,3,6,2,1.37,0.1823168681754238,2024,11,20,2,0,1,0,0,0,0,0,0,0,1,0,1,0,0,0,0,0
55,6993.03,1628.89,6,13,1,1.78,0.2329305036586429,2023,3,6,0,0,0,0,0,1,1,0,0,0,0,1,0,0,0,0,0,1
28,55476.95,5000.0,6,13,2,9.14,0.0901275214300714,2023,4,25,1,0,1,0,0,0,1,0,0,0,0,1,0,0,0,0,0,0
51,13083.37,803.04,9,14,1,4.54,0.0613786814864977,2023,5,10,2,0,0,0,1,0,0,0,1,0,0,0,1,0,0,0,0,0
57,13305.06,5000.0,3,8,1,2.26,0.3757968772782686,2023,6,13,1,0,0,0,0,1,1,0,0,0,0,0,0,1,0,0,0,1
41,87404.39,5000.0,12,13,2,1.14,0.0572053646275661,2024,12,22,6,1,0,1,0,0,0,1,0,0,0,1,0,0,0,0,0,0
33,62880.2,5000.0,3,6,1,5.95,0.0795162865258062,2024,10,21,0,0,1,0,0,0,0,1,0,0,0,0,0,0,1,0,0,0
52,22011.02,4261.8,9,2,0,4.13,0.1936211952013128,2024,12,17,1,0,0,0,0,1,0,1,0,0,0,0,1,0,0,0,0,0
50,22211.18,4765.86,6,14,1,5.62,0.214570319992004,2024,10,14,0,0,0,0,1,0,0,0,0,0,1,0,0,0,1,0,0,0
56,29601.63,3681.3,6,2,0,1.78,0.1243613949637232,2023,5,25,3,0,0,1,0,0,0,0,0,1,0,1,0,0,0,0,0,0
27,36998.14,5000.0,9,18,2,2.01,0.1351419287564185,2024,11,1,4,0,1,0,0,0,0,0,0,0,1,0,0,0,1,0,0,1
45,21876.04,5000.0,3,18,1,1.44,0.2285605621492738,2024,11,23,5,1,0,0,1,0,0,0,0,0,1,0,1,0,0,0,0,1
32,13068.37,2086.97,12,9,2,1.4,0.1596962742866937,2024,9,8,6,1,0,0,1,0,1,0,0,0,0,0,1,0,0,0,0,1
31,11695.79,5000.0,9,3,0,7.82,0.4275042558048665,2024,11,21,3,0,0,0,1,0,1,0,0,0,0,0,1,0,0,0,0,0
22,47749.1,5000.0,3,13,1,3.9,0.1047140155521255,2023,1,5,3,0,1,0,0,0,1,0,0,0,0,0,0,0,0,1,0,0
49,22808.14,3583.39,12,1,0,9.22,0.15711013699495,2023,4,8,5,1,0,0,1,0,0,0,1,0,0,0,1,0,0,0,0,0
44,81940.02,5000.0,12,23,1,8.11,0.0610202438320127,2024,9,24,1,0,1,0,0,0,0,0,1,0,0,0,0,0,1,0,0,0
32,13564.46,2451.13,6,18,3,5.41,0.1807023648563968,2023,6,12,0,0,0,0,0,1,0,1,0,0,0,0,1,0,0,0,0,1
22,6255.8,2272.84,12,3,0,9.17,0.3633172415997954,2023,3,15,2,0,1,0,0,0,0,0,0,0,1,0,0,0,1,0,0,0
18,40518.04,5000.0,12,0,0,3.42,0.1234018229904506,2023,6,19,0,0,0,1,0,0,0,1,0,0,0,0,0,0,0,1,0,1
31,21146.91,5000.0,12,0,0,3.88,0.236441163271608,2023,4,17,0,0,0,0,1,0,0,0,1,0,0,0,0,0,1,0,0,0
52,125986.5,5000.0,6,9,2,3.75,0.0396867918388081,2023,5,31,2,0,0,1,0,0,0,1,0,0,0,0,0,0,0,1,0,0
34,23114.38,5000.0,9,12,3,9.58,0.2163155576744866,2024,12,1,6,1,0,0,1,0,1,0,0,0,0,0,0,1,0,0,0,1
59,20660.87,5000.0,3,13,1,8.52,0.2420033619107036,2023,2,23,3,0,0,0,0,1,1,0,0,0,0,0,0,0,1,0,0,0
35,13212.73,1917.86,12,0,0,8.44,0.1451524401088949,2023,6,13,1,0,0,0,0,1,1,0,0,0,0,0,0,1,0,0,0,0
34,5000.0,1367.64,12,1,0,6.88,0.273528,2024,9,24,1,0,0,0,0,1,0,0,0,0,1,0,0,0,0,1,0,0
44,40545.32,5000.0,12,0,0,2.45,0.1233187948695435,2023,5,16,1,0,1,0,0,0,0,0,1,0,0,1,0,0,0,0,0,0
47,31963.03,5000.0,6,8,1,3.03,0.1564307263735634,2024,7,10,2,0,0,0,1,0,1,0,0,0,0,0,1,0,0,0,0,1
26,12783.12,1704.51,12,0,0,3.32,0.133340686780692,2024,11,1,4,0,0,0,1,0,0,1,0,0,0,1,0,0,0,0,0,1
51,49477.51,5000.0,6,1,0,6.97,0.101056015147084,2023,6,1,3,0,1,0,0,0,0,0,1,0,0,0,0,1,0,0,0,0
39,11614.1,4972.77,3,0,0,3.3,0.4281666250505851,2024,12,23,0,0,0,0,0,1,0,0,0,0,1,0,1,0,0,0,0,0
18,28802.9,5000.0,12,13,1,7.86,0.1735936311968586,2023,2,19,6,1,1,0,0,0,0,1,0,0,0,0,0,0,0,0,1,0
46,10707.95,4185.25,9,2,0,6.24,0.3908544586031873,2023,4,17,0,0,0,0,1,0,0,0,0,1,0,0,1,0,0,0,0,1
54,69753.09,5000.0,3,10,2,1.89,0.0716814122499806,2023,5,24,2,0,0,1,0,0,0,1,0,0,0,0,0,0,0,1,0,0
42,20000.41,5000.0,9,20,5,1.01,0.2499948751050603,2024,7,6,5,1,1,0,0,0,0,0,1,0,0,0,0,0,1,0,0,1
47,17620.49,5000.0,12,0,0,1.75,0.2837605537643958,2024,7,27,5,1,0,0,1,0,1,0,0,0,0,0,1,0,0,0,0,0
24,36252.13,5000.0,3,4,0,5.9,0.1379229303216114,2023,5,7,6,1,0,1,0,0,0,1,0,0,0,0,1,0,0,0,0,1
45,65002.57,5000.0,6,16,1,5.61,0.0769200356232069,2024,9,10,1,0,0,1,0,0,0,1,0,0,0,0,0,0,1,0,0,1
51,10143.89,3885.13,9,8,1,8.25,0.3830019844458093,2024,11,17,6,1,0,0,0,1,0,1,0,0,0,0,0,0,0,0,1,0
18,5944.08,1538.14,6,12,5,2.55,0.2587683880432296,2023,5,11,3,0,0,0,1,0,0,0,0,1,0,0,0,0,0,0,1,1
57,5137.23,1997.85,9,9,1,4.37,0.3888963507571201,2023,6,14,2,0,0,0,0,1,1,0,0,0,0,1,0,0,0,0,0,1
54,72017.04,5000.0,12,10,1,3.04,0.0694280131479994,2023,3,12,6,1,0,1,0,0,0,0,0,0,1,0,1,0,0,0,0,0
47,69540.01,100.0,12,12,1,8.34,0.0014380210759244,2024,11,26,1,0,0,1,0,0,1,0,0,0,0,0,0,1,0,0,0,0
23,5000.0,1491.48,12,13,1,1.39,0.298296,2023,6,12,0,0,0,0,1,0,0,1,0,0,0,0,0,0,0,1,0,0
28,83697.45,5000.0,3,12,2,6.13,0.0597389765160109,2023,4,9,6,1,0,1,0,0,0,0,0,0,1,1,0,0,0,0,0,0
32,83379.97,3739.92,3,3,0,2.72,0.04485393794217,2023,4,26,2,0,0,1,0,0,0,0,0,1,0,0,0,0,0,1,0,0
57,22562.88,5000.0,9,0,0,3.17,0.2216029159398091,2023,2,14,1,0,0,0,1,0,0,0,0,0,1,0,0,0,0,0,1,0
31,49969.67,5000.0,3,9,1,6.93,0.1000606968186902,2024,10,8,1,0,0,1,0,0,1,0,0,0,0,0,0,0,1,0,0,1
22,5000.0,1872.57,3,19,2,4.88,0.374514,2024,9,6,4,0,0,0,0,1,0,1,0,0,0,0,0,0,1,0,0,1
56,74756.68,5000.0,9,18,2,4.78,0.0668836550793855,2024,8,14,2,0,0,1,0,0,0,0,0,0,1,0,0,1,0,0,0,0
55,28858.96,484.33,12,18,2,8.03,0.0167826560624499,2024,10,4,4,0,1,0,0,0,1,0,0,0,0,1,0,0,0,0,0,1
19,48445.83,5000.0,12,5,1,7.56,0.103208057329186,2024,8,21,2,0,0,1,0,0,0,0,1,0,0,0,0,0,0,0,1,1
58,13956.99,4251.28,6,15,2,3.73,0.3045986276410601,2023,4,3,0,0,0,0,0,1,0,0,1,0,0,1,0,0,0,0,0,0
23,14006.39,1416.48,6,0,0,9.8,0.1011309837866859,2024,11,25,0,0,0,0,1,0,0,0,0,0,1,0,1,0,0,0,0,0
23,9109.58,1954.75,9,9,1,7.83,0.2145817919157634,2023,4,8,5,1,0,0,1,0,0,0,1,0,0,0,0,0,0,0,1,1
39,62648.17,5000.0,12,4,0,4.92,0.0798107909616513,2024,11,26,1,0,1,0,0,0,0,0,1,0,0,0,0,0,0,1,0,0
20,59563.93,5000.0,12,8,1,7.69,0.0839434201201969,2024,9,25,2,0,1,0,0,0,0,1,0,0,0,0,0,1,0,0,0,1
32,46409.62,5000.0,3,0,0,1.04,0.1077362839859494,2024,8,16,4,0,1,0,0,0,0,0,0,1,0,1,0,0,0,0,0,0
53,43616.53,100.0,3,10,1,9.58,0.0022927087505585,2023,4,4,1,0,0,1,0,0,0,0,1,0,0,0,1,0,0,0,0,1
19,11012.76,4906.59,3,10,3,4.5,0.445536813659791,2023,6,15,3,0,0,0,0,1,0,0,0,0,1,0,1,0,0,0,0,1
37,9633.16,3966.99,3,10,1,8.83,0.4118056795485593,2024,10,14,0,0,0,0,0,1,0,0,0,0,1,0,0,1,0,0,0,0
37,10417.26,1906.45,12,3,0,1.9,0.1830087758201292,2023,5,22,0,0,0,0,0,1,1,0,0,0,0,0,0,0,0,0,1,1
22,5000.0,2355.11,6,13,2,8.55,0.471022,2024,7,7,6,1,0,0,0,1,1,0,0,0,0,1,0,0,0,0,0,0
54,35636.83,100.0,3,8,1,3.72,0.0028060857264801,2023,5,27,5,1,0,1,0,0,0,1,0,0,0,1,0,0,0,0,0,1
57,14154.12,3622.03,12,10,1,7.46,0.2558993423822887,2024,12,15,6,1,0,0,0,1,0,0,0,0,1,0,1,0,0,0,0,1
30,14404.46,2290.62,6,7,0,5.08,0.1590215808159417,2024,8,4,6,1,0,0,0,1,0,0,0,0,1,0,0,0,0,1,0,0
56,23548.18,5000.0,12,9,2,7.93,0.2123306344694154,2024,7,11,3,0,0,0,1,0,0,0,0,0,1,0,0,0,0,0,1,1
42,5000.0,282.74,6,12,1,8.92,0.056548,2024,8,21,2,0,0,0,0,1,0,0,0,1,0,0,0,1,0,0,0,1
36,9323.1,146.42,9,7,1,7.57,0.015705076637599,2024,9,5,3,0,0,0,0,1,0,0,0,0,1,0,0,0,1,0,0,1
45,22261.29,5000.0,12,0,0,9.96,0.2246051329460242,2024,7,6,5,1,0,0,1,0,0,0,0,0,1,0,0,0,0,1,0,1
46,69773.93,5000.0,12,1,0,7.03,0.0716600025252985,2024,9,16,0,0,0,1,0,0,0,0,0,0,1,0,0,0,1,0,0,0
33,18498.54,324.75,6,11,1,7.92,0.0175554395103613,2024,8,1,3,0,0,0,0,1,1,0,0,0,0,0,0,0,1,0,0,1
36,62079.31,5000.0,9,5,1,1.54,0.0805421323142928,2024,7,6,5,1,0,1,0,0,0,1,0,0,0,0,0,0,0,0,1,0
49,8015.3,1446.82,9,13,2,9.01,0.1805072798273302,2024,8,24,5,1,0,0,1,0,0,0,0,1,0,1,0,0,0,0,0,0
47,75450.78,5000.0,12,11,1,5.77,0.0662683672720149,2023,3,15,2,0,1,0,0,0,0,0,0,1,0,0,0,1,0,0,0,0
30,63525.37,5000.0,12,2,1,1.97,0.0787087111810604,2024,7,15,0,0,1,0,0,0,0,0,0,1,0,0,0,0,0,1,0,0
49,86568.95,100.0,3,9,2,6.64,0.0011551485838744,2023,3,20,0,0,1,0,0,0,0,0,1,0,0,0,0,0,0,0,1,0
57,62256.09,5000.0,3,6,1,7.21,0.0803134279714643,2023,6,15,3,0,0,1,0,0,0,0,0,1,0,0,0,1,0,0,0,0
40,78352.43,5000.0,6,0,0,1.77,0.0638142301393843,2024,10,8,1,0,1,0,0,0,0,0,0,1,0,0,0,0,1,0,0,0
47,72291.23,100.0,12,10,1,8.83,0.0013832936581657,2023,3,20,0,0,0,1,0,0,0,0,1,0,0,0,0,0,0,1,0,0
58,105769.39,5000.0,3,2,0,2.85,0.0472726561058922,2024,12,22,6,1,0,1,0,0,0,0,0,0,1,0,0,0,1,0,0,0
53,17009.08,4977.18,6,1,0,6.73,0.2926190011452706,2024,8,19,0,0,0,0,1,0,1,0,0,0,0,0,0,0,0,0,1,1
44,70879.77,5000.0,6,17,2,8.55,0.0705419896255306,2024,10,9,2,0,1,0,0,0,1,0,0,0,0,0,1,0,0,0,0,0
21,39358.37,5000.0,9,1,0,4.53,0.1270377812902312,2023,3,21,1,0,1,0,0,0,0,0,1,0,0,0,0,1,0,0,0,1
31,19200.28,100.0,12,4,1,2.2,0.0052082573795798,2024,8,19,0,0,0,0,0,1,0,0,1,0,0,0,0,1,0,0,0,1
42,68605.62,5000.0,9,0,0,3.8,0.072880326713759,2023,6,2,4,0,1,0,0,0,0,0,0,1,0,0,0,0,0,1,0,0
18,7825.97,4049.83,3,1,0,8.03,0.5174860113187247,2024,9,24,1,0,0,0,1,0,1,0,0,0,0,0,1,0,0,0,0,0
38,10875.62,1319.1,3,1,1,9.63,0.1212896368207053,2023,2,11,5,1,0,0,0,1,0,1,0,0,0,1,0,0,0,0,0,1
33,13150.73,3279.97,6,2,0,3.3,0.2494135306557126,2024,8,5,0,0,0,0,0,1,0,0,0,1,0,0,0,0,0,0,1,1
31,36707.54,4232.66,12,2,0,4.51,0.1153076452412774,2024,8,1,3,0,1,0,0,0,0,0,0,1,0,0,0,0,1,0,0,1
37,13957.3,5000.0,6,11,1,3.22,0.3582354753426522,2024,12,5,3,0,0,0,1,0,0,0,1,0,0,1,0,0,0,0,0,0
36,11610.56,3164.63,9,0,0,2.2,0.2725648030758206,2024,8,25,6,1,0,0,0,1,0,0,0,1,0,0,0,0,1,0,0,1
46,17140.59,5000.0,9,15,3,9.81,0.2917052446852763,2023,4,23,6,1,0,0,1,0,0,0,0,1,0,0,0,0,0,0,1,1
43,13745.14,3558.22,6,1,0,7.15,0.2588711355431811,2023,6,11,6,1,0,0,0,1,0,0,1,0,0,0,0,1,0,0,0,0
31,40891.3,5000.0,12,15,1,1.84,0.1222753984343857,2024,7,23,1,0,1,0,0,0,1,0,0,0,0,0,0,0,0,0,1,1
44,26420.27,5000.0,3,12,1,5.93,0.1892486337194888,2023,3,23,3,0,0,0,1,0,0,0,1,0,0,0,0,0,0,0,1,0
31,5000.0,3156.03,9,14,2,1.59,0.631206,2024,7,4,3,0,0,0,0,1,0,0,0,1,0,0,0,0,1,0,0,0
48,10026.72,2724.1,12,14,3,8.47,0.2716840601911692,2023,6,17,5,1,0,0,0,1,0,1,0,0,0,0,0,0,1,0,0,1
46,18615.53,5000.0,9,0,0,7.52,0.268592943633622,2024,7,8,0,0,0,0,0,1,0,0,1,0,0,0,0,1,0,0,0,1
27,69792.39,5000.0,6,0,0,7.51,0.0716410485441177,2023,6,17,5,1,1,0,0,0,0,0,0,0,1,0,0,0,0,0,1,0
30,25806.12,5000.0,3,17,3,7.4,0.1937524897194929,2023,6,1,3,0,0,0,1,0,0,0,0,0,1,0,0,1,0,0,0,1
40,16296.29,545.49,3,0,0,3.21,0.0334732629328515,2024,12,7,5,1,0,0,0,1,0,0,1,0,0,1,0,0,0,0,0,1
38,51499.64,5000.0,3,0,0,2.27,0.0970880573145754,2023,6,11,6,1,0,1,0,0,0,0,1,0,0,0,0,0,0,0,1,0
44,15401.16,1086.34,9,14,2,2.48,0.0705362453217809,2023,4,14,4,0,0,0,1,0,1,0,0,0,0,0,1,0,0,0,0,0
49,43530.19,5000.0,9,0,0,9.91,0.1148628113040627,2024,11,16,5,1,1,0,0,0,0,0,0,0,1,0,0,1,0,0,0,1
45,89537.73,5000.0,12,19,4,2.8,0.0558423806366321,2023,4,5,2,0,1,0,0,0,0,0,1,0,0,1,0,0,0,0,0,0
20,69351.19,5000.0,9,11,1,8.85,0.0720968162190151,2023,6,17,5,1,0,1,0,0,0,0,0,0,1,0,1,0,0,0,0,0
53,17706.45,2512.64,12,1,0,4.65,0.1419053508749636,2024,10,12,5,1,0,0,0,1,0,0,1,0,0,1,0,0,0,0,0,0
28,63540.35,5000.0,9,15,2,7.81,0.0786901551533789,2024,7,10,2,0,0,1,0,0,0,0,0,0,1,0,0,0,0,1,0,0
54,10717.43,2012.64,3,0,0,3.37,0.1877912895162366,2024,11,10,6,1,0,0,0,1,0,0,0,0,1,0,0,1,0,0,0,0
37,17332.28,5000.0,12,2,0,6.23,0.2884790691126614,2024,9,14,5,1,0,0,1,0,1,0,0,0,0,0,0,0,0,0,1,0
42,23191.54,5000.0,9,0,0,3.87,0.215595859524637,2024,8,28,2,0,0,0,1,0,0,1,0,0,0,0,0,0,0,0,1,1
48,14482.97,2031.55,3,3,0,4.09,0.1402716431781603,2023,5,21,6,1,0,0,0,1,0,0,0,1,0,0,1,0,0,0,0,0
40,13299.81,4968.87,12,24,2,7.21,0.3736045853286626,2024,7,21,6,1,0,0,0,1,0,1,0,0,0,0,0,1,0,0,0,1
31,13161.05,5000.0,9,24,2,8.87,0.3799088978462965,2024,7,1,0,0,0,0,0,1,0,1,0,0,0,0,0,0,1,0,0,1
25,7944.51,1946.33,12,10,1,2.78,0.2449905658121142,2023,6,16,4,0,0,0,0,1,0,0,0,0,1,0,1,0,0,0,0,0
50,82156.47,5000.0,9,3,0,2.35,0.0608594794786095,2023,6,30,4,0,1,0,0,0,1,0,0,0,0,1,0,0,0,0,0,0
57,16943.72,5000.0,12,12,1,9.53,0.2950945837159726,2023,1,13,4,0,0,0,1,0,1,0,0,0,0,0,0,0,1,0,0,0
20,10551.58,2497.14,3,12,1,4.91,0.2366602916340491,2024,12,31,1,0,0,0,0,1,0,0,1,0,0,0,0,1,0,0,0,1
20,30077.12,5000.0,9,0,0,9.79,0.1662393207860327,2024,9,11,2,0,0,1,0,0,0,1,0,0,0,1,0,0,0,0,0,1
38,5001.33,2914.89,3,1,0,2.85,0.582822969090222,2024,11,19,1,0,0,0,0,1,1,0,0,0,0,0,1,0,0,0,0,0
47,94486.84,5000.0,3,15,2,9.47,0.0529174221510635,2023,2,22,2,0,0,1,0,0,0,0,0,0,1,0,0,1,0,0,0,0
28,12688.37,4409.06,12,22,5,2.92,0.3474882904581124,2024,7,2,1,0,0,0,1,0,0,0,0,0,1,0,0,0,1,0,0,1
32,11217.45,2379.21,12,22,3,5.66,0.2120990064586871,2024,8,17,5,1,0,0,0,1,1,0,0,0,0,0,0,0,0,0,1,0
32,19116.49,3563.38,3,17,1,6.44,0.1864034663267158,2023,3,20,0,0,0,0,1,0,0,1,0,0,0,0,0,0,0,1,0,1
22,8069.01,3355.67,3,4,0,3.57,0.4158713398545794,2023,4,10,0,0,0,0,0,1,0,0,0,1,0,0,0,0,1,0,0,0
28,14334.46,1329.38,12,4,0,6.35,0.0927401520531642,2023,4,12,2,0,0,0,1,0,0,0,0,1,0,0,0,0,0,0,1,1
20,32976.03,5000.0,9,3,1,3.14,0.151625286609698,2024,12,28,5,1,1,0,0,0,0,0,1,0,0,1,0,0,0,0,0,0
22,9442.4,2993.27,6,0,0,1.4,0.3170030924341269,2023,3,29,2,0,0,1,0,0,1,0,0,0,0,0,0,0,0,0,1,1
40,67536.71,5000.0,9,16,1,7.75,0.0740338106490529,2023,4,23,6,1,0,1,0,0,0,1,0,0,0,0,1,0,0,0,0,0
59,5144.1,1057.7,3,13,3,7.87,0.2056141987908477,2023,5,13,5,1,0,0,0,1,0,1,0,0,0,0,0,1,0,0,0,1
38,56293.09,5000.0,6,12,1,2.3,0.0888208481715962,2023,4,23,6,1,1,0,0,0,0,0,0,1,0,0,0,0,0,1,0,0
24,12732.98,928.38,3,0,0,7.48,0.0729114472809978,2024,9,30,0,0,0,0,1,0,0,0,0,1,0,0,0,1,0,0,0,1
35,11693.06,1722.73,9,15,4,9.79,0.1473292705245675,2024,7,14,6,1,0,0,0,1,0,1,0,0,0,1,0,0,0,0,0,1
49,15340.13,5000.0,9,15,1,3.53,0.3259424789750804,2024,10,20,6,1,0,0,1,0,0,1,0,0,0,0,1,0,0,0,0,0
47,9896.02,1474.09,6,21,1,3.82,0.1489578638685047,2023,1,28,5,1,0,0,1,0,0,1,0,0,0,0,1,0,0,0,0,1
58,5973.61,100.0,3,18,2,4.49,0.0167402960688762,2024,12,31,1,0,0,0,0,1,0,0,0,0,1,0,0,1,0,0,0,1
32,48325.8,5000.0,3,9,1,3.53,0.1034644020378348,2023,1,2,0,0,0,1,0,0,0,0,0,0,1,0,0,0,0,1,0,0
20,32525.77,5000.0,6,25,6,3.96,0.1537242623310685,2023,5,4,3,0,1,0,0,0,0,0,0,0,1,0,0,1,0,0,0,1
27,10367.18,2661.39,12,13,1,9.86,0.2567130116386519,2023,5,13,5,1,0,0,1,0,1,0,0,0,0,0,0,0,1,0,0,0
52,60961.22,5000.0,9,0,0,7.35,0.0820193559118403,2023,5,16,1,0,0,1,0,0,0,0,0,1,0,1,0,0,0,0,0,0
25,12074.05,4211.55,12,0,0,6.1,0.3488100513083845,2023,6,3,5,1,0,0,0,1,0,0,0,1,0,0,1,0,0,0,0,0
32,52668.37,5000.0,3,14,1,2.13,0.0949336385386523,2024,12,27,4,0,0,1,0,0,0,0,0,0,1,0,0,0,0,1,0,0
39,20415.73,5000.0,6,11,2,9.49,0.2449091950177632,2024,12,18,2,0,0,0,1,0,0,1,0,0,0,0,0,0,1,0,0,0
39,42858.04,5000.0,9,7,1,8.72,0.1166642244955672,2024,12,15,6,1,0,1,0,0,1,0,0,0,0,0,0,0,1,0,0,1
23,22822.75,5000.0,9,12,3,2.24,0.2190796464054507,2024,10,24,3,0,1,0,0,0,0,0,0,0,1,1,0,0,0,0,0,1
31,18640.73,5000.0,6,1,0,9.21,0.2682298386382937,2024,9,22,6,1,0,0,1,0,0,0,1,0,0,1,0,0,0,0,0,0
34,14871.61,5000.0,3,0,0,1.2,0.3362110760032034,2023,6,10,5,1,0,0,1,0,0,0,0,0,1,0,0,1,0,0,0,1
42,94326.34,5000.0,9,4,1,4.46,0.0530074632387941,2023,5,26,4,0,1,0,0,0,0,0,0,0,1,0,0,0,0,1,0,0
30,76219.16,5000.0,9,17,2,2.49,0.0656003031258806,2024,12,30,0,0,0,1,0,0,0,0,0,0,1,0,1,0,0,0,0,0
30,5341.81,2615.64,6,1,0,4.69,0.4896542557672398,2023,2,9,3,0,0,0,0,1,0,0,0,1,0,0,0,0,0,0,1,0
41,23651.16,5000.0,12,17,2,4.09,0.2114061213065236,2024,9,14,5,1,0,0,1,0,1,0,0,0,0,0,0,0,0,1,0,1
30,18220.24,4658.74,12,3,0,1.59,0.25569037509934,2023,5,28,6,1,0,0,1,0,0,0,0,0,1,0,0,0,0,1,0,0
21,6604.25,2238.06,6,0,1,1.16,0.3388817806715372,2024,8,8,3,0,0,0,0,1,0,0,1,0,0,0,0,0,0,0,1,0
55,22618.39,5000.0,3,16,1,3.47,0.2210590585802084,2023,2,22,2,0,0,0,1,0,0,1,0,0,0,0,0,0,1,0,0,1
56,48397.44,5000.0,3,1,0,5.38,0.1033112495206357,2024,7,19,4,0,1,0,0,0,0,1,0,0,0,0,0,0,1,0,0,0
51,53706.05,5000.0,9,4,1,2.65,0.0930993807960183,2024,10,16,2,0,0,1,0,0,0,0,1,0,0,0,1,0,0,0,0,1
19,37848.13,100.0,9,9,1,5.17,0.0026421384623229,2023,3,23,3,0,1,0,0,0,0,0,1,0,0,0,1,0,0,0,0,1
41,11513.8,100.0,9,8,1,9.91,0.0086852298980354,2023,5,24,2,0,0,0,1,0,0,1,0,0,0,1,0,0,0,0,0,0
47,49462.89,5000.0,12,2,2,4.14,0.1010858847916084,2023,3,10,4,0,1,0,0,0,1,0,0,0,0,0,0,0,1,0,0,0
36,26099.39,5000.0,3,12,1,6.91,0.1915753586578077,2024,9,21,5,1,1,0,0,0,1,0,0,0,0,1,0,0,0,0,0,0
39,22521.05,5000.0,3,6,2,8.62,0.2220145153090109,2023,5,18,3,0,0,0,1,0,0,0,0,0,1,0,0,0,0,1,0,0
55,30174.46,5000.0,12,3,0,6.17,0.1657030482069936,2023,4,17,0,0,0,0,1,0,0,1,0,0,0,0,0,1,0,0,0,1
55,88916.38,5000.0,6,5,1,4.68,0.0562326086599566,2024,12,12,3,0,1,0,0,0,0,0,0,0,1,0,0,0,0,0,1,0
40,19552.4,4575.39,9,1,0,9.62,0.2340065669687608,2024,12,10,1,0,0,0,1,0,0,0,0,1,0,0,0,0,0,1,0,0
32,53288.7,3440.79,12,11,2,2.49,0.0645688485551345,2024,8,17,5,1,1,0,0,0,1,0,0,0,0,0,0,0,0,0,1,0
24,10875.48,3322.53,6,0,0,8.77,0.305506515574485,2023,2,16,3,0,0,0,1,0,0,0,0,1,0,0,0,0,0,0,1,1
58,17089.58,100.0,12,3,0,6.72,0.0058515188787553,2023,3,10,4,0,0,0,0,1,0,0,0,0,1,0,0,1,0,0,0,0
49,19763.1,4501.2,9,15,2,3.26,0.2277577910348073,2023,1,16,0,0,0,0,1,0,0,0,0,0,1,0,0,0,0,1,0,0
44,98951.33,5000.0,9,5,0,8.95,0.0505298918165122,2023,4,14,4,0,0,1,0,0,0,1,0,0,0,0,0,1,0,0,0,0
54,64344.86,5000.0,12,4,0,5.02,0.0777062845423861,2023,2,18,5,1,1,0,0,0,1,0,0,0,0,1,0,0,0,0,0,0
44,41385.65,5000.0,6,12,1,2.97,0.1208148234955836,2024,8,13,1,0,0,1,0,0,1,0,0,0,0,1,0,0,0,0,0,0
31,59496.42,5000.0,3,6,1,7.79,0.0840386698897177,2023,5,25,3,0,1,0,0,0,0,0,1,0,0,0,0,0,1,0,0,1
41,26629.55,5000.0,12,4,0,3.78,0.1877613403155517,2024,9,4,2,0,1,0,0,0,0,0,0,1,0,0,0,0,0,0,1,0
52,59939.81,5000.0,3,1,1,1.03,0.0834170145017143,2024,10,22,1,0,1,0,0,0,0,0,0,1,0,0,1,0,0,0,0,1
23,14050.57,3129.89,9,14,1,5.04,0.2227589343350483,2024,9,20,4,0,0,0,1,0,0,0,0,1,0,1,0,0,0,0,0,0
58,17058.58,5000.0,12,12,2,3.49,0.2931076326399969,2024,11,25,0,0,0,0,1,0,0,1,0,0,0,0,0,0,0,0,1,1
36,34363.34,5000.0,9,20,2,1.01,0.1455039003775535,2023,6,12,0,0,0,1,0,0,0,0,0,0,1,0,1,0,0,0,0,1
22,11197.97,3496.08,9,6,1,6.7,0.3122065874439742,2023,5,18,3,0,0,0,0,1,0,0,0,0,1,0,0,0,0,0,1,1
25,54714.01,5000.0,3,0,0,3.6,0.0913842725108249,2024,10,11,4,0,1,0,0,0,1,0,0,0,0,1,0,0,0,0,0,0
58,6411.95,4323.59,6,10,1,2.84,0.6743018894408098,2023,2,14,1,0,0,0,0,1,1,0,0,0,0,0,0,0,1,0,0,1
24,33304.45,1502.34,12,2,1,2.11,0.0451092871973565,2024,7,6,5,1,1,0,0,0,0,0,0,0,1,0,1,0,0,0,0,0
31,35097.87,5000.0,3,16,3,8.36,0.1424587873851034,2024,7,14,6,1,0,1,0,0,0,0,1,0,0,1,0,0,0,0,0,1
25,7164.37,462.25,6,4,0,5.13,0.0645206766261374,2024,9,9,0,0,0,0,0,1,0,0,1,0,0,0,1,0,0,0,0,0
19,5845.81,1024.91,3,0,0,4.61,0.1753238644430797,2023,5,26,4,0,0,0,1,0,1,0,0,0,0,1,0,0,0,0,0,1
49,15904.28,3846.13,6,6,2,7.95,0.2418298722104993,2023,2,14,1,0,0,0,0,1,0,0,1,0,0,0,0,0,1,0,0,0
38,8641.5,3892.66,3,4,0,5.84,0.4504611467916449,2023,3,27,0,0,0,0,0,1,0,1,0,0,0,0,0,0,0,0,1,0
29,6964.7,1059.07,3,10,2,9.83,0.1520625439717432,2023,6,12,0,0,0,0,0,1,1,0,0,0,0,0,0,0,0,0,1,0
30,82423.7,5000.0,3,16,2,4.52,0.0606621639164463,2023,2,2,3,0,0,1,0,0,0,1,0,0,0,0,1,0,0,0,0,1
51,16345.04,3069.43,12,2,0,1.14,0.187789690328075,2023,4,2,6,1,0,0,0,1,0,0,0,0,1,0,0,0,1,0,0,0
46,103456.74,5000.0,9,18,1,6.86,0.0483293790235416,2023,5,9,1,0,0,1,0,0,0,1,0,0,0,0,1,0,0,0,0,0
20,5000.0,1325.29,12,6,2,4.58,0.265058,2023,4,25,1,0,0,0,0,1,0,1,0,0,0,1,0,0,0,0,0,0
47,7545.28,724.93,3,1,0,1.13,0.096077282751601,2023,2,1,2,0,0,0,0,1,1,0,0,0,0,1,0,0,0,0,0,0
36,11303.0,4661.45,9,0,0,9.83,0.4124082102096788,2023,5,1,0,0,0,0,1,0,0,1,0,0,0,0,0,0,0,1,0,1
56,66915.17,5000.0,12,13,2,6.97,0.0747214719771316,2023,5,5,4,0,1,0,0,0,0,0,1,0,0,1,0,0,0,0,0,0
57,75341.12,890.29,6,6,1,1.75,0.0118167874329449,2023,4,23,6,1,0,1,0,0,0,0,0,1,0,1,0,0,0,0,0,0
24,6660.21,1843.06,6,6,1,7.27,0.2767270101092908,2024,10,12,5,1,0,0,0,1,0,0,0,0,1,0,0,0,0,0,1,0
23,12964.3,5000.0,6,0,0,6.27,0.3856745061437949,2023,6,20,1,0,0,0,1,0,0,1,0,0,0,0,0,1,0,0,0,0
46,90084.67,5000.0,3,15,2,2.7,0.0555033392473991,2024,7,17,2,0,0,1,0,0,0,0,0,1,0,0,0,0,0,0,1,0
44,49178.7,5000.0,12,11,2,3.69,0.101670031944724,2023,2,10,4,0,1,0,0,0,1,0,0,0,0,0,0,0,1,0,0,0
26,60662.35,5000.0,12,2,0,8.69,0.0824234471628613,2023,6,20,1,0,1,0,0,0,1,0,0,0,0,0,0,0,0,1,0,0
36,40195.88,5000.0,3,17,1,2.34,0.1243908579685281,2024,10,24,3,0,1,0,0,0,0,0,0,1,0,0,0,1,0,0,0,1
30,12233.16,5000.0,6,5,3,8.3,0.4087251372499011,2023,1,28,5,1,0,0,0,1,1,0,0,0,0,1,0,0,0,0,0,1
51,21105.3,5000.0,12,19,2,4.55,0.2369073171193965,2023,5,31,2,0,0,1,0,0,0,0,0,1,0,0,0,0,0,1,0,1
51,50948.24,5000.0,12,13,1,9.97,0.0981388169640403,2023,1,25,2,0,0,1,0,0,0,0,0,0,1,0,0,1,0,0,0,0
46,79214.35,5000.0,12,7,1,9.58,0.0631198766385131,2023,1,21,5,1,1,0,0,0,0,0,0,0,1,0,0,0,1,0,0,0
58,31386.11,5000.0,9,13,1,1.94,0.1593061389257859,2024,9,5,3,0,1,0,0,0,0,0,0,1,0,0,1,0,0,0,0,0
20,5337.82,2283.28,3,5,1,6.19,0.4277551509792388,2023,2,10,4,0,0,0,0,1,0,1,0,0,0,1,0,0,0,0,0,0
31,54693.95,5000.0,3,21,3,7.41,0.0914177893533014,2023,5,14,6,1,0,1,0,0,0,0,1,0,0,1,0,0,0,0,0,1
37,28002.43,5000.0,6,2,0,5.85,0.1785559324672894,2024,12,13,4,0,1,0,0,0,0,0,1,0,0,0,0,0,0,1,0,0
32,48498.83,5000.0,3,3,0,9.63,0.1030952705457018,2023,1,23,0,0,0,1,0,0,1,0,0,0,0,0,0,0,1,0,0,0
30,57492.84,5000.0,3,13,2,6.65,0.0869673510649326,2023,5,19,4,0,1,0,0,0,0,0,0,1,0,0,1,0,0,0,0,0
24,5019.03,1426.08,6,9,1,3.98,0.2841345837741555,2024,10,17,3,0,0,0,0,1,0,1,0,0,0,0,0,0,1,0,0,1
49,38690.44,5000.0,6,9,1,1.33,0.1292308901113556,2024,11,15,4,0,1,0,0,0,1,0,0,0,0,0,0,0,0,0,1,0
24,6478.14,3034.6,12,6,1,7.85,0.4684369278836209,2023,4,20,3,0,0,0,1,0,0,1,0,0,0,0,0,0,1,0,0,0
37,25849.97,5000.0,3,14,1,1.06,0.1934238221553061,2024,8,27,1,0,0,1,0,0,0,0,0,1,0,0,0,0,0,1,0,0
21,18065.92,2418.09,6,11,1,2.22,0.1338481516579283,2023,2,2,3,0,0,1,0,0,1,0,0,0,0,0,0,0,1,0,0,1
23,50826.25,5000.0,6,7,1,1.36,0.0983743636408352,2023,6,10,5,1,0,1,0,0,0,1,0,0,0,0,0,0,1,0,0,0
42,77807.65,1871.63,12,19,1,1.39,0.0240545756104958,2024,9,16,0,0,0,1,0,0,0,0,1,0,0,0,0,1,0,0,0,0
41,9411.34,1179.19,6,2,1,9.21,0.1252945914184377,2024,10,21,0,0,0,0,1,0,0,0,0,0,1,0,0,0,0,0,1,0
21,7938.8,4789.49,9,6,0,3.6,0.6033015065249155,2023,6,12,0,0,0,0,0,1,0,0,0,1,0,0,0,0,1,0,0,1
23,5044.36,1650.31,12,13,2,9.77,0.3271594414355835,2023,5,19,4,0,0,0,1,0,0,0,0,0,1,1,0,0,0,0,0,0
20,10191.02,3578.16,6,17,2,7.62,0.3511091137099132,2023,5,23,1,0,0,0,1,0,0,1,0,0,0,0,0,0,0,1,0,1
49,13807.92,5000.0,12,2,0,9.61,0.3621110203419487,2024,7,9,1,0,0,0,0,1,0,0,1,0,0,0,1,0,0,0,0,0
52,50207.49,5000.0,3,2,0,3.39,0.0995867349672329,2023,4,19,2,0,1,0,0,0,0,1,0,0,0,0,1,0,0,0,0,0
44,24964.16,5000.0,6,24,3,9.42,0.2002871316319075,2023,5,1,0,0,0,0,0,1,0,0,0,1,0,0,0,1,0,0,0,1
32,57101.39,5000.0,9,14,1,7.08,0.0875635426738298,2024,12,21,5,1,1,0,0,0,0,0,0,1,0,0,0,1,0,0,0,0
28,5000.0,1361.85,9,10,1,6.63,0.27237,2024,10,10,3,0,0,0,0,1,0,0,0,1,0,0,0,0,0,0,1,0
33,63802.92,5000.0,9,10,1,1.67,0.0783663192844465,2023,2,25,5,1,1,0,0,0,0,1,0,0,0,0,0,0,1,0,0,0
55,46456.4,5000.0,3,0,1,2.83,0.1076277972464504,2023,2,21,1,0,1,0,0,0,1,0,0,0,0,0,1,0,0,0,0,1
31,50953.59,5000.0,6,16,3,9.5,0.0981285126327703,2024,9,22,6,1,1,0,0,0,0,0,0,0,1,0,0,0,0,1,0,1
59,51546.17,5000.0,9,0,0,9.17,0.0970004172957952,2024,7,25,3,0,0,1,0,0,0,0,0,0,1,0,0,0,1,0,0,0
59,64209.81,5000.0,9,3,0,4.32,0.0778697211532007,2023,6,13,1,0,1,0,0,0,0,0,0,0,1,0,0,1,0,0,0,0
49,11031.03,4490.25,6,16,1,1.1,0.4070562767030821,2024,8,2,4,0,0,0,1,0,1,0,0,0,0,0,0,1,0,0,0,0
21,5449.04,1327.6,12,0,0,4.34,0.2436392465461806,2023,1,30,0,0,0,0,0,1,0,0,0,1,0,0,0,1,0,0,0,0
35,12167.93,4400.95,12,0,0,5.01,0.3616843620895255,2024,11,1,4,0,0,0,1,0,0,0,0,0,1,0,0,0,1,0,0,1
35,10155.87,3454.19,3,0,0,5.34,0.3401175871687999,2024,7,30,1,0,0,0,0,1,1,0,0,0,0,0,0,0,0,0,1,0
40,51142.45,5000.0,9,1,0,6.74,0.0977661414343661,2023,5,16,1,0,0,1,0,0,0,0,1,0,0,1,0,0,0,0,0,1
20,28975.26,1685.96,3,11,1,1.27,0.05818619056395,2024,8,24,5,1,1,0,0,0,0,0,1,0,0,0,0,0,1,0,0,0
28,39064.76,5000.0,6,11,1,2.48,0.1279925948604317,2024,9,11,2,0,1,0,0,0,0,0,1,0,0,0,0,0,1,0,0,1
34,61040.63,5000.0,3,1,0,9.97,0.0819126539159245,2024,7,29,0,0,1,0,0,0,0,1,0,0,0,0,0,0,0,1,0,0
43,56175.23,5000.0,9,18,4,3.73,0.0890072012166216,2023,6,15,3,0,1,0,0,0,0,0,0,0,1,0,0,1,0,0,0,1
39,61754.91,5000.0,9,15,2,2.99,0.0809652220365959,2023,1,5,3,0,1,0,0,0,1,0,0,0,0,0,1,0,0,0,0,0
47,23375.54,3468.19,3,12,2,9.86,0.1483683371592699,2023,3,22,2,0,0,0,0,1,0,0,0,0,1,0,0,1,0,0,0,0
36,7391.19,2845.29,9,9,1,7.97,0.384956955510547,2023,3,31,4,0,0,0,0,1,0,0,1,0,0,1,0,0,0,0,0,1
51,25810.99,5000.0,3,9,1,1.69,0.1937159326317975,2023,3,13,0,0,0,1,0,0,0,1,0,0,0,0,0,0,0,1,0,1
40,14305.44,1425.99,3,16,1,2.73,0.0996816595644733,2023,6,23,4,0,0,0,1,0,0,0,0,1,0,0,0,0,0,1,0,0
41,22059.54,5000.0,9,1,0,9.49,0.2266593047724476,2024,7,22,0,0,0,0,1,0,0,1,0,0,0,0,0,1,0,0,0,1
46,23617.15,5000.0,6,21,1,6.95,0.2117105577938066,2024,10,29,1,0,0,0,1,0,0,0,0,1,0,0,0,1,0,0,0,1
20,36391.19,5000.0,6,19,3,1.22,0.1373958916979631,2023,5,26,4,0,1,0,0,0,0,0,1,0,0,0,0,1,0,0,0,1
27,76807.62,5000.0,12,19,1,5.83,0.0650977077534755,2024,7,3,2,0,0,1,0,0,0,1,0,0,0,0,0,1,0,0,0,0
37,65930.39,5000.0,6,8,2,4.59,0.0758375614037775,2023,3,9,3,0,0,1,0,0,0,0,0,0,1,0,0,0,0,1,0,0
57,60672.03,5000.0,9,12,2,1.17,0.0824102968039803,2024,9,10,1,0,1,0,0,0,0,0,0,0,1,1,0,0,0,0,0,0
36,21874.43,5000.0,3,14,1,5.21,0.2285773846449941,2023,6,30,4,0,0,0,1,0,0,0,1,0,0,0,0,0,0,0,1,0
55,49348.58,5000.0,6,6,1,8.14,0.1013200379828558,2023,3,15,2,0,0,1,0,0,0,0,0,1,0,0,0,0,0,0,1,0
53,58009.69,5000.0,3,2,0,7.63,0.0861924964605051,2023,4,5,2,0,0,1,0,0,0,0,1,0,0,0,0,0,1,0,0,0
21,8133.65,1828.49,9,14,1,7.18,0.2248055915855735,2023,6,12,0,0,0,0,1,0,0,1,0,0,0,0,0,0,0,1,0,1
24,43017.08,5000.0,9,2,0,2.01,0.1162329009779371,2024,8,11,6,1,0,1,0,0,0,1,0,0,0,1,0,0,0,0,0,1
49,23473.95,5000.0,12,0,0,4.44,0.2130020725101655,2024,11,11,0,0,0,0,1,0,1,0,0,0,0,0,0,0,1,0,0,1
47,70484.13,5000.0,6,10,2,9.66,0.0709379544019341,2024,9,17,1,0,0,1,0,0,0,1,0,0,0,0,0,0,1,0,0,0
39,15619.14,5000.0,9,2,0,1.74,0.3201200578264873,2024,12,14,5,1,0,0,1,0,0,0,1,0,0,0,1,0,0,0,0,0
50,24677.2,5000.0,12,14,1,4.97,0.2026161801176794,2023,5,14,6,1,0,0,1,0,0,1,0,0,0,0,0,0,0,0,1,0
38,13642.59,5000.0,12,0,0,8.89,0.3664993230757503,2024,8,30,4,0,0,0,1,0,0,0,0,1,0,0,0,0,0,0,1,0
54,19054.93,4525.44,12,1,0,6.81,0.2374944436951487,2024,9,25,2,0,0,0,1,0,0,0,0,1,0,0,0,0,0,0,1,0
28,14719.57,3329.87,3,1,0,6.89,0.2262206029116339,2024,8,31,5,1,0,0,1,0,1,0,0,0,0,0,0,1,0,0,0,0
26,51393.8,5000.0,3,13,2,3.17,0.0972879997198105,2024,9,11,2,0,0,1,0,0,0,1,0,0,0,0,1,0,0,0,0,0
18,5645.81,2883.13,3,24,3,6.57,0.5106672027574432,2023,6,1,3,0,0,0,0,1,0,0,0,1,0,0,0,1,0,0,0,1
19,55280.83,5000.0,9,21,1,7.75,0.0904472671629568,2024,11,15,4,0,1,0,0,0,0,0,1,0,0,0,0,0,1,0,0,0
19,61404.65,1295.18,9,12,2,9.17,0.0210925394086604,2024,9,24,1,0,0,1,0,0,1,0,0,0,0,0,0,0,0,1,0,1
33,38446.61,5000.0,6,3,0,5.49,0.1300504777924503,2023,2,21,1,0,1,0,0,0,1,0,0,0,0,0,0,0,1,0,0,1
23,9988.77,2924.93,3,10,1,6.22,0.2928218389251129,2024,7,15,0,0,0,0,0,1,0,0,0,1,0,1,0,0,0,0,0,0
52,47624.74,5000.0,12,17,1,2.98,0.1049874498002508,2023,1,22,6,1,1,0,0,0,0,0,1,0,0,0,0,1,0,0,0,0
38,26501.05,5000.0,12,2,2,7.83,0.1886717696091287,2023,2,18,5,1,0,1,0,0,0,1,0,0,0,0,0,0,0,1,0,0
23,26770.97,5000.0,3,1,0,8.16,0.1867694745464957,2024,8,23,4,0,0,1,0,0,0,0,0,0,1,1,0,0,0,0,0,0
39,8303.91,1644.06,3,13,3,7.48,0.1979862498509738,2023,2,26,6,1,0,0,0,1,0,0,1,0,0,1,0,0,0,0,0,1
52,14376.65,3274.05,3,10,1,6.55,0.2277338601134478,2024,8,15,3,0,0,0,0,1,0,0,0,1,0,1,0,0,0,0,0,0
35,51151.52,100.0,6,13,1,9.32,0.0019549761180117,2023,1,16,0,0,0,1,0,0,0,0,1,0,0,0,0,0,1,0,0,1
41,10403.73,2675.46,12,4,1,6.05,0.2571635365392989,2023,3,21,1,0,0,0,0,1,0,1,0,0,0,0,0,0,0,1,0,1
54,11039.63,1132.84,3,6,1,1.6,0.1026157579556561,2023,3,28,1,0,0,0,0,1,1,0,0,0,0,0,0,0,0,1,0,0
44,74619.43,5000.0,12,4,0,2.35,0.0670066764112242,2024,9,8,6,1,1,0,0,0,1,0,0,0,0,0,1,0,0,0,0,0
42,17893.75,5000.0,9,9,1,4.94,0.2794271742927,2024,7,23,1,0,0,0,1,0,0,0,1,0,0,0,0,1,0,0,0,1
41,14555.3,902.48,3,1,0,8.71,0.0620035313597109,2024,12,4,2,0,0,0,0,1,0,0,0,1,0,1,0,0,0,0,0,0
40,14430.1,3620.53,12,16,2,7.24,0.2509012411556399,2023,6,20,1,0,0,0,1,0,0,0,1,0,0,0,0,1,0,0,0,1
39,5715.49,1910.06,12,13,1,3.55,0.3341900694428649,2024,8,26,0,0,0,0,0,1,0,0,0,0,1,0,0,0,1,0,0,0
48,24009.71,2490.88,3,15,1,9.49,0.1037446932928386,2023,3,19,6,1,0,0,1,0,0,1,0,0,0,0,0,0,0,0,1,0
45,21049.08,5000.0,3,12,1,7.57,0.2375400730103168,2024,11,12,1,0,0,0,1,0,0,0,1,0,0,0,0,0,1,0,0,0
30,61255.89,5000.0,12,29,2,4.75,0.0816248037535655,2024,7,23,1,0,1,0,0,0,0,0,0,0,1,0,0,0,0,1,0,1
30,55125.96,2028.15,3,15,2,4.91,0.0367911960172666,2024,10,14,0,0,1,0,0,0,0,1,0,0,0,0,0,0,0,0,1,0
42,49691.59,5000.0,6,0,0,6.6,0.1006206482827375,2023,2,9,3,0,1,0,0,0,0,0,1,0,0,0,0,1,0,0,0,0
53,32587.6,5000.0,12,11,2,6.38,0.1534325939928071,2024,10,6,6,1,0,1,0,0,0,0,0,0,1,1,0,0,0,0,0,1
31,9941.66,1246.18,9,13,2,2.58,0.1253492877447026,2023,3,26,6,1,0,0,0,1,0,1,0,0,0,0,0,1,0,0,0,0
44,72881.19,100.0,3,19,1,5.26,0.0013720961471677,2023,4,29,5,1,1,0,0,0,0,0,0,1,0,0,0,0,1,0,0,1
30,30898.76,5000.0,9,3,0,4.14,0.1618187914337015,2024,8,5,0,0,1,0,0,0,0,0,1,0,0,0,1,0,0,0,0,0
37,59492.56,5000.0,9,10,1,8.25,0.0840441224919553,2024,9,3,1,0,0,1,0,0,1,0,0,0,0,0,1,0,0,0,0,1
45,8513.64,2305.57,12,9,1,5.71,0.2708089606795683,2024,7,19,4,0,0,0,0,1,0,0,0,1,0,0,0,1,0,0,0,0
33,8450.82,1894.69,9,7,1,3.88,0.2242019117671421,2023,3,19,6,1,0,0,1,0,0,0,0,1,0,0,1,0,0,0,0,0
58,65373.06,5000.0,6,12,2,3.11,0.0764841052262201,2024,11,3,6,1,1,0,0,0,0,1,0,0,0,0,0,0,0,0,1,0
24,5528.86,1802.14,3,18,1,3.47,0.3259514619650344,2024,11,27,2,0,0,0,0,1,0,0,1,0,0,0,0,1,0,0,0,1
41,65305.59,5000.0,12,3,0,6.68,0.0765631242287222,2023,1,25,2,0,0,1,0,0,1,0,0,0,0,0,0,0,0,0,1,0
41,5000.0,2563.92,9,4,0,3.22,0.512784,2023,2,25,5,1,0,0,1,0,0,0,0,0,1,0,0,0,0,1,0,1
38,87587.53,5000.0,6,0,0,8.06,0.0570857518187805,2023,4,22,5,1,0,1,0,0,0,0,0,1,0,0,0,1,0,0,0,0
33,81662.16,2059.63,9,6,1,3.5,0.0252213509904709,2023,2,11,5,1,0,1,0,0,0,1,0,0,0,1,0,0,0,0,0,0
19,42708.85,5000.0,9,0,0,5.77,0.1170717544490193,2023,3,14,1,0,0,1,0,0,1,0,0,0,0,0,0,0,1,0,0,1
51,54485.33,5000.0,3,8,1,9.03,0.0917678208060775,2024,12,14,5,1,1,0,0,0,1,0,0,0,0,0,0,0,1,0,0,0
58,77832.09,5000.0,12,10,1,9.27,0.0642408548967398,2023,2,26,6,1,0,1,0,0,0,0,1,0,0,0,0,0,1,0,0,0
36,10869.88,3737.68,3,4,0,1.78,0.3438566019128086,2023,3,23,3,0,0,0,0,1,0,0,1,0,0,1,0,0,0,0,0,0
53,52641.87,5000.0,6,6,2,1.31,0.0949814282813281,2024,7,1,0,0,1,0,0,0,0,0,0,0,1,0,1,0,0,0,0,0
59,13886.26,4553.45,9,1,0,9.71,0.3279104668931735,2023,6,29,3,0,0,0,0,1,0,1,0,0,0,0,0,0,0,1,0,1
39,53279.77,5000.0,9,0,0,7.77,0.0938442489522758,2023,1,22,6,1,1,0,0,0,1,0,0,0,0,0,0,0,1,0,0,0
55,64196.94,5000.0,6,12,1,4.48,0.0778853322292308,2023,4,2,6,1,1,0,0,0,0,0,0,1,0,0,0,0,0,1,0,0
20,25406.21,5000.0,9,9,3,2.47,0.1968022778682849,2024,11,24,6,1,0,1,0,0,1,0,0,0,0,0,0,1,0,0,0,0
36,18724.8,5000.0,12,13,1,3.35,0.2670255490045287,2023,4,10,0,0,0,0,1,0,1,0,0,0,0,0,0,1,0,0,0,1
29,74074.04,5000.0,12,3,0,5.44,0.0675000310500142,2024,7,29,0,0,1,0,0,0,0,0,0,0,1,0,1,0,0,0,0,0
52,17001.64,5000.0,6,0,0,8.59,0.2940892760933651,2023,1,4,2,0,0,0,1,0,0,0,0,0,1,0,0,1,0,0,0,1
42,105596.52,5000.0,3,9,2,9.98,0.0473500452477032,2023,1,9,0,0,0,1,0,0,0,1,0,0,0,1,0,0,0,0,0,0
45,16187.42,5000.0,9,8,3,6.74,0.3088818354005765,2023,5,20,5,1,0,0,1,0,0,0,0,0,1,0,0,1,0,0,0,1
27,54171.7,5000.0,3,10,1,8.73,0.0922991155898744,2024,12,24,1,0,0,1,0,0,0,1,0,0,0,0,0,0,1,0,0,0
25,63538.19,5000.0,6,1,0,1.45,0.0786928302490203,2023,4,30,6,1,0,1,0,0,1,0,0,0,0,0,0,1,0,0,0,0
29,13812.04,4675.62,3,10,1,9.68,0.3385176990509729,2023,1,11,2,0,0,0,0,1,0,0,0,0,1,1,0,0,0,0,0,0
54,21634.61,5000.0,9,17,2,7.63,0.231111168632113,2024,12,29,6,1,0,0,1,0,0,0,0,1,0,1,0,0,0,0,0,1
49,14532.25,4004.12,6,15,1,4.64,0.2755333826489359,2023,2,11,5,1,0,0,0,1,1,0,0,0,0,0,0,0,0,0,1,0
55,73681.52,5000.0,3,15,3,2.52,0.0678596207027216,2024,12,3,1,0,0,1,0,0,1,0,0,0,0,0,0,1,0,0,0,1
24,5000.0,855.54,3,18,3,3.37,0.1711079999999999,2024,10,22,1,0,0,0,0,1,0,1,0,0,0,0,0,0,1,0,0,1
59,95020.17,5000.0,12,13,1,6.13,0.0526204068041553,2024,8,24,5,1,1,0,0,0,0,1,0,0,0,1,0,0,0,0,0,0
29,13413.0,5000.0,3,18,1,9.11,0.3727726832177738,2024,7,30,1,0,0,0,0,1,0,0,1,0,0,0,1,0,0,0,0,0
59,59732.07,5000.0,6,1,0,1.53,0.0837071275112347,2024,10,29,1,0,0,1,0,0,0,0,0,1,0,1,0,0,0,0,0,0
55,72778.23,5000.0,6,6,1,6.34,0.0687018631807891,2024,10,17,3,0,1,0,0,0,0,0,0,0,1,0,0,0,1,0,0,0
58,32019.11,5000.0,6,11,1,7.81,0.1561567451437594,2024,10,5,5,1,0,0,1,0,0,1,0,0,0,0,1,0,0,0,0,0
52,61995.05,5000.0,3,2,0,6.15,0.0806516004100327,2024,10,28,0,0,1,0,0,0,0,0,0,0,1,0,0,0,1,0,0,0
52,16617.65,5000.0,3,1,0,6.57,0.3008849024982473,2024,10,14,0,0,0,0,1,0,1,0,0,0,0,0,1,0,0,0,0,1
30,59945.63,5000.0,3,5,1,6.89,0.0834089157124547,2023,6,10,5,1,0,1,0,0,0,0,0,0,1,0,0,1,0,0,0,0
21,40775.84,5000.0,6,16,3,5.49,0.1226216308480708,2023,3,30,3,0,0,1,0,0,1,0,0,0,0,0,0,0,1,0,0,1
55,22326.96,5000.0,9,10,1,6.9,0.2239445047601644,2024,10,26,5,1,0,0,1,0,0,0,0,0,1,0,1,0,0,0,0,1
56,73458.9,5000.0,6,13,3,3.34,0.0680652718731154,2024,7,18,3,0,0,1,0,0,1,0,0,0,0,0,0,0,1,0,0,0
41,5166.01,1405.12,3,4,0,1.38,0.271993279145801,2024,8,17,5,1,0,0,0,1,0,1,0,0,0,0,0,0,0,0,1,0
53,61475.17,5000.0,3,0,0,3.26,0.0813336506430157,2023,4,9,6,1,1,0,0,0,0,1,0,0,0,0,0,0,0,1,0,0
28,46997.59,5000.0,6,3,0,7.39,0.1063884339601243,2024,9,12,3,0,0,1,0,0,0,0,0,1,0,0,0,0,0,1,0,0
36,7121.01,3255.26,9,14,3,6.27,0.4571345918626712,2023,6,7,2,0,0,0,0,1,0,0,0,1,0,0,0,1,0,0,0,1
25,12377.1,3435.62,3,17,1,6.77,0.2775787543123995,2023,1,9,0,0,0,0,0,1,0,0,0,1,0,0,1,0,0,0,0,1
21,27498.24,5000.0,12,6,1,5.43,0.1818298189265931,2024,10,28,0,0,1,0,0,0,0,1,0,0,0,0,0,1,0,0,0,0
28,7536.25,2159.9,3,10,1,1.71,0.2866014264388787,2024,10,24,3,0,0,0,0,1,0,0,0,1,0,0,0,0,0,1,0,1
35,49176.43,5000.0,6,9,1,4.29,0.1016747250664596,2023,5,31,2,0,1,0,0,0,0,0,0,1,0,0,1,0,0,0,0,0
28,7275.24,2073.16,9,9,2,8.49,0.2849610459586212,2024,11,7,3,0,0,0,1,0,0,1,0,0,0,0,0,0,0,0,1,1
25,60085.09,5000.0,3,13,1,2.88,0.0832153201401545,2023,5,7,6,1,0,1,0,0,0,0,0,0,1,0,0,0,0,0,1,1
31,53536.65,5000.0,12,11,1,7.61,0.0933939646952134,2023,3,24,4,0,0,1,0,0,0,0,0,0,1,0,0,0,0,0,1,0
51,22387.26,5000.0,12,18,2,4.8,0.2233413110849653,2024,11,20,2,0,0,0,1,0,0,0,0,0,1,0,0,0,0,1,0,0
57,16976.87,5000.0,12,18,3,6.44,0.2945183652817039,2023,4,2,6,1,0,0,1,0,1,0,0,0,0,0,0,0,0,0,1,1
22,9224.15,3569.9,3,5,0,9.59,0.3870166898847048,2023,3,21,1,0,0,0,1,0,0,1,0,0,0,0,0,0,0,0,1,1
43,5000.0,1355.09,9,18,2,4.75,0.271018,2023,2,8,2,0,0,0,0,1,1,0,0,0,0,0,0,0,1,0,0,1
54,15950.95,4381.87,3,18,3,8.97,0.2747090298696942,2024,11,19,1,0,0,0,0,1,0,0,0,1,0,0,1,0,0,0,0,0
34,46648.29,1722.12,3,13,1,1.17,0.0369171088586526,2024,10,28,0,0,1,0,0,0,0,0,0,0,1,0,0,0,0,1,0,1
40,10723.64,3794.38,6,0,0,8.14,0.3538332133491986,2023,2,18,5,1,0,0,0,1,0,0,0,1,0,0,1,0,0,0,0,0
55,8306.71,2147.61,6,6,1,4.92,0.2585391809753802,2023,1,4,2,0,0,0,1,0,0,1,0,0,0,0,0,0,0,1,0,1
48,83365.15,5000.0,3,12,1,5.3,0.0599771007429363,2024,11,25,0,0,1,0,0,0,0,1,0,0,0,0,0,1,0,0,0,0
35,16288.22,5000.0,12,0,1,1.09,0.3069703135149206,2024,11,20,2,0,0,0,1,0,0,1,0,0,0,0,1,0,0,0,0,0
27,79131.08,5000.0,12,17,1,8.54,0.0631862979754604,2024,11,14,3,0,0,1,0,0,0,1,0,0,0,1,0,0,0,0,0,0
19,15269.01,4162.9,9,2,0,3.23,0.2726371912782819,2023,6,6,1,0,0,1,0,0,0,0,0,0,1,0,0,1,0,0,0,1
59,11514.43,5000.0,6,0,0,8.41,0.4342377347380634,2024,12,22,6,1,0,0,1,0,1,0,0,0,0,1,0,0,0,0,0,0
29,17588.81,3269.71,3,19,3,3.2,0.1858971698483296,2023,2,3,4,0,0,0,1,0,0,0,1,0,0,0,0,0,0,0,1,1
54,54565.41,5000.0,3,3,0,4.07,0.0916331426814166,2024,8,16,4,0,1,0,0,0,1,0,0,0,0,0,0,1,0,0,0,1
32,15691.94,2859.46,3,17,1,6.15,0.182224759972317,2024,8,12,0,0,0,0,1,0,0,0,1,0,0,0,0,1,0,0,0,1
28,59316.2,5000.0,12,5,0,9.78,0.0842940039989075,2024,9,23,0,0,0,1,0,0,0,0,0,0,1,0,0,0,0,0,1,0
31,8036.49,2068.97,3,20,1,9.67,0.2574469700080508,2024,12,7,5,1,0,1,0,0,0,0,0,1,0,0,0,0,0,1,0,0
18,71418.54,5000.0,12,6,1,3.98,0.0700098321808314,2023,1,14,5,1,0,1,0,0,0,1,0,0,0,0,0,0,0,0,1,0
33,6690.5,1978.09,12,1,0,3.31,0.295656527912712,2023,4,22,5,1,0,0,0,1,0,1,0,0,0,0,0,1,0,0,0,0
52,19403.98,5000.0,3,18,2,3.58,0.2576790947011901,2024,10,7,0,0,0,0,0,1,0,0,1,0,0,0,1,0,0,0,0,1
49,21786.81,4354.52,12,1,0,3.68,0.1998695541017707,2024,12,23,0,0,0,0,1,0,0,0,0,1,0,0,0,0,0,0,1,1
41,73093.8,5000.0,6,7,1,9.57,0.0684052546180387,2024,7,3,2,0,1,0,0,0,0,0,0,0,1,0,0,1,0,0,0,0
50,5108.42,1606.54,12,17,1,5.35,0.3144886285779164,2024,10,21,0,0,0,0,0,1,0,1,0,0,0,0,0,0,1,0,0,1
24,12644.47,4271.67,6,9,2,7.31,0.3378291063207869,2023,6,27,1,0,0,0,1,0,0,0,1,0,0,0,0,0,1,0,0,1
34,39472.29,5000.0,12,1,0,1.81,0.1266711406913558,2024,8,17,5,1,0,1,0,0,0,0,0,0,1,0,0,0,1,0,0,1
41,11373.81,4691.33,12,8,1,9.51,0.4124677658585821,2023,4,3,0,0,0,0,1,0,1,0,0,0,0,0,0,0,0,1,0,1
25,110912.5,5000.0,3,15,1,3.65,0.0450805815395018,2023,6,19,0,0,0,1,0,0,0,0,0,0,1,0,1,0,0,0,0,0
23,59316.89,5000.0,6,19,1,4.96,0.0842930234541966,2024,11,16,5,1,0,1,0,0,0,0,0,1,0,0,0,0,1,0,0,0
48,22097.86,5000.0,12,7,2,5.93,0.2262662538363443,2024,7,18,3,0,0,0,1,0,0,0,1,0,0,1,0,0,0,0,0,0
36,18283.7,3727.28,3,23,2,1.96,0.2038580812417618,2023,4,17,0,0,0,0,1,0,0,1,0,0,0,0,0,0,0,1,0,1
45,19783.72,3662.31,9,14,1,8.77,0.1851173591215403,2024,7,30,1,0,0,0,1,0,0,0,0,1,0,0,0,1,0,0,0,1
53,80160.35,5000.0,6,0,0,7.76,0.0623749771551646,2024,8,13,1,0,1,0,0,0,0,0,0,1,0,0,0,0,0,1,0,0
21,18788.76,5000.0,12,4,2,5.26,0.266116550533404,2023,6,5,0,0,1,0,0,0,0,0,0,1,0,0,0,0,0,0,1,1
31,14167.97,4482.53,3,4,0,1.42,0.3163847749536454,2024,8,8,3,0,0,0,0,1,0,0,0,0,1,0,0,0,0,1,0,0
44,27484.89,1830.3,3,4,0,3.22,0.066592953437325,2024,10,3,3,0,0,0,1,0,0,1,0,0,0,0,1,0,0,0,0,1
29,8111.74,2397.72,6,9,2,4.32,0.2955863969999038,2023,4,6,3,0,0,0,1,0,0,0,0,0,1,0,0,1,0,0,0,1
35,72616.11,5000.0,3,11,1,5.53,0.0688552443803448,2024,7,19,4,0,1,0,0,0,0,0,0,1,0,0,0,0,1,0,0,0
45,49943.95,5000.0,12,18,2,8.22,0.1001122258051275,2024,12,17,1,0,1,0,0,0,1,0,0,0,0,0,0,0,0,1,0,1
46,10918.24,4135.74,12,10,1,5.54,0.3787918199270212,2024,9,2,0,0,0,0,0,1,0,1,0,0,0,0,1,0,0,0,0,0
48,9700.12,3030.39,3,8,1,9.98,0.3124074753714386,2024,7,17,2,0,0,0,0,1,0,1,0,0,0,0,0,1,0,0,0,0
37,51584.13,5000.0,9,19,2,9.39,0.0969290361202176,2024,9,9,0,0,0,1,0,0,0,1,0,0,0,0,1,0,0,0,0,1
18,61110.81,5000.0,3,2,0,8.3,0.081818584960664,2023,5,27,5,1,0,1,0,0,0,0,0,1,0,0,1,0,0,0,0,0
18,9766.75,1007.29,3,6,1,1.0,0.1031346148923643,2023,1,7,5,1,0,0,0,1,0,0,0,1,0,1,0,0,0,0,0,0
46,9311.6,4235.14,3,21,2,2.53,0.4548240903818892,2023,1,9,0,0,0,0,0,1,1,0,0,0,0,0,1,0,0,0,0,1
39,5920.74,2762.19,3,0,0,8.0,0.466527832669565,2024,10,13,6,1,0,0,0,1,0,0,0,1,0,0,1,0,0,0,0,0
59,113778.24,5000.0,12,3,1,4.46,0.0439451339728932,2023,3,14,1,0,0,1,0,0,0,0,0,1,0,0,1,0,0,0,0,0
27,58075.32,5000.0,3,18,1,5.25,0.086095091684385,2024,8,9,4,0,1,0,0,0,0,1,0,0,0,0,1,0,0,0,0,1
57,84635.98,5000.0,12,15,2,7.23,0.0590765298635403,2024,9,11,2,0,0,1,0,0,0,0,0,0,1,0,0,0,0,0,1,0
50,12438.69,2908.59,3,13,2,5.51,0.2338341095404741,2023,3,1,2,0,0,0,1,0,0,0,0,1,0,1,0,0,0,0,0,0
33,13175.61,5000.0,9,1,0,9.5,0.3794890710942415,2024,9,4,2,0,0,0,1,0,0,0,0,0,1,0,0,1,0,0,0,0
29,15411.65,5000.0,12,8,1,2.18,0.3244298955660166,2023,6,21,2,0,0,0,1,0,0,0,0,0,1,0,0,1,0,0,0,1
40,7854.91,815.55,3,12,2,4.43,0.1038267784099372,2024,11,17,6,1,0,0,0,1,0,0,0,0,1,1,0,0,0,0,0,0
53,14883.5,4936.53,12,15,1,3.01,0.3316780327207981,2024,8,8,3,0,0,0,1,0,0,0,1,0,0,0,0,0,0,0,1,0
56,12081.08,3044.26,9,10,1,7.57,0.2519857496184116,2024,12,21,5,1,0,0,0,1,0,0,0,0,1,0,0,1,0,0,0,1
46,15693.19,100.0,12,9,1,9.75,0.0063721907400598,2024,12,22,6,1,0,0,1,0,0,0,1,0,0,0,1,0,0,0,0,0
51,82596.42,5000.0,6,19,2,8.36,0.0605353113367383,2024,10,25,4,0,1,0,0,0,1,0,0,0,0,0,0,1,0,0,0,0
47,26707.28,5000.0,9,19,3,9.05,0.1872148717503242,2023,5,30,1,0,0,0,1,0,0,0,0,0,1,1,0,0,0,0,0,1
45,17301.19,5000.0,3,4,2,9.03,0.2889974620242885,2023,3,15,2,0,0,0,1,0,0,0,0,1,0,0,1,0,0,0,0,0
38,53501.99,5000.0,6,5,3,6.6,0.0934544677683951,2023,2,8,2,0,1,0,0,0,0,1,0,0,0,0,0,0,1,0,0,1
43,74126.01,5000.0,3,0,0,3.62,0.0674527065465954,2023,1,9,0,0,0,1,0,0,0,1,0,0,0,0,0,1,0,0,0,0
30,26356.63,5000.0,12,24,2,3.79,0.1897055883092792,2024,12,23,0,0,0,1,0,0,0,0,0,1,0,1,0,0,0,0,0,0
47,10438.11,1652.89,12,11,1,7.8,0.158351464010247,2023,2,17,4,0,0,0,1,0,1,0,0,0,0,0,0,1,0,0,0,0
32,68883.47,5000.0,6,8,1,7.99,0.0725863548976263,2024,8,29,3,0,1,0,0,0,0,1,0,0,0,0,0,0,0,1,0,0
49,67119.35,5000.0,6,3,1,9.0,0.0744941659893905,2023,5,8,0,0,1,0,0,0,0,0,1,0,0,0,1,0,0,0,0,0
41,19077.63,5000.0,3,14,3,6.41,0.2620870621770104,2023,5,7,6,1,0,0,1,0,0,0,1,0,0,0,0,1,0,0,0,1
39,55754.19,5000.0,12,2,0,3.61,0.0896793586275757,2024,9,12,3,0,0,1,0,0,0,0,1,0,0,0,0,0,0,1,0,0
26,50494.73,5000.0,9,4,1,6.02,0.0990202343888164,2024,8,6,1,0,1,0,0,0,1,0,0,0,0,1,0,0,0,0,0,0
43,35061.3,5000.0,3,1,0,1.42,0.1426073762239278,2023,4,21,4,0,1,0,0,0,0,0,0,0,1,0,0,0,0,0,1,0
57,77691.24,5000.0,3,6,1,5.77,0.0643573200788145,2024,10,3,3,0,1,0,0,0,0,0,0,1,0,0,0,0,1,0,0,0
39,13741.65,100.0,6,10,1,9.54,0.0072771464853201,2024,10,24,3,0,0,0,1,0,1,0,0,0,0,1,0,0,0,0,0,1
54,10659.09,5000.0,3,3,1,3.65,0.4690831956574154,2023,2,4,5,1,0,0,0,1,1,0,0,0,0,1,0,0,0,0,0,1
24,23708.07,4074.19,12,2,0,7.83,0.1718482356429688,2024,11,11,0,0,1,0,0,0,0,0,0,0,1,0,0,0,0,0,1,1
50,18710.62,4959.83,6,15,1,8.16,0.2650810074706236,2023,6,14,2,0,0,0,1,0,0,0,0,1,0,0,1,0,0,0,0,0
35,13664.78,1884.37,9,5,0,5.2,0.1378997686022021,2024,8,23,4,0,0,0,1,0,0,0,1,0,0,0,0,0,0,0,1,0
22,8482.14,2397.35,9,2,0,4.43,0.2826350425718038,2024,7,13,5,1,0,0,1,0,1,0,0,0,0,1,0,0,0,0,0,1
59,13458.11,4365.74,9,0,0,5.72,0.3243947329899963,2023,1,19,3,0,0,0,0,1,0,0,0,0,1,0,0,1,0,0,0,1
28,16863.36,3779.56,6,7,1,7.42,0.2241285248017002,2023,2,12,6,1,0,0,1,0,1,0,0,0,0,0,0,0,1,0,0,0
39,13867.0,5000.0,12,5,1,2.27,0.3605682555707795,2024,8,29,3,0,0,0,0,1,0,0,1,0,0,0,0,0,1,0,0,1
26,7504.83,2600.7,3,1,0,7.33,0.3465368302812988,2023,6,9,4,0,0,0,0,1,0,0,1,0,0,0,0,0,0,0,1,0
49,5623.56,1329.31,12,0,0,9.3,0.2363822916444387,2023,5,14,6,1,0,0,0,1,0,0,1,0,0,0,0,1,0,0,0,0
56,17645.61,5000.0,9,6,1,7.34,0.2833565969099396,2024,10,3,3,0,0,0,1,0,0,1,0,0,0,0,0,0,1,0,0,1
30,46478.89,5000.0,9,18,1,8.41,0.1075757187833014,2023,2,2,3,0,1,0,0,0,0,0,0,0,1,0,0,0,0,1,0,1
40,10453.34,3724.59,12,7,2,7.29,0.3563062140904247,2024,8,4,6,1,0,0,0,1,0,0,0,1,0,0,0,0,0,0,1,1
51,15401.47,4545.89,6,1,0,4.69,0.2951594880228965,2023,1,6,4,0,0,0,1,0,0,0,0,1,0,0,1,0,0,0,0,0
50,91682.11,5000.0,6,20,1,6.4,0.054536266671873,2023,5,30,1,0,1,0,0,0,0,0,0,1,0,1,0,0,0,0,0,0
23,10414.25,2742.63,6,2,1,6.12,0.263353578030103,2024,9,19,3,0,0,0,1,0,0,0,0,0,1,1,0,0,0,0,0,1
53,34023.81,5000.0,3,12,3,5.09,0.1469559111692664,2024,7,20,5,1,0,1,0,0,0,1,0,0,0,0,0,0,1,0,0,1
48,51340.59,5000.0,6,21,4,2.65,0.0973888301634243,2024,7,2,1,0,0,1,0,0,0,1,0,0,0,1,0,0,0,0,0,1
24,10457.68,4945.59,12,21,1,8.58,0.4729146426358427,2023,4,2,6,1,0,0,1,0,0,0,0,1,0,0,0,0,0,1,0,1
22,11598.29,4233.02,3,18,3,7.8,0.3649693187530231,2023,6,25,6,1,0,0,1,0,0,0,0,0,1,0,0,1,0,0,0,1
38,71596.42,5000.0,6,0,0,6.7,0.0698358940293383,2023,3,20,0,0,0,1,0,0,0,1,0,0,0,0,0,0,1,0,0,0
21,15725.33,2782.59,9,10,3,8.46,0.1769495457329035,2024,10,10,3,0,0,1,0,0,0,0,1,0,0,0,0,0,0,1,0,1
30,32785.09,5000.0,9,12,1,3.1,0.1525083505947368,2023,6,16,4,0,1,0,0,0,0,0,0,0,1,0,0,0,0,0,1,0
32,59229.07,4851.1,3,3,0,9.48,0.081904038000259,2024,11,23,5,1,1,0,0,0,0,0,0,1,0,0,0,0,0,1,0,0
32,17337.88,5000.0,9,13,2,5.22,0.2883858926235502,2024,10,2,2,0,0,0,1,0,0,0,0,1,0,0,0,1,0,0,0,1
48,108839.51,5000.0,12,19,1,6.12,0.0459391998365299,2023,1,19,3,0,0,1,0,0,0,1,0,0,0,0,0,0,0,0,1,1
52,71457.01,5000.0,12,3,0,2.07,0.0699721412916661,2024,8,6,1,0,0,1,0,0,0,0,0,1,0,0,0,0,0,1,0,0
57,15358.33,1822.77,6,15,1,4.61,0.118682825541579,2024,8,8,3,0,0,0,0,1,0,0,0,1,0,0,0,0,0,0,1,0
53,46749.35,5000.0,12,25,4,6.11,0.1069533587098002,2024,10,12,5,1,0,1,0,0,1,0,0,0,0,0,0,0,1,0,0,0
19,35156.73,5000.0,6,1,0,2.2,0.1422202804413266,2023,4,30,6,1,0,1,0,0,1,0,0,0,0,0,0,0,1,0,0,1
20,5000.0,1480.07,6,13,1,8.6,0.296014,2023,5,23,1,0,0,0,0,1,0,1,0,0,0,0,0,0,0,1,0,0
40,8321.09,2739.28,6,0,0,3.61,0.3291972566094105,2023,1,22,6,1,0,0,0,1,0,0,0,0,1,0,0,0,0,0,1,0
35,55780.23,5000.0,12,1,1,7.24,0.0896374934273308,2024,12,21,5,1,1,0,0,0,1,0,0,0,0,0,0,0,0,1,0,1
30,84738.29,5000.0,6,2,0,6.79,0.0590052029607866,2024,10,18,4,0,0,1,0,0,0,1,0,0,0,0,0,0,0,1,0,0
40,58810.88,5000.0,12,1,0,3.95,0.0850182823314325,2023,1,16,0,0,1,0,0,0,0,1,0,0,0,0,0,1,0,0,0,0
57,21515.59,5000.0,6,8,2,8.63,0.2323896300310612,2023,2,22,2,0,0,0,0,1,0,0,0,0,1,0,1,0,0,0,0,0
46,18715.36,5000.0,9,12,1,9.28,0.2671602362978857,2023,6,6,1,0,0,0,1,0,0,0,1,0,0,1,0,0,0,0,0,0
54,20874.12,5000.0,6,0,0,8.26,0.2395310556804311,2024,11,11,0,0,0,0,1,0,0,0,0,1,0,0,1,0,0,0,0,0
25,73074.96,5000.0,9,7,1,2.52,0.068422890686495,2023,5,19,4,0,1,0,0,0,0,0,0,0,1,1,0,0,0,0,0,0
46,18557.23,5000.0,12,19,3,2.17,0.2694367639997995,2024,8,12,0,0,0,0,0,1,0,0,0,0,1,0,1,0,0,0,0,1
55,79175.67,5000.0,9,19,1,2.29,0.0631507128389314,2024,7,12,4,0,0,1,0,0,0,0,1,0,0,0,1,0,0,0,0,0
31,38678.24,5000.0,9,10,1,7.59,0.1292716524847046,2023,5,29,0,0,1,0,0,0,1,0,0,0,0,0,0,0,0,0,1,0
20,40931.36,5000.0,6,0,0,7.58,0.1221557260740908,2024,7,5,4,0,1,0,0,0,0,0,1,0,0,0,0,0,1,0,0,0
43,80084.48,5000.0,12,13,2,9.29,0.0624340696224786,2024,11,4,0,0,0,1,0,0,0,0,1,0,0,1,0,0,0,0,0,0
48,27054.89,3278.35,3,16,2,3.18,0.1211740280592528,2023,2,11,5,1,0,0,1,0,0,0,1,0,0,1,0,0,0,0,0,0
43,15574.46,4155.31,9,5,0,8.62,0.2668028297610318,2024,8,23,4,0,0,0,0,1,0,0,0,0,1,0,0,0,0,1,0,0
43,61027.12,5000.0,12,1,0,6.91,0.0819307874925115,2023,3,2,3,0,1,0,0,0,1,0,0,0,0,0,0,0,1,0,0,0
29,82504.49,5000.0,12,2,0,9.22,0.060602762346631,2024,9,14,5,1,0,1,0,0,0,0,1,0,0,0,0,0,0,1,0,0
41,8579.67,3482.57,3,0,0,1.23,0.4059095512997586,2024,9,14,5,1,0,0,0,1,0,1,0,0,0,1,0,0,0,0,0,1
42,67916.44,5000.0,9,0,0,9.16,0.0736198776025362,2023,1,12,3,0,1,0,0,0,0,0,1,0,0,0,0,1,0,0,0,0
26,80716.58,5000.0,9,4,0,7.93,0.061945141877914,2024,7,22,0,0,0,1,0,0,0,1,0,0,0,1,0,0,0,0,0,0
57,16146.15,5000.0,9,9,1,1.96,0.3096713458007017,2023,3,22,2,0,0,0,0,1,0,0,0,1,0,0,1,0,0,0,0,1
27,7124.2,277.58,9,16,1,8.67,0.0389629712809859,2023,3,7,1,0,0,0,1,0,1,0,0,0,0,0,0,0,0,1,0,1
30,90672.46,5000.0,3,2,0,3.91,0.0551435353138097,2023,5,7,6,1,0,1,0,0,0,1,0,0,0,0,0,0,1,0,0,0
20,55649.15,5000.0,3,15,1,3.16,0.0898486320096533,2024,11,21,3,0,0,1,0,0,1,0,0,0,0,0,0,0,1,0,0,0
24,23081.14,808.81,12,10,1,3.91,0.0350420299863871,2023,3,5,6,1,0,1,0,0,0,0,0,0,1,0,0,1,0,0,0,0
51,82354.6,5000.0,3,18,2,7.19,0.0607130627797354,2024,12,20,4,0,1,0,0,0,1,0,0,0,0,0,0,1,0,0,0,1
36,45815.13,5000.0,3,11,2,8.71,0.1091342532477808,2024,10,24,3,0,0,1,0,0,0,0,1,0,0,0,0,0,0,1,0,1
39,34399.5,5000.0,3,1,0,1.99,0.1453509498684574,2024,7,30,1,0,1,0,0,0,0,0,1,0,0,0,0,1,0,0,0,0
19,10550.48,1568.46,9,3,0,6.56,0.148662430524488,2024,11,1,4,0,0,0,1,0,0,0,0,1,0,0,0,1,0,0,0,0
46,8810.82,710.79,6,0,0,1.22,0.0806724005257172,2023,3,5,6,1,0,0,0,1,1,0,0,0,0,0,0,1,0,0,0,0
46,22132.7,4774.29,6,20,3,4.28,0.2157120459772192,2024,10,22,1,0,0,0,1,0,0,0,0,1,0,0,0,0,1,0,0,1
31,18580.67,2049.39,9,6,1,7.11,0.1102968838045129,2024,11,2,5,1,0,0,1,0,0,0,0,0,1,0,1,0,0,0,0,0
46,58546.78,5000.0,9,16,3,5.67,0.0854017932326935,2023,3,19,6,1,1,0,0,0,0,0,1,0,0,0,0,0,1,0,0,1
58,58270.89,5000.0,3,1,0,2.87,0.0858061375070811,2023,1,26,3,0,1,0,0,0,0,1,0,0,0,0,0,1,0,0,0,0
51,82926.04,5000.0,12,10,1,4.44,0.0602946915106521,2023,6,11,6,1,0,1,0,0,1,0,0,0,0,0,0,1,0,0,0,0
39,49849.36,5000.0,12,8,2,3.67,0.1003021904393556,2023,1,13,4,0,0,1,0,0,0,0,0,0,1,0,0,0,1,0,0,1
42,56669.9,5000.0,9,2,0,7.46,0.088230259802823,2024,7,16,1,0,1,0,0,0,0,1,0,0,0,0,0,0,0,1,0,0
33,59140.52,5000.0,9,11,1,3.43,0.0845444037353746,2023,5,9,1,0,0,1,0,0,1,0,0,0,0,0,0,0,1,0,0,0
30,9945.44,4424.09,12,9,1,5.14,0.4448360253543332,2024,7,16,1,0,0,0,0,1,0,0,1,0,0,0,0,0,1,0,0,1
46,91641.67,5000.0,12,12,2,9.19,0.0545603326521657,2024,7,3,2,0,0,1,0,0,1,0,0,0,0,0,0,1,0,0,0,0
23,11466.35,2429.87,9,13,2,1.03,0.2119131196937124,2024,11,9,5,1,0,0,1,0,0,0,1,0,0,0,0,0,0,1,0,0
26,29156.07,5000.0,3,24,4,9.79,0.1714908765138786,2023,4,4,1,0,1,0,0,0,0,0,0,0,1,0,0,1,0,0,0,1
58,70801.43,5000.0,6,3,0,3.2,0.0706200425612872,2024,12,18,2,0,0,1,0,0,0,1,0,0,0,1,0,0,0,0,0,0
43,14102.11,5000.0,6,1,0,7.43,0.3545568712767096,2024,12,28,5,1,0,0,0,1,0,0,0,1,0,0,0,0,0,0,1,0
21,13005.66,5000.0,6,0,0,4.52,0.3844480018699551,2023,3,28,1,0,0,0,1,0,0,0,1,0,0,0,0,0,0,0,1,0
48,66838.55,5000.0,12,11,1,3.03,0.074807128520891,2024,9,20,4,0,1,0,0,0,1,0,0,0,0,0,0,1,0,0,0,0
59,65372.23,5000.0,12,10,2,2.51,0.0764850763083957,2024,7,13,5,1,0,1,0,0,1,0,0,0,0,0,0,0,0,1,0,1
21,6166.31,2682.49,12,10,2,2.06,0.4350235391992941,2024,8,23,4,0,0,0,0,1,0,0,1,0,0,0,0,1,0,0,0,0
54,59087.37,5000.0,3,8,2,6.51,0.0846204527295765,2024,8,5,0,0,0,1,0,0,0,1,0,0,0,1,0,0,0,0,0,0
30,16494.47,3892.39,3,1,0,1.91,0.2359815138043234,2023,1,1,6,1,0,0,1,0,0,1,0,0,0,0,0,0,1,0,0,0
18,65437.42,5000.0,12,22,4,4.74,0.0764088804234641,2023,5,12,4,0,0,1,0,0,1,0,0,0,0,0,1,0,0,0,0,1
43,45895.32,5000.0,3,1,0,7.79,0.1089435698454657,2023,3,26,6,1,1,0,0,0,0,0,0,0,1,0,0,0,1,0,0,0
30,13992.32,5000.0,6,4,0,6.66,0.3573388830444129,2024,8,10,5,1,0,0,0,1,1,0,0,0,0,0,0,0,0,0,1,0
31,39146.39,5000.0,6,14,2,2.34,0.1277256983338693,2024,11,18,0,0,1,0,0,0,1,0,0,0,0,0,0,1,0,0,0,1
48,17544.84,5000.0,9,12,1,7.12,0.284984075089884,2024,12,16,0,0,0,0,0,1,0,0,0,0,1,0,0,0,0,0,1,0
21,8720.63,1827.41,6,9,1,4.76,0.2095502274491636,2023,2,21,1,0,0,0,0,1,0,0,0,1,0,0,1,0,0,0,0,0
43,73160.45,5000.0,9,7,2,3.61,0.0683429366549823,2024,9,26,3,0,1,0,0,0,1,0,0,0,0,1,0,0,0,0,0,0
35,5000.0,1294.96,3,10,1,3.03,0.258992,2024,7,25,3,0,0,0,0,1,0,0,1,0,0,0,0,0,0,0,1,1
29,14718.9,5000.0,6,10,1,7.77,0.3396992981812499,2023,2,14,1,0,0,0,0,1,0,0,1,0,0,0,0,0,0,1,0,0
22,28608.08,5000.0,9,2,0,3.28,0.1747757976068299,2024,9,19,3,0,1,0,0,0,0,1,0,0,0,0,0,1,0,0,0,0
25,22565.96,5000.0,9,16,2,8.75,0.2215726696316044,2023,1,17,1,0,0,0,1,0,0,0,0,0,1,1,0,0,0,0,0,1
24,6497.61,2034.32,9,14,1,5.15,0.313087427531046,2023,2,12,6,1,0,0,1,0,0,0,0,0,1,0,0,0,0,1,0,1
40,43984.07,5000.0,3,16,2,4.71,0.1136775200657874,2024,12,7,5,1,1,0,0,0,0,0,0,1,0,0,1,0,0,0,0,1
18,5353.52,3196.87,3,2,0,2.31,0.5971529012686979,2023,6,11,6,1,0,0,0,1,0,0,0,1,0,0,0,0,0,1,0,0
38,9588.43,2609.63,3,11,1,7.01,0.2721644732245007,2024,10,12,5,1,0,0,0,1,0,1,0,0,0,0,1,0,0,0,0,1
25,15159.37,3811.61,12,2,0,6.86,0.2514359105952292,2023,6,2,4,0,0,0,1,0,0,1,0,0,0,0,1,0,0,0,0,1
46,72365.59,5000.0,6,0,0,9.37,0.0690936120330118,2024,12,17,1,0,1,0,0,0,0,0,1,0,0,1,0,0,0,0,0,0
49,47233.11,5000.0,6,11,1,6.49,0.1058579458350297,2024,7,13,5,1,1,0,0,0,0,1,0,0,0,0,0,0,0,0,1,0
45,16410.7,4316.42,3,2,0,6.08,0.2630247338626628,2024,11,12,1,0,0,0,0,1,0,0,1,0,0,1,0,0,0,0,0,1
58,43579.27,5000.0,3,14,1,7.55,0.1147334501013899,2024,9,1,6,1,1,0,0,0,0,0,0,1,0,0,1,0,0,0,0,0
23,34246.18,5000.0,3,23,2,9.18,0.1460016854434567,2023,3,13,0,0,1,0,0,0,0,1,0,0,0,0,0,0,0,1,0,1
29,51498.1,5000.0,3,16,1,9.37,0.0970909606373827,2024,7,30,1,0,0,1,0,0,1,0,0,0,0,0,0,0,0,0,1,0
41,98093.39,5000.0,3,12,1,5.53,0.0509718340858645,2023,1,12,3,0,1,0,0,0,1,0,0,0,0,0,0,1,0,0,0,0
26,10787.57,3005.94,3,13,2,7.84,0.2786484815394013,2023,5,16,1,0,0,0,0,1,0,0,0,0,1,0,0,0,0,1,0,0
44,16371.12,4365.21,12,4,0,5.67,0.2666408895665049,2023,6,5,0,0,0,0,0,1,0,0,0,0,1,0,0,0,1,0,0,1
46,15646.08,2819.11,9,1,0,3.71,0.1801799556182762,2024,8,1,3,0,0,0,1,0,0,0,0,0,1,0,1,0,0,0,0,0
31,46292.3,5000.0,9,10,2,4.39,0.1080093233647928,2024,10,18,4,0,0,1,0,0,0,0,1,0,0,0,0,0,1,0,0,0
51,9779.17,1102.56,9,8,3,1.96,0.1127457647223639,2024,7,30,1,0,0,0,1,0,0,0,0,1,0,0,0,0,1,0,0,1
27,13055.59,5000.0,12,13,1,7.64,0.3829777129949699,2024,8,29,3,0,0,0,1,0,0,0,0,0,1,0,0,0,0,1,0,0
18,39733.94,5000.0,9,9,2,2.77,0.1258370048376778,2024,8,12,0,0,1,0,0,0,0,0,0,1,0,0,0,0,0,0,1,0
46,10447.13,4196.94,6,2,0,5.23,0.4017313846003639,2024,7,3,2,0,0,0,1,0,0,0,0,1,0,0,0,0,0,0,1,0
43,132952.03,5000.0,12,15,1,1.44,0.0376075491288098,2024,12,22,6,1,0,1,0,0,1,0,0,0,0,0,1,0,0,0,0,0
35,10053.82,981.31,3,10,2,2.41,0.0976056861968883,2024,12,8,6,1,0,0,1,0,1,0,0,0,0,1,0,0,0,0,0,0
37,16289.82,5000.0,3,0,0,2.38,0.3069401626291758,2023,2,10,4,0,0,0,1,0,0,1,0,0,0,0,0,1,0,0,0,0
34,61888.14,5000.0,3,12,2,6.7,0.0807909237537272,2024,7,28,6,1,0,1,0,0,1,0,0,0,0,0,0,0,0,1,0,0
50,11520.95,831.69,12,5,1,8.67,0.0721893593844257,2024,7,9,1,0,0,0,0,1,0,0,1,0,0,0,1,0,0,0,0,1
31,84456.16,5000.0,12,16,1,4.27,0.0592023127738699,2023,2,12,6,1,0,1,0,0,1,0,0,0,0,0,0,0,0,1,0,0
59,17480.1,3176.26,6,0,0,6.89,0.1817071984714046,2023,3,27,0,0,0,0,0,1,1,0,0,0,0,0,1,0,0,0,0,0
49,44608.28,5000.0,12,12,1,8.17,0.1120868143761651,2024,8,31,5,1,1,0,0,0,0,1,0,0,0,0,0,1,0,0,0,0
25,13580.0,4482.3,3,13,1,9.56,0.3300662739322533,2023,1,5,3,0,0,0,1,0,0,0,1,0,0,0,0,0,0,0,1,1
51,26459.59,2029.34,6,15,5,7.32,0.0766958218173448,2024,12,21,5,1,0,0,1,0,0,0,0,1,0,0,0,0,0,0,1,1
52,15191.55,5000.0,12,5,1,8.68,0.3291303389055099,2023,3,8,2,0,0,0,0,1,1,0,0,0,0,1,0,0,0,0,0,1
22,49797.71,5000.0,3,0,0,3.54,0.1004062234990323,2023,2,1,2,0,0,1,0,0,0,0,0,0,1,0,0,1,0,0,0,0
35,21607.85,5000.0,9,4,0,7.49,0.2313973856723367,2023,1,14,5,1,0,0,1,0,0,0,1,0,0,0,0,0,1,0,0,1
53,22492.92,2701.14,3,11,1,6.18,0.1200884545003494,2024,7,31,2,0,0,0,1,0,0,1,0,0,0,1,0,0,0,0,0,1
25,73758.66,5000.0,12,9,2,7.05,0.0677886501734169,2024,10,10,3,0,0,1,0,0,0,0,0,0,1,0,0,0,1,0,0,0
39,5000.0,242.23,9,12,1,8.82,0.0484459999999999,2023,4,4,1,0,0,0,0,1,0,0,1,0,0,0,1,0,0,0,0,0
57,74855.67,5000.0,3,3,1,2.51,0.0667952073637174,2024,9,27,4,0,0,1,0,0,0,0,1,0,0,1,0,0,0,0,0,0
47,5611.88,2589.98,3,13,1,8.3,0.4615173524736808,2023,4,6,3,0,0,0,0,1,0,0,1,0,0,1,0,0,0,0,0,1
20,36183.77,5000.0,9,3,0,8.24,0.1381835005031261,2023,2,18,5,1,1,0,0,0,0,0,1,0,0,0,0,0,1,0,0,1
31,15885.81,412.19,12,0,1,6.07,0.0259470558945373,2023,6,3,5,1,0,0,1,0,0,0,0,1,0,0,0,1,0,0,0,0
43,76338.14,5000.0,3,1,0,3.72,0.0654980590305187,2023,4,14,4,0,1,0,0,0,0,0,0,0,1,0,0,1,0,0,0,0
42,10770.27,426.74,9,28,2,9.56,0.0396220336166131,2023,1,30,0,0,0,0,0,1,0,0,0,0,1,0,1,0,0,0,0,0
51,26658.06,5000.0,9,12,3,1.69,0.1875605351627237,2024,12,4,2,0,0,0,1,0,0,0,0,1,0,0,1,0,0,0,0,1
58,18911.18,5000.0,6,14,1,8.13,0.2643938664853277,2023,6,25,6,1,0,0,1,0,1,0,0,0,0,0,0,0,0,1,0,1
51,74373.24,5000.0,6,12,1,4.69,0.0672284816420529,2024,7,30,1,0,0,1,0,0,0,0,1,0,0,0,0,0,0,0,1,0
56,11537.85,1964.23,9,15,1,2.68,0.1702422895080106,2023,1,13,4,0,0,0,0,1,1,0,0,0,0,0,1,0,0,0,0,0
25,41633.61,5000.0,3,17,4,9.69,0.1200952787903811,2024,7,9,1,0,1,0,0,0,0,0,1,0,0,0,1,0,0,0,0,1
33,26605.78,4870.46,12,19,2,1.21,0.1830602222524579,2024,9,27,4,0,0,0,1,0,1,0,0,0,0,0,0,1,0,0,0,1
27,23017.59,3513.83,12,20,2,3.41,0.1526584668507867,2024,9,9,0,0,0,0,1,0,0,0,0,1,0,0,0,0,1,0,0,1
52,91420.09,5000.0,6,1,0,1.28,0.054692573590772,2024,12,27,4,0,0,1,0,0,0,0,0,0,1,0,0,0,1,0,0,0
43,5000.0,100.0,6,1,0,5.93,0.02,2024,12,2,0,0,0,0,0,1,1,0,0,0,0,0,1,0,0,0,0,0
29,13433.68,3847.88,12,9,1,4.47,0.2864352880223438,2023,4,2,6,1,0,0,1,0,0,0,0,0,1,0,0,1,0,0,0,1
53,19628.71,5000.0,3,1,0,2.53,0.2547289149414302,2023,2,5,6,1,0,0,0,1,0,0,1,0,0,0,0,0,0,1,0,1
24,8390.52,5000.0,3,14,1,4.71,0.5959106229411287,2023,2,7,1,0,0,0,0,1,0,0,0,1,0,0,1,0,0,0,0,0
44,45430.7,5000.0,3,13,1,9.32,0.1100577362884569,2023,2,11,5,1,1,0,0,0,0,0,0,0,1,0,0,0,0,0,1,1
31,20570.72,5000.0,9,2,0,5.06,0.2430639277575116,2024,9,12,3,0,0,0,1,0,0,0,1,0,0,1,0,0,0,0,0,1
39,22750.3,5000.0,9,5,0,8.32,0.2197773216177369,2024,10,26,5,1,0,0,1,0,0,1,0,0,0,0,0,0,0,1,0,0
57,10579.34,3103.68,9,10,2,5.3,0.293371798240722,2023,3,24,4,0,0,0,0,1,1,0,0,0,0,0,0,0,0,1,0,0
54,71896.15,5000.0,6,23,4,8.79,0.0695447530917858,2023,3,19,6,1,1,0,0,0,0,0,0,1,0,0,0,0,0,1,0,1
34,16294.09,5000.0,9,15,2,2.93,0.3068597264406911,2023,5,21,6,1,0,0,1,0,1,0,0,0,0,0,0,0,0,0,1,0
25,51142.68,5000.0,12,10,2,3.21,0.0977657017582965,2024,8,6,1,0,1,0,0,0,0,1,0,0,0,0,0,0,1,0,0,1
44,18010.83,5000.0,6,11,1,4.85,0.2776107486440102,2023,1,22,6,1,0,0,1,0,0,0,0,1,0,0,1,0,0,0,0,1
37,8391.01,2265.13,6,14,2,1.72,0.2699472411545213,2023,5,12,4,0,0,0,0,1,0,0,0,1,0,0,1,0,0,0,0,1
26,17763.32,5000.0,12,0,0,8.63,0.2814789127257742,2024,9,11,2,0,1,0,0,0,0,0,0,1,0,0,0,0,1,0,0,1
18,7075.04,2576.82,12,0,0,5.24,0.3642127818358624,2023,6,22,3,0,0,0,0,1,0,0,0,0,1,0,0,0,1,0,0,0
21,63046.51,5000.0,12,2,0,9.54,0.0793065310038573,2024,8,29,3,0,0,1,0,0,0,0,0,1,0,0,0,0,0,1,0,0
42,13264.31,5000.0,9,18,2,9.97,0.3769513830723196,2023,6,28,2,0,0,0,1,0,0,0,0,1,0,0,0,0,1,0,0,1
39,16791.83,4919.51,6,2,0,4.66,0.2929704505107543,2023,3,17,4,0,0,0,0,1,0,0,0,1,0,0,1,0,0,0,0,0
22,33128.4,5000.0,12,2,1,7.84,0.1509279047584549,2024,11,15,4,0,1,0,0,0,0,1,0,0,0,0,0,0,0,0,1,1
56,64218.71,5000.0,6,18,3,4.1,0.0778589292746615,2023,6,22,3,0,1,0,0,0,0,1,0,0,0,0,0,0,0,0,1,1
30,50014.21,5000.0,12,2,0,4.93,0.0999715880746691,2024,12,29,6,1,0,1,0,0,0,1,0,0,0,0,0,0,0,1,0,1
43,14620.22,2963.17,12,17,2,8.74,0.2026761567199399,2023,4,4,1,0,0,0,1,0,0,1,0,0,0,0,0,0,1,0,0,1
31,45973.53,5000.0,9,4,0,8.5,0.1087582354454835,2024,10,12,5,1,0,1,0,0,0,0,0,1,0,0,1,0,0,0,0,1
30,15836.81,5000.0,6,13,1,5.36,0.3157201481864087,2023,3,10,4,0,0,0,1,0,0,0,0,1,0,1,0,0,0,0,0,1
35,11842.41,3047.5,3,1,0,3.0,0.2573378222844843,2024,9,21,5,1,0,0,0,1,1,0,0,0,0,1,0,0,0,0,0,0
35,18300.4,4849.58,3,25,2,5.55,0.2649985792660269,2023,6,30,4,0,0,0,1,0,1,0,0,0,0,1,0,0,0,0,0,1
23,32292.66,5000.0,3,0,0,8.45,0.1548339467854305,2023,1,11,2,0,0,1,0,0,0,1,0,0,0,0,0,0,0,0,1,0
47,64992.51,5000.0,3,0,0,1.41,0.0769319418499147,2023,4,30,6,1,0,1,0,0,0,1,0,0,0,0,0,0,0,1,0,0
54,97064.95,5000.0,9,2,0,6.6,0.0515119000215834,2024,9,28,5,1,0,1,0,0,0,0,1,0,0,1,0,0,0,0,0,0
59,73351.11,5000.0,3,0,0,4.0,0.0681652942947966,2023,2,26,6,1,1,0,0,0,0,0,0,1,0,1,0,0,0,0,0,0
30,9802.76,2878.74,9,7,1,8.65,0.2936662735800937,2024,12,9,0,0,0,0,0,1,0,0,0,0,1,1,0,0,0,0,0,0
36,37983.2,5000.0,12,17,4,6.9,0.1316371448429832,2024,11,3,6,1,0,1,0,0,0,0,1,0,0,0,0,1,0,0,0,1
46,51140.33,5000.0,6,5,1,9.64,0.0977701942869746,2024,12,29,6,1,1,0,0,0,0,0,1,0,0,0,0,0,0,1,0,0
31,22457.26,1918.6,6,12,1,9.94,0.0854333965942416,2023,2,11,5,1,0,0,1,0,0,0,1,0,0,0,1,0,0,0,0,1
24,5933.99,1725.5,12,12,2,7.71,0.2907824246417672,2024,9,10,1,0,0,0,0,1,1,0,0,0,0,0,1,0,0,0,0,0
30,35938.48,5000.0,9,11,1,6.02,0.1391266408596022,2024,12,23,0,0,0,1,0,0,1,0,0,0,0,1,0,0,0,0,0,1
43,92749.49,5000.0,6,3,0,2.09,0.0539086522200822,2024,12,14,5,1,1,0,0,0,1,0,0,0,0,0,0,0,1,0,0,0
49,55090.07,5000.0,12,3,0,2.53,0.0907604582822276,2024,12,13,4,0,0,1,0,0,0,1,0,0,0,0,1,0,0,0,0,0
20,8680.45,4494.93,6,15,1,9.79,0.5178222327183498,2024,9,27,4,0,0,0,1,0,0,0,0,0,1,0,0,1,0,0,0,0
26,58172.46,5000.0,6,3,0,1.37,0.0859513247333875,2023,3,13,0,0,1,0,0,0,0,0,1,0,0,0,0,1,0,0,0,0
56,16039.93,2322.89,9,15,1,3.24,0.144819210557652,2024,7,3,2,0,0,0,1,0,0,1,0,0,0,1,0,0,0,0,0,0
38,7387.55,2250.21,9,2,0,8.26,0.304594892758763,2023,1,26,3,0,0,0,1,0,0,1,0,0,0,0,0,0,0,1,0,1
26,73844.48,5000.0,9,5,1,3.88,0.0677098680903433,2024,12,5,3,0,0,1,0,0,0,0,0,1,0,0,0,0,0,1,0,0
33,64280.29,5000.0,12,13,2,1.86,0.0777843410476212,2023,2,27,0,0,0,1,0,0,0,0,0,0,1,0,0,1,0,0,0,0
45,58970.22,5000.0,12,1,0,8.52,0.0847885593779368,2023,1,1,6,1,1,0,0,0,1,0,0,0,0,0,1,0,0,0,0,0
26,82588.54,5000.0,6,8,2,5.35,0.0605410871774703,2023,2,14,1,0,0,1,0,0,0,0,1,0,0,1,0,0,0,0,0,0
55,23846.65,5000.0,6,10,1,1.54,0.2096730568025278,2023,5,20,5,1,0,0,1,0,0,1,0,0,0,0,0,0,0,0,1,0
31,24740.09,3442.19,12,12,1,3.78,0.1391340936916559,2024,11,17,6,1,1,0,0,0,1,0,0,0,0,0,0,0,1,0,0,1
20,17475.66,2333.85,12,10,1,9.45,0.1335486041728896,2024,12,25,2,0,0,0,1,0,1,0,0,0,0,1,0,0,0,0,0,1
57,29893.6,5000.0,12,11,1,9.07,0.1672598817138116,2024,12,19,3,0,0,0,0,1,1,0,0,0,0,0,0,0,0,0,1,0
20,45803.75,5000.0,3,5,0,6.42,0.1091613677919384,2024,11,12,1,0,0,1,0,0,0,0,0,0,1,1,0,0,0,0,0,0
33,70956.98,5000.0,6,17,1,3.97,0.0704652311865584,2024,12,22,6,1,0,1,0,0,0,1,0,0,0,0,0,0,0,1,0,1
32,58633.41,1901.84,6,4,0,5.37,0.0324361144951316,2023,5,17,2,0,1,0,0,0,0,0,1,0,0,0,0,0,0,0,1,0
45,15224.21,3529.98,9,6,1,7.08,0.2318662183456481,2024,10,14,0,0,0,0,1,0,0,0,1,0,0,1,0,0,0,0,0,1
44,21361.08,5000.0,3,0,0,6.8,0.2340705619753308,2023,6,23,4,0,0,0,1,0,0,0,0,0,1,0,0,0,0,1,0,1
57,8691.37,3777.22,12,3,0,1.63,0.4345943159708998,2024,10,7,0,0,0,0,0,1,0,0,1,0,0,0,0,1,0,0,0,1
25,34658.02,5000.0,3,9,1,8.17,0.1442667526881224,2023,2,1,2,0,1,0,0,0,0,0,0,1,0,0,1,0,0,0,0,1
50,18507.11,5000.0,12,11,1,8.95,0.2701664387362478,2023,5,20,5,1,0,0,1,0,0,0,0,1,0,0,0,0,0,1,0,0
32,38403.61,5000.0,9,15,1,8.36,0.1301960935443308,2023,4,18,1,0,1,0,0,0,0,0,0,1,0,0,0,0,0,1,0,1
57,40728.31,5000.0,3,8,1,1.97,0.1227647304786277,2023,3,10,4,0,1,0,0,0,1,0,0,0,0,1,0,0,0,0,0,1
42,60013.38,5000.0,6,18,2,9.01,0.0833147541431594,2023,3,28,1,0,0,1,0,0,0,0,1,0,0,0,1,0,0,0,0,1
55,57592.69,5000.0,3,14,2,6.84,0.0868165734227729,2023,1,6,4,0,0,1,0,0,0,0,1,0,0,0,0,0,0,0,1,0
58,37874.2,5000.0,9,19,1,9.09,0.1320159897766817,2024,7,15,0,0,1,0,0,0,0,1,0,0,0,0,0,1,0,0,0,1
29,9639.13,4331.05,6,13,2,8.33,0.4493195962706178,2023,2,13,0,0,0,0,0,1,0,0,0,0,1,1,0,0,0,0,0,0
39,70245.69,5000.0,12,11,1,4.02,0.0711787442048045,2024,10,31,3,0,1,0,0,0,0,1,0,0,0,0,1,0,0,0,0,0
39,17070.2,3103.79,6,8,1,1.04,0.1818250518447352,2023,4,5,2,0,0,0,1,0,0,0,0,1,0,0,0,1,0,0,0,0
24,30468.34,5000.0,6,10,1,9.79,0.164104772363706,2024,9,4,2,0,1,0,0,0,0,0,1,0,0,0,0,0,1,0,0,0
48,20371.62,5000.0,9,2,0,7.52,0.2454394888575381,2024,8,27,1,0,0,0,1,0,0,1,0,0,0,0,0,0,0,0,1,0
42,32317.36,5000.0,3,18,1,7.59,0.1547156079580758,2024,9,25,2,0,0,0,1,0,0,0,1,0,0,0,0,0,0,0,1,1
33,24178.65,238.3,3,16,1,4.43,0.0098558025365353,2024,11,22,4,0,0,0,1,0,0,0,1,0,0,0,0,0,1,0,0,0
28,59159.86,5000.0,6,10,1,7.06,0.0845167652526561,2024,12,31,1,0,1,0,0,0,1,0,0,0,0,0,1,0,0,0,0,0
27,9688.67,2568.8,12,12,1,6.73,0.265134430215912,2024,10,14,0,0,0,0,1,0,0,0,1,0,0,0,0,1,0,0,0,0
39,47275.43,5000.0,9,7,1,1.88,0.1057631839625784,2024,12,24,1,0,1,0,0,0,0,0,0,1,0,0,0,1,0,0,0,0
57,17112.49,5000.0,9,5,1,3.06,0.292184246711028,2023,2,7,1,0,0,0,0,1,0,0,0,0,1,0,0,0,1,0,0,1
35,34428.72,5000.0,9,12,1,5.24,0.1452275890593667,2024,8,19,0,0,1,0,0,0,0,0,1,0,0,0,0,0,0,1,0,0
57,13179.47,4967.9,9,2,0,3.85,0.3769423201388219,2023,1,31,1,0,0,0,0,1,0,0,1,0,0,1,0,0,0,0,0,1
20,11217.63,3965.78,3,12,2,7.74,0.3535310043208771,2023,3,2,3,0,0,0,0,1,0,0,0,1,0,0,0,0,0,1,0,1
28,9619.65,3163.39,6,11,2,2.71,0.3288466836111501,2024,7,21,6,1,0,0,0,1,0,0,1,0,0,1,0,0,0,0,0,0
33,62749.62,3184.25,6,18,1,4.72,0.0507453272226987,2024,10,4,4,0,1,0,0,0,0,1,0,0,0,0,0,0,1,0,0,1
28,14061.92,2903.32,12,2,0,4.82,0.2064668267206754,2024,11,26,1,0,0,0,1,0,1,0,0,0,0,0,0,1,0,0,0,0
49,83431.2,5000.0,12,16,3,5.19,0.0599296186558505,2023,2,1,2,0,0,1,0,0,0,1,0,0,0,0,0,1,0,0,0,1
41,55081.69,5000.0,6,0,0,8.63,0.0907742663669179,2023,5,7,6,1,1,0,0,0,1,0,0,0,0,0,0,0,0,1,0,0
47,19997.1,5000.0,3,21,1,6.62,0.2500362552570123,2023,6,7,2,0,0,0,1,0,1,0,0,0,0,0,0,1,0,0,0,1
27,102860.73,5000.0,6,12,1,6.31,0.048609415857733,2024,11,29,4,0,0,1,0,0,0,0,1,0,0,0,1,0,0,0,0,0
31,49296.69,5000.0,12,3,0,4.78,0.101426688079869,2024,11,23,5,1,0,1,0,0,0,1,0,0,0,0,0,0,0,1,0,0
58,59904.98,5000.0,12,2,0,7.38,0.0834655148870761,2023,1,24,1,0,0,1,0,0,1,0,0,0,0,0,0,0,0,1,0,0
43,14455.06,3108.42,3,1,0,9.77,0.2150402696356846,2023,6,19,0,0,0,0,0,1,0,1,0,0,0,0,0,0,0,1,0,0
31,19277.83,5000.0,3,22,1,5.25,0.2593652916329275,2023,4,6,3,0,0,0,1,0,0,0,1,0,0,0,0,1,0,0,0,1
56,55946.84,5000.0,6,0,0,2.37,0.0893705524744561,2023,1,8,6,1,1,0,0,0,0,0,1,0,0,0,0,0,1,0,0,0
33,59875.81,4950.84,3,3,0,7.61,0.0826851444681917,2023,6,11,6,1,1,0,0,0,0,0,0,1,0,0,1,0,0,0,0,0
22,58875.37,5000.0,6,8,1,7.51,0.0849251563089964,2023,1,28,5,1,1,0,0,0,0,1,0,0,0,0,0,1,0,0,0,0
32,21383.44,897.56,12,14,1,5.57,0.0419745373055037,2024,10,27,6,1,0,0,0,1,0,0,0,1,0,0,0,0,1,0,0,1
18,15642.41,2460.73,3,9,3,9.29,0.1573114373040982,2023,1,5,3,0,0,0,1,0,0,0,0,1,0,0,0,1,0,0,0,1
23,7118.26,281.78,12,2,0,4.9,0.0395855166852573,2023,3,15,2,0,0,0,1,0,0,0,0,0,1,0,0,1,0,0,0,0
22,47278.82,5000.0,9,7,1,7.22,0.1057556004993356,2024,11,28,3,0,0,1,0,0,1,0,0,0,0,0,0,1,0,0,0,0
41,15926.4,5000.0,3,15,1,3.6,0.3139441430580671,2023,1,31,1,0,0,0,0,1,1,0,0,0,0,0,1,0,0,0,0,0
22,45885.39,5000.0,9,16,2,4.82,0.1089671461874901,2023,6,27,1,0,0,1,0,0,0,0,0,1,0,0,0,1,0,0,0,1
56,69939.58,5000.0,9,11,5,3.01,0.0714902777511675,2024,11,19,1,0,1,0,0,0,1,0,0,0,0,0,0,0,0,0,1,0
29,31530.64,5000.0,3,14,1,1.33,0.1585759121920772,2024,12,30,0,0,1,0,0,0,0,0,1,0,0,0,0,1,0,0,0,1
22,12422.08,814.69,6,19,3,3.1,0.0655840245755944,2023,1,12,3,0,0,0,1,0,1,0,0,0,0,0,0,0,0,1,0,1
48,78585.7,5000.0,12,9,2,3.38,0.0636248070577726,2023,1,17,1,0,1,0,0,0,1,0,0,0,0,0,0,0,0,0,1,0
54,7828.13,100.0,6,0,0,4.88,0.0127744429384795,2023,6,24,5,1,0,0,0,1,0,0,1,0,0,1,0,0,0,0,0,0
51,20494.44,4823.73,12,7,1,5.11,0.2353677387623179,2024,7,3,2,0,0,0,1,0,0,0,1,0,0,0,1,0,0,0,0,0
39,31145.7,5000.0,9,16,2,2.4,0.1605358043004331,2024,12,4,2,0,0,1,0,0,1,0,0,0,0,1,0,0,0,0,0,1
30,19099.46,5000.0,9,6,2,3.0,0.261787506034202,2023,2,11,5,1,0,0,1,0,1,0,0,0,0,0,0,1,0,0,0,0
37,12053.32,5000.0,9,17,1,1.75,0.4148234677250749,2024,10,7,0,0,0,0,0,1,0,0,0,0,1,0,0,0,0,1,0,1
45,14890.87,5000.0,3,18,1,1.7,0.3357762172391539,2023,2,9,3,0,0,0,0,1,0,0,0,1,0,0,0,1,0,0,0,1
30,8905.94,3940.84,6,0,0,4.3,0.4424956826567437,2023,4,14,4,0,0,0,1,0,0,0,0,1,0,0,0,0,0,1,0,1
33,52599.9,5000.0,6,6,2,5.13,0.0950572149376709,2024,8,17,5,1,0,1,0,0,0,1,0,0,0,0,0,1,0,0,0,1
49,10512.6,3941.27,6,2,0,6.45,0.3749091566310903,2023,4,21,4,0,0,0,0,1,0,0,1,0,0,0,0,1,0,0,0,0
52,101190.15,5000.0,6,6,0,3.86,0.0494119239866726,2023,1,7,5,1,0,1,0,0,0,0,1,0,0,1,0,0,0,0,0,0
56,91510.97,5000.0,3,1,0,7.99,0.0546382581235889,2023,2,15,2,0,0,1,0,0,0,0,0,1,0,0,0,0,0,0,1,0
23,45726.06,4976.07,3,23,2,9.35,0.1088235023966639,2023,2,4,5,1,0,1,0,0,0,0,1,0,0,0,0,0,0,1,0,1
31,5426.5,1652.34,12,20,2,1.07,0.3044946097853128,2023,4,11,1,0,0,0,1,0,0,0,0,1,0,0,0,0,0,1,0,1
39,12869.95,2525.21,3,0,0,5.29,0.1962097754847532,2024,11,11,0,0,0,0,0,1,0,0,0,1,0,1,0,0,0,0,0,1
35,38558.03,1566.63,3,9,2,7.77,0.040630447146807,2024,8,28,2,0,1,0,0,0,1,0,0,0,0,0,1,0,0,0,0,0
20,31863.54,5000.0,6,12,1,4.8,0.1569191621521023,2024,11,7,3,0,0,1,0,0,0,1,0,0,0,0,1,0,0,0,0,0
37,12928.35,5000.0,3,8,1,9.17,0.3867469553345941,2024,9,11,2,0,0,0,1,0,0,1,0,0,0,0,1,0,0,0,0,0
20,6995.86,1771.01,12,6,1,7.54,0.2531511493940702,2023,2,4,5,1,0,0,1,0,1,0,0,0,0,1,0,0,0,0,0,1
34,15379.55,5000.0,12,21,1,6.08,0.3251070414934117,2024,10,16,2,0,0,0,1,0,0,0,1,0,0,0,0,0,1,0,0,1
33,53151.85,5000.0,12,21,2,7.12,0.0940701029220996,2023,5,28,6,1,0,1,0,0,0,0,0,0,1,0,0,1,0,0,0,0
18,19305.75,2049.44,9,1,0,7.38,0.1061569739585356,2023,3,15,2,0,0,0,1,0,1,0,0,0,0,1,0,0,0,0,0,1
48,12319.26,4639.61,12,14,2,9.33,0.3766143420952232,2024,7,9,1,0,0,0,1,0,0,0,1,0,0,0,1,0,0,0,0,0
34,55409.03,5000.0,3,15,1,3.16,0.0902379991131409,2024,9,28,5,1,0,1,0,0,0,0,1,0,0,0,0,0,0,0,1,0
24,17100.26,5000.0,6,6,0,6.19,0.2923932150739229,2023,4,3,0,0,0,0,1,0,0,0,0,1,0,0,0,1,0,0,0,0
33,9675.4,2187.95,3,8,2,5.82,0.2261353535771131,2023,3,16,3,0,0,0,0,1,0,0,0,0,1,0,0,0,0,1,0,0
58,83392.59,5000.0,6,2,0,7.34,0.0599573655165285,2024,8,21,2,0,1,0,0,0,0,0,0,1,0,0,0,1,0,0,0,0
56,10441.07,1313.8,12,1,0,8.67,0.1258300155060736,2023,1,5,3,0,0,0,0,1,0,0,0,1,0,0,0,1,0,0,0,0
31,20249.31,5000.0,3,16,1,4.08,0.2469219938852237,2023,1,27,4,0,0,0,1,0,1,0,0,0,0,1,0,0,0,0,0,1
28,12196.68,3887.33,6,9,1,3.08,0.3187203402893246,2024,12,8,6,1,0,0,0,1,0,1,0,0,0,0,0,1,0,0,0,0
19,47953.38,5000.0,9,14,2,2.28,0.1042679369003811,2024,10,16,2,0,0,1,0,0,0,0,1,0,0,0,0,0,0,1,0,0
52,11789.32,3617.07,6,10,1,1.05,0.3068090441178965,2023,1,14,5,1,0,0,0,1,1,0,0,0,0,1,0,0,0,0,0,0
22,6500.43,3570.55,6,12,1,1.76,0.549279047693768,2023,5,5,4,0,0,0,0,1,1,0,0,0,0,0,0,0,1,0,0,0
28,7795.78,4043.69,3,17,4,5.37,0.5187024261844229,2023,4,25,1,0,0,0,0,1,0,1,0,0,0,1,0,0,0,0,0,1
45,22891.7,5000.0,12,17,2,2.37,0.2184197766002525,2024,8,3,5,1,0,0,1,0,0,0,1,0,0,1,0,0,0,0,0,1
26,6578.79,1094.29,9,3,0,4.43,0.1663360587585255,2023,3,13,0,0,0,0,0,1,1,0,0,0,0,0,0,0,1,0,0,0
18,42134.22,5000.0,3,2,0,1.79,0.1186683887823246,2023,1,8,6,1,0,1,0,0,0,0,0,1,0,0,0,0,0,0,1,1
28,5000.0,1432.05,9,19,1,6.78,0.28641,2024,10,20,6,1,0,0,0,1,0,1,0,0,0,0,0,0,0,1,0,1
54,81030.53,5000.0,6,15,2,2.35,0.061705137557412,2023,2,4,5,1,0,1,0,0,0,0,1,0,0,0,0,0,1,0,0,0
40,9717.98,5000.0,6,7,1,4.64,0.5145102171438921,2023,1,20,4,0,0,0,0,1,0,0,0,0,1,1,0,0,0,0,0,0
40,85447.07,5000.0,12,14,2,1.83,0.0585157571816096,2023,4,7,4,0,0,1,0,0,0,0,0,1,0,0,0,0,1,0,0,0
35,11476.03,4060.15,3,5,1,7.49,0.3537939513925983,2024,11,20,2,0,0,0,0,1,0,0,0,1,0,0,0,0,1,0,0,0
57,24859.04,5000.0,3,10,2,1.48,0.201134074364899,2024,12,16,0,0,0,1,0,0,0,1,0,0,0,0,0,1,0,0,0,0
29,9721.44,2150.31,6,15,1,8.63,0.2211925393768824,2023,1,8,6,1,0,0,0,1,0,1,0,0,0,0,0,0,0,0,1,0
34,15282.54,4461.06,9,13,2,4.94,0.2919056648960186,2024,9,18,2,0,0,0,1,0,0,1,0,0,0,0,0,1,0,0,0,1
44,55496.99,3153.15,3,0,0,3.96,0.0568165949180306,2024,7,23,1,0,1,0,0,0,0,0,0,1,0,0,0,1,0,0,0,0
18,5465.79,1379.03,9,0,0,7.35,0.25230204599884,2024,10,18,4,0,0,0,0,1,0,0,0,0,1,1,0,0,0,0,0,0
25,35084.05,5000.0,9,9,1,8.93,0.142514903496033,2024,7,10,2,0,1,0,0,0,0,1,0,0,0,0,1,0,0,0,0,1
59,17562.22,5000.0,12,2,0,3.09,0.2847020479187711,2024,8,19,0,0,0,0,1,0,0,0,0,1,0,0,0,0,0,1,0,1
59,70630.83,5000.0,6,20,2,2.46,0.0707906165055684,2023,5,30,1,0,0,1,0,0,1,0,0,0,0,0,0,0,0,0,1,1
42,40665.24,5000.0,6,11,1,9.77,0.122955133180082,2024,9,3,1,0,1,0,0,0,0,0,0,0,1,0,0,1,0,0,0,1
29,14700.46,4017.0,3,6,2,5.88,0.2732567552307887,2024,12,16,0,0,0,0,1,0,0,0,0,0,1,0,0,0,0,1,0,0
31,8596.49,3102.72,12,13,2,1.72,0.360928704622468,2023,5,7,6,1,0,0,0,1,0,1,0,0,0,0,0,0,0,0,1,0
56,19875.73,5000.0,3,3,0,2.93,0.2515630872425818,2024,10,15,1,0,1,0,0,0,1,0,0,0,0,1,0,0,0,0,0,1
42,95983.91,5000.0,6,14,2,8.42,0.0520920641803402,2024,11,1,4,0,0,1,0,0,0,0,1,0,0,0,0,0,0,0,1,0
18,44889.02,5000.0,12,12,1,3.23,0.1113858132790602,2024,12,23,0,0,0,1,0,0,0,1,0,0,0,1,0,0,0,0,0,1
30,44505.06,5000.0,9,0,0,1.09,0.1123467758497573,2023,1,6,4,0,1,0,0,0,0,0,0,0,1,0,0,0,0,0,1,0
25,59064.32,5000.0,3,4,0,2.26,0.0846534760748959,2024,9,6,4,0,1,0,0,0,0,0,0,1,0,0,0,0,0,0,1,0
47,26303.55,5000.0,9,4,1,2.13,0.1900884101195466,2023,2,15,2,0,1,0,0,0,0,0,0,0,1,0,0,1,0,0,0,0
54,18247.81,5000.0,9,1,0,5.62,0.2740054833977337,2023,1,24,1,0,0,0,1,0,0,0,0,0,1,0,1,0,0,0,0,1
39,48595.01,5000.0,12,17,3,6.47,0.1028912227819276,2023,3,9,3,0,1,0,0,0,1,0,0,0,0,0,0,1,0,0,0,1
44,15011.99,5000.0,3,2,0,3.87,0.3330671016967104,2023,6,8,3,0,0,0,0,1,0,0,0,1,0,0,0,0,0,0,1,1
42,5530.79,1078.14,9,11,4,1.82,0.1949341775768019,2023,6,5,0,0,0,0,0,1,0,0,0,0,1,0,0,0,0,0,1,1
48,66969.16,5000.0,9,17,1,1.17,0.0746612321253544,2024,12,8,6,1,0,1,0,0,0,0,0,0,1,0,0,0,1,0,0,0
37,5000.0,483.23,12,5,0,1.77,0.096646,2023,3,25,5,1,0,0,1,0,0,0,0,0,1,0,0,0,1,0,0,1
47,14680.75,2623.67,12,3,0,3.46,0.1787149839074979,2024,12,17,1,0,0,0,1,0,0,0,0,0,1,1,0,0,0,0,0,0
27,11482.82,5000.0,6,3,0,2.28,0.4354331078950989,2024,10,4,4,0,0,0,0,1,0,0,1,0,0,0,1,0,0,0,0,0
37,7157.66,1780.16,6,6,1,8.67,0.2487069796553622,2024,11,4,0,0,0,0,0,1,0,1,0,0,0,0,0,0,0,1,0,0
18,18056.85,4993.43,3,18,2,5.52,0.276539374254092,2023,5,10,2,0,0,1,0,0,1,0,0,0,0,0,0,0,0,1,0,1
30,30315.82,5000.0,12,0,0,2.25,0.1649303894798161,2023,1,24,1,0,1,0,0,0,0,1,0,0,0,0,0,0,1,0,0,1
55,17369.09,2351.81,6,8,1,3.02,0.1354020273946418,2023,3,9,3,0,0,0,0,1,0,0,1,0,0,0,0,0,0,1,0,1
19,9136.88,2470.45,6,6,1,6.1,0.2703822311336036,2023,2,17,4,0,0,0,1,0,0,0,0,1,0,0,0,0,1,0,0,0
58,11270.56,5000.0,3,7,1,9.62,0.4436336792493008,2023,1,29,6,1,0,0,0,1,0,1,0,0,0,0,0,0,1,0,0,0
23,26096.17,5000.0,9,2,0,2.71,0.1915989970942096,2024,8,13,1,0,0,1,0,0,1,0,0,0,0,0,1,0,0,0,0,1
38,25585.8,5000.0,6,13,1,1.09,0.1954208975290981,2023,6,14,2,0,1,0,0,0,1,0,0,0,0,0,0,0,0,0,1,1
22,9508.46,3679.89,12,13,3,3.25,0.3870121975588055,2023,5,3,2,0,0,0,0,1,0,0,0,1,0,0,1,0,0,0,0,1
44,75147.65,5000.0,6,17,1,9.59,0.0665356800911272,2023,4,22,5,1,1,0,0,0,0,0,0,1,0,0,0,0,0,1,0,1
39,8349.86,1470.79,6,2,1,9.68,0.176145468307253,2024,8,17,5,1,0,0,1,0,0,0,1,0,0,0,0,0,0,1,0,1
59,88148.11,5000.0,9,17,1,1.92,0.0567227136236953,2023,5,1,0,0,0,1,0,0,1,0,0,0,0,0,0,0,1,0,0,1
27,53950.03,5000.0,12,20,2,9.94,0.092678354395725,2023,6,14,2,0,0,1,0,0,0,0,1,0,0,0,0,1,0,0,0,0
41,69918.31,5000.0,12,1,0,4.84,0.0715120259628701,2024,12,10,1,0,1,0,0,0,0,0,0,1,0,0,0,1,0,0,0,0
34,60167.65,5000.0,3,16,1,5.83,0.0831011349121994,2024,10,10,3,0,0,1,0,0,0,0,0,0,1,1,0,0,0,0,0,1
33,5000.0,1583.62,9,2,0,2.64,0.316724,2023,5,29,0,0,1,0,0,0,0,0,1,0,0,1,0,0,0,0,0,0
18,8211.89,3003.1,9,3,0,7.39,0.3657014402287415,2024,8,21,2,0,0,0,0,1,1,0,0,0,0,0,0,1,0,0,0,1
51,86494.71,5000.0,6,15,1,9.43,0.0578070034572056,2024,11,30,5,1,0,1,0,0,0,0,1,0,0,0,0,0,1,0,0,0
46,12716.36,4247.65,6,11,1,8.34,0.334030335725003,2024,11,21,3,0,0,0,1,0,0,0,0,1,0,0,1,0,0,0,0,0
53,23803.26,5000.0,6,2,0,1.82,0.2100552613381528,2024,7,12,4,0,0,0,1,0,0,0,0,1,0,1,0,0,0,0,0,1
54,84101.29,5000.0,9,13,1,6.03,0.0594521201755644,2024,9,12,3,0,0,1,0,0,0,0,1,0,0,0,0,0,1,0,0,0
48,79547.29,5000.0,6,11,1,7.91,0.0628556925069351,2024,10,1,1,0,1,0,0,0,0,1,0,0,0,1,0,0,0,0,0,0
34,18279.78,5000.0,3,0,0,4.82,0.273526267821604,2023,4,24,0,0,0,0,1,0,1,0,0,0,0,0,0,0,0,1,0,0
24,15605.87,4881.32,9,1,0,4.97,0.3127874319086343,2023,6,13,1,0,0,0,1,0,1,0,0,0,0,0,1,0,0,0,0,0
44,63481.42,5000.0,3,1,0,2.31,0.0787632034696136,2023,4,29,5,1,1,0,0,0,0,0,0,1,0,0,0,0,0,0,1,0
24,10395.12,2391.61,12,25,3,6.16,0.2300704561371105,2023,4,5,2,0,0,0,1,0,1,0,0,0,0,0,0,1,0,0,0,1
24,29421.26,5000.0,6,14,3,8.85,0.1699451349126448,2024,11,25,0,0,0,1,0,0,0,0,1,0,0,0,0,1,0,0,0,1
52,16693.67,2627.52,9,0,1,3.05,0.1573961866983114,2024,9,14,5,1,0,0,0,1,0,0,0,0,1,0,0,0,1,0,0,0
58,78440.92,5000.0,3,17,1,9.27,0.0637422406570448,2023,2,3,4,0,0,1,0,0,0,0,0,0,1,0,0,0,0,0,1,1
18,42922.92,5000.0,12,3,0,7.96,0.1164878810668053,2023,5,11,3,0,0,1,0,0,0,1,0,0,0,0,0,1,0,0,0,1
40,9592.39,570.61,6,3,1,4.87,0.0594856964739757,2024,9,23,0,0,0,0,0,1,0,0,1,0,0,0,0,0,1,0,0,0
49,18848.45,5000.0,6,2,2,2.83,0.2652738023551008,2024,7,15,0,0,0,0,0,1,1,0,0,0,0,0,1,0,0,0,0,0
32,5000.0,1374.18,12,17,1,4.4,0.274836,2024,12,8,6,1,0,0,0,1,0,0,1,0,0,0,0,0,0,0,1,1
35,10540.9,4537.26,6,9,3,2.73,0.4304433207790606,2024,11,25,0,0,0,0,1,0,0,0,0,0,1,0,1,0,0,0,0,1
50,16216.18,1895.83,9,2,0,6.26,0.1169097777651703,2024,9,28,5,1,0,0,1,0,0,0,0,1,0,0,0,0,0,0,1,0
44,55882.5,5000.0,3,15,2,4.31,0.0894734487540822,2023,2,24,4,0,0,1,0,0,0,0,0,0,1,0,0,1,0,0,0,0
36,9481.12,5000.0,12,1,0,9.26,0.5273638557470003,2024,9,7,5,1,0,0,0,1,0,0,0,1,0,0,0,0,0,1,0,0
43,17087.91,4220.25,6,14,1,5.18,0.2469728597587417,2024,11,23,5,1,0,0,1,0,0,0,1,0,0,0,1,0,0,0,0,1
35,16506.2,5000.0,3,23,3,4.72,0.3029164798681707,2023,1,11,2,0,0,0,1,0,0,0,0,0,1,0,0,0,0,1,0,1
48,13594.81,5000.0,3,9,1,6.08,0.3677874129906928,2023,5,22,0,0,0,0,0,1,0,0,0,0,1,1,0,0,0,0,0,0
45,6977.97,1607.02,3,24,2,3.73,0.2302990697867717,2024,10,29,1,0,0,0,0,1,0,1,0,0,0,0,0,1,0,0,0,1
31,66499.4,1598.5,3,17,3,7.62,0.0240378108674664,2023,5,21,6,1,1,0,0,0,0,0,0,1,0,0,0,1,0,0,0,1
59,30256.43,5000.0,3,13,2,8.76,0.1652541294528138,2024,10,6,6,1,0,0,1,0,0,1,0,0,0,0,0,0,0,0,1,1
27,20423.02,5000.0,6,1,0,8.47,0.2448217746444942,2024,12,24,1,0,0,0,1,0,0,1,0,0,0,0,1,0,0,0,0,1
46,40540.03,5000.0,9,5,2,6.55,0.123334886530671,2024,11,12,1,0,1,0,0,0,0,0,0,0,1,0,0,1,0,0,0,1
45,37322.34,5000.0,9,17,2,2.65,0.1339680202259558,2023,3,3,4,0,1,0,0,0,1,0,0,0,0,0,0,0,1,0,0,1
29,18084.98,100.0,9,11,1,5.67,0.0055294504058063,2024,7,19,4,0,0,0,1,0,0,0,0,0,1,1,0,0,0,0,0,0
21,13006.1,3907.97,9,4,0,4.07,0.3004720861749486,2024,8,22,3,0,0,0,0,1,1,0,0,0,0,1,0,0,0,0,0,1
36,74494.51,5000.0,9,16,1,6.01,0.0671190400473806,2023,2,26,6,1,1,0,0,0,0,0,0,1,0,0,0,0,0,0,1,0
43,19231.4,4485.28,3,4,0,3.83,0.2332269101573468,2023,5,27,5,1,0,0,0,1,0,0,0,0,1,0,0,1,0,0,0,1
51,98920.29,5000.0,6,16,1,2.51,0.0505457474902267,2023,4,12,2,0,0,1,0,0,0,0,0,1,0,0,0,0,0,1,0,1
51,58285.75,5000.0,9,0,0,3.86,0.0857842611616046,2024,12,24,1,0,1,0,0,0,0,1,0,0,0,0,0,0,0,1,0,0
55,45323.91,5000.0,12,4,0,3.38,0.1103170489924633,2023,6,10,5,1,1,0,0,0,0,0,0,1,0,0,1,0,0,0,0,0
59,12212.83,3331.13,3,7,1,3.82,0.2727566010498795,2023,1,13,4,0,0,0,0,1,0,0,0,0,1,1,0,0,0,0,0,1
21,34918.49,5000.0,6,9,1,1.19,0.1431906133398093,2024,8,8,3,0,1,0,0,0,0,0,0,0,1,0,1,0,0,0,0,0
47,90074.99,5000.0,6,3,0,9.04,0.0555093039699477,2023,3,2,3,0,0,1,0,0,0,0,1,0,0,0,0,0,0,1,0,0
24,25221.14,2182.19,3,4,0,5.58,0.0865222587083692,2024,8,18,6,1,0,1,0,0,1,0,0,0,0,0,0,1,0,0,0,0
19,31641.87,5000.0,3,19,1,3.45,0.1580184736237144,2023,6,8,3,0,1,0,0,0,0,0,0,0,1,1,0,0,0,0,0,1
54,25603.95,5000.0,9,0,0,4.96,0.1952823685407915,2024,9,3,1,0,0,1,0,0,0,0,0,1,0,0,1,0,0,0,0,0
59,14293.66,5000.0,9,24,1,8.76,0.3498054382152646,2023,3,25,5,1,0,0,0,1,0,0,1,0,0,0,1,0,0,0,0,1
29,51007.95,5000.0,9,3,1,4.36,0.0980239354845666,2023,4,28,4,0,1,0,0,0,0,1,0,0,0,1,0,0,0,0,0,0
59,21731.71,909.83,3,4,0,7.28,0.0418664707011091,2024,10,24,3,0,0,0,1,0,0,0,1,0,0,1,0,0,0,0,0,0
22,5000.0,1433.48,6,0,0,4.72,0.286696,2024,11,5,1,0,0,0,0,1,0,0,0,0,1,1,0,0,0,0,0,0
52,25268.8,1456.64,9,25,2,7.76,0.0576457924396884,2023,3,3,4,0,0,0,0,1,1,0,0,0,0,1,0,0,0,0,0,1
39,27298.94,5000.0,9,11,1,6.51,0.1831572947521039,2024,8,30,4,0,0,1,0,0,1,0,0,0,0,1,0,0,0,0,0,0
45,13482.28,5000.0,9,16,2,6.71,0.3708571547245718,2023,5,13,5,1,0,0,0,1,0,1,0,0,0,0,0,0,0,1,0,0
42,5000.0,2087.57,3,2,0,4.13,0.417514,2023,2,26,6,1,0,0,0,1,0,0,0,0,1,0,1,0,0,0,0,0
25,55067.55,5000.0,12,17,2,6.15,0.0907975749783674,2024,11,11,0,0,1,0,0,0,0,1,0,0,0,0,0,1,0,0,0,1
49,51224.48,5000.0,9,14,2,1.3,0.0976095804193619,2024,12,28,5,1,0,1,0,0,0,0,0,0,1,1,0,0,0,0,0,0
30,54879.37,5000.0,12,14,2,6.91,0.0911089176133035,2023,1,28,5,1,1,0,0,0,0,0,1,0,0,1,0,0,0,0,0,1
44,16845.94,5000.0,3,13,4,8.77,0.2968074206604084,2024,10,30,2,0,0,0,1,0,0,0,1,0,0,0,0,0,0,0,1,1
23,6409.51,1675.88,6,6,1,9.66,0.2614677253019342,2023,1,12,3,0,0,0,0,1,0,0,0,0,1,0,0,0,0,1,0,1
21,10340.25,1109.08,9,10,1,4.97,0.1072585285655569,2023,1,4,2,0,0,0,1,0,0,1,0,0,0,0,0,1,0,0,0,0
53,54438.66,5000.0,9,16,1,1.17,0.0918464929151452,2023,2,18,5,1,0,1,0,0,0,1,0,0,0,1,0,0,0,0,0,1
53,23112.86,5000.0,3,12,1,8.07,0.2163297835058058,2023,2,15,2,0,0,0,1,0,0,0,0,1,0,0,0,0,1,0,0,0
24,32659.01,5000.0,6,22,3,4.5,0.1530971085773879,2023,5,27,5,1,0,1,0,0,0,0,0,0,1,0,0,0,0,1,0,1
34,47236.76,5000.0,6,10,1,2.48,0.1058497661566966,2023,2,4,5,1,1,0,0,0,0,1,0,0,0,0,0,1,0,0,0,0
34,8450.03,666.34,3,0,0,7.64,0.0788565247697345,2024,10,6,6,1,0,0,0,1,0,1,0,0,0,0,0,0,1,0,0,1
59,58499.16,5000.0,6,0,0,2.14,0.0854713127504736,2024,11,16,5,1,1,0,0,0,0,1,0,0,0,0,0,0,0,0,1,0
39,31605.97,5000.0,6,0,1,2.28,0.1581979607017281,2024,7,26,4,0,1,0,0,0,0,0,0,1,0,0,0,1,0,0,0,0
56,13720.59,3535.15,3,0,0,7.44,0.2576529143426048,2023,1,12,3,0,0,0,0,1,0,1,0,0,0,0,0,0,0,1,0,1
46,63465.3,5000.0,6,7,2,1.2,0.0787832090922125,2024,12,7,5,1,1,0,0,0,0,1,0,0,0,1,0,0,0,0,0,1
59,58069.46,5000.0,6,10,2,4.26,0.086103779852611,2024,7,10,2,0,0,1,0,0,0,1,0,0,0,0,1,0,0,0,0,1
28,12601.13,5000.0,3,10,1,6.93,0.3967898117073627,2023,5,28,6,1,0,0,0,1,0,0,0,1,0,0,0,1,0,0,0,1
34,15372.92,3384.07,12,6,1,5.31,0.220131894266021,2024,9,26,3,0,0,0,1,0,0,0,0,1,0,1,0,0,0,0,0,1
53,84954.39,5000.0,3,18,4,8.13,0.058855110371577,2023,4,23,6,1,0,1,0,0,0,1,0,0,0,0,0,0,0,0,1,1
41,8524.53,3458.8,3,9,1,6.01,0.4057467097892787,2024,10,20,6,1,0,0,1,0,0,0,0,0,1,0,1,0,0,0,0,1
35,5000.0,1243.64,6,6,0,3.66,0.248728,2023,3,26,6,1,0,0,0,1,0,0,0,0,1,0,0,0,0,1,0,0
19,35340.19,5000.0,12,0,0,2.59,0.1414819784500309,2023,3,17,4,0,0,1,0,0,0,0,1,0,0,0,0,0,0,0,1,0
20,45518.05,5000.0,9,4,0,7.48,0.1098465334081754,2024,9,12,3,0,1,0,0,0,0,0,0,1,0,0,0,0,0,0,1,0
59,8805.05,4370.99,9,17,1,1.39,0.4964185325466635,2023,1,24,1,0,0,0,0,1,0,0,1,0,0,0,0,0,1,0,0,1
49,5000.0,1989.26,12,0,0,8.78,0.397852,2024,8,6,1,0,0,0,0,1,0,0,1,0,0,0,0,0,1,0,0,0
37,12950.69,5000.0,12,14,1,5.92,0.3860798150523253,2024,11,17,6,1,0,0,1,0,0,0,0,0,1,0,1,0,0,0,0,0
59,38922.65,4266.44,9,15,1,5.36,0.1096132971418955,2024,11,14,3,0,1,0,0,0,0,0,1,0,0,0,0,0,0,0,1,0
38,37998.23,5000.0,6,10,1,8.63,0.131585076462772,2023,1,6,4,0,1,0,0,0,0,0,0,1,0,0,0,1,0,0,0,0
45,66506.19,5000.0,3,17,2,1.79,0.0751809718764524,2024,11,19,1,0,0,1,0,0,1,0,0,0,0,0,0,0,0,0,1,0
20,10934.63,1092.3,12,4,0,5.98,0.0998936406627384,2024,12,26,3,0,0,0,0,1,1,0,0,0,0,0,0,0,1,0,0,1
55,25729.26,5000.0,12,3,0,8.06,0.1943312788630532,2024,11,14,3,0,0,0,1,0,1,0,0,0,0,0,0,0,0,0,1,0
42,87290.19,5000.0,12,17,2,3.52,0.0572802052555963,2023,2,2,3,0,1,0,0,0,0,1,0,0,0,1,0,0,0,0,0,1
45,17040.37,3708.18,3,1,2,3.01,0.2176114720513697,2024,11,17,6,1,0,0,1,0,0,0,1,0,0,1,0,0,0,0,0,0
22,44316.55,5000.0,3,5,0,1.97,0.1128246670826136,2024,9,20,4,0,0,1,0,0,1,0,0,0,0,1,0,0,0,0,0,1
54,10429.89,3698.97,12,10,1,5.99,0.3546509119463388,2024,8,30,4,0,0,0,1,0,0,0,0,1,0,1,0,0,0,0,0,1
46,47009.85,5000.0,12,2,0,7.71,0.1063606882387414,2023,6,30,4,0,1,0,0,0,0,0,0,1,0,0,0,1,0,0,0,0
18,7898.1,1596.45,6,10,1,6.02,0.2021308922399058,2023,4,24,0,0,0,0,0,1,0,1,0,0,0,0,1,0,0,0,0,0
21,5163.48,1801.65,9,9,1,6.21,0.3489216574868112,2024,8,18,6,1,0,0,0,1,0,0,1,0,0,0,0,1,0,0,0,0
21,37257.32,1896.07,9,18,2,3.7,0.0508912074191058,2024,8,26,0,0,1,0,0,0,0,1,0,0,0,0,0,0,0,0,1,1
19,49665.34,5000.0,9,18,1,5.03,0.100673830079488,2024,9,3,1,0,1,0,0,0,0,0,0,1,0,0,0,0,1,0,0,1
31,5000.0,835.41,9,3,0,3.27,0.1670819999999999,2024,7,3,2,0,0,0,0,1,1,0,0,0,0,0,0,0,1,0,0,1
19,11561.92,1564.13,9,9,2,2.68,0.1352828941905842,2024,11,8,4,0,0,0,1,0,1,0,0,0,0,0,1,0,0,0,0,0
44,15107.46,4673.79,6,0,0,6.1,0.3093696756436886,2024,10,12,5,1,0,0,1,0,0,0,0,0,1,0,0,1,0,0,0,0
39,15954.96,5000.0,6,6,1,4.69,0.3133821708108325,2023,6,24,5,1,0,0,1,0,1,0,0,0,0,1,0,0,0,0,0,0
42,67768.46,5000.0,12,8,1,6.51,0.0737806348262894,2024,11,22,4,0,1,0,0,0,0,1,0,0,0,1,0,0,0,0,0,0
47,110600.31,5000.0,12,14,1,1.35,0.0452078298876377,2024,11,29,4,0,0,1,0,0,1,0,0,0,0,0,0,1,0,0,0,0
32,50738.66,5000.0,6,0,0,5.06,0.0985441870163697,2023,2,10,4,0,1,0,0,0,0,0,0,1,0,0,1,0,0,0,0,0
38,40972.94,5000.0,6,2,0,3.14,0.122031760474108,2024,7,16,1,0,1,0,0,0,0,1,0,0,0,1,0,0,0,0,0,1
19,15768.34,2691.7,12,0,0,3.54,0.1707028133589204,2024,12,9,0,0,0,0,1,0,0,1,0,0,0,0,1,0,0,0,0,1
41,11088.43,5000.0,9,11,1,5.86,0.4509204639430469,2023,3,8,2,0,0,0,0,1,0,1,0,0,0,0,1,0,0,0,0,0
52,15718.26,5000.0,6,8,2,3.56,0.3181013674541584,2024,10,17,3,0,0,0,0,1,0,0,1,0,0,0,0,0,0,0,1,0
38,12509.25,4257.32,6,10,2,8.12,0.3403337530227631,2024,8,15,3,0,0,0,1,0,0,0,0,0,1,0,0,0,1,0,0,1
53,14612.25,5000.0,9,13,2,8.7,0.3421786514739345,2024,9,17,1,0,0,0,0,1,1,0,0,0,0,0,0,1,0,0,0,1
45,25495.53,5000.0,9,8,1,1.91,0.1961128087943259,2024,8,11,6,1,0,0,1,0,1,0,0,0,0,1,0,0,0,0,0,0
49,95193.97,5000.0,3,9,3,9.99,0.0525243353124152,2023,3,22,2,0,1,0,0,0,1,0,0,0,0,1,0,0,0,0,0,0
36,51540.63,5000.0,6,12,4,3.35,0.0970108436780846,2024,12,29,6,1,0,1,0,0,0,1,0,0,0,0,0,1,0,0,0,1
26,24395.8,5000.0,12,10,1,8.36,0.2049533116356094,2023,3,7,1,0,0,1,0,0,0,0,0,0,1,0,0,0,0,0,1,1
20,6282.7,1711.47,3,15,2,6.9,0.2724099511356582,2023,5,8,0,0,0,0,1,0,0,0,1,0,0,0,0,0,1,0,0,0
25,53510.72,5000.0,6,2,0,5.76,0.0934392211504535,2024,7,8,0,0,1,0,0,0,0,0,0,0,1,0,0,0,0,1,0,0
50,44465.37,1938.85,3,3,0,2.63,0.0436035953372253,2023,1,27,4,0,1,0,0,0,0,0,0,0,1,0,0,1,0,0,0,1
42,65929.64,5000.0,6,16,2,7.18,0.0758384241139493,2024,9,24,1,0,1,0,0,0,0,0,0,0,1,0,1,0,0,0,0,0
57,46451.05,5000.0,12,2,0,3.5,0.107640193278731,2023,5,25,3,0,1,0,0,0,0,0,0,1,0,0,0,0,0,1,0,0
35,41159.12,5000.0,12,2,0,7.65,0.1214797595283864,2024,9,1,6,1,1,0,0,0,0,1,0,0,0,1,0,0,0,0,0,0
19,35630.3,5000.0,12,20,1,9.38,0.1403300000280659,2023,2,17,4,0,1,0,0,0,0,0,1,0,0,0,0,0,0,1,0,1
25,81242.46,5000.0,12,3,2,9.39,0.0615441728377008,2023,1,25,2,0,0,1,0,0,0,0,0,1,0,0,1,0,0,0,0,0
59,77744.67,5000.0,12,0,0,6.57,0.0643130905308363,2024,10,12,5,1,0,1,0,0,1,0,0,0,0,0,1,0,0,0,0,0
43,71725.62,5000.0,9,0,0,3.21,0.0697100980096094,2024,11,13,2,0,1,0,0,0,0,0,0,1,0,0,0,0,1,0,0,0
58,6120.09,851.78,6,9,1,4.94,0.1391776918313292,2024,12,31,1,0,0,0,0,1,0,1,0,0,0,0,0,1,0,0,0,1
55,65898.7,5000.0,3,9,1,6.15,0.0758740308989403,2023,2,15,2,0,1,0,0,0,0,1,0,0,0,0,0,0,1,0,0,0
19,8816.63,4232.12,6,13,1,8.38,0.4800156068701987,2023,2,17,4,0,0,0,1,0,1,0,0,0,0,0,0,1,0,0,0,1
57,29178.17,5000.0,3,0,0,8.48,0.1713609866554345,2024,11,8,4,0,0,0,1,0,0,0,0,0,1,0,1,0,0,0,0,1
41,30545.89,2704.84,12,13,1,1.77,0.0885500471585539,2023,4,29,5,1,1,0,0,0,0,1,0,0,0,0,0,1,0,0,0,1
25,72644.94,5000.0,3,18,3,2.51,0.0688279183656838,2024,12,13,4,0,1,0,0,0,0,1,0,0,0,0,1,0,0,0,0,1
20,11216.97,2584.37,12,3,0,4.59,0.230398226972168,2024,7,4,3,0,0,0,1,0,0,0,0,0,1,0,0,0,0,1,0,1
35,21851.71,1734.23,12,1,0,1.41,0.0793635829873268,2024,12,14,5,1,1,0,0,0,0,0,0,1,0,0,1,0,0,0,0,0
55,103146.68,5000.0,9,2,0,6.49,0.0484746576428829,2024,10,6,6,1,1,0,0,0,0,0,1,0,0,0,1,0,0,0,0,0
45,9800.53,1837.83,6,1,0,4.43,0.1875235318906222,2024,10,9,2,0,0,0,0,1,1,0,0,0,0,0,0,1,0,0,0,1
47,16901.46,5000.0,6,16,1,8.95,0.2958324310444186,2023,3,10,4,0,0,0,0,1,0,0,0,0,1,0,0,1,0,0,0,1
27,17280.2,2670.3,6,15,3,4.09,0.1545294614645664,2024,11,2,5,1,0,0,1,0,0,1,0,0,0,0,0,1,0,0,0,1
50,10587.85,1390.21,6,23,1,9.47,0.1313023890591574,2023,3,30,3,0,0,1,0,0,0,0,0,0,1,0,0,1,0,0,0,1
44,66650.09,5000.0,12,13,2,6.47,0.0750186533881649,2024,11,19,1,0,1,0,0,0,0,1,0,0,0,0,1,0,0,0,0,0
43,40828.71,5000.0,9,14,2,3.86,0.1224628453850244,2023,2,22,2,0,0,1,0,0,0,0,1,0,0,1,0,0,0,0,0,0
44,23331.37,5000.0,3,10,1,5.57,0.2143037464152341,2024,7,20,5,1,1,0,0,0,0,0,1,0,0,0,1,0,0,0,0,0
40,10428.91,1567.1,9,1,0,8.37,0.1502649845477619,2024,8,29,3,0,0,0,0,1,1,0,0,0,0,0,1,0,0,0,0,0
50,50683.5,5000.0,6,0,0,6.12,0.0986514348851204,2023,6,23,4,0,1,0,0,0,0,0,1,0,0,0,1,0,0,0,0,0
26,11498.38,3286.54,12,15,2,8.82,0.2858263511903416,2024,11,22,4,0,0,0,1,0,0,1,0,0,0,0,1,0,0,0,0,1
21,36296.35,5000.0,12,6,2,2.95,0.1377548982197934,2024,8,31,5,1,0,1,0,0,0,0,0,0,1,1,0,0,0,0,0,1
28,51251.56,5000.0,3,0,0,3.35,0.0975580060392308,2024,8,18,6,1,0,1,0,0,0,0,1,0,0,0,1,0,0,0,0,0
29,51306.11,5000.0,6,16,2,8.22,0.0974542798118976,2024,11,22,4,0,1,0,0,0,0,0,0,1,0,0,1,0,0,0,0,1
28,50517.98,5000.0,12,5,0,2.26,0.0989746620906061,2023,3,21,1,0,1,0,0,0,0,0,0,0,1,0,1,0,0,0,0,0
35,5000.0,1158.56,6,10,1,8.12,0.231712,2023,3,10,4,0,0,0,1,0,0,1,0,0,0,0,0,0,0,1,0,0
59,38421.59,5000.0,12,3,1,6.45,0.1301351661917167,2023,5,31,2,0,1,0,0,0,0,0,0,1,0,0,0,1,0,0,0,1
47,21718.24,5000.0,3,18,3,5.74,0.2302212333964446,2023,1,1,6,1,0,0,1,0,0,0,1,0,0,0,0,0,1,0,0,0
24,44325.13,5000.0,6,2,0,2.51,0.1128028276510413,2024,11,16,5,1,1,0,0,0,0,0,0,1,0,1,0,0,0,0,0,0
41,43921.14,5000.0,3,2,0,7.77,0.1138403966745854,2023,4,28,4,0,1,0,0,0,1,0,0,0,0,0,0,0,0,1,0,1
38,60615.16,5000.0,3,0,0,7.97,0.0824876153094374,2024,8,1,3,0,1,0,0,0,0,1,0,0,0,0,0,0,1,0,0,0
27,28665.32,5000.0,9,1,1,1.47,0.1744267986542623,2024,11,11,0,0,1,0,0,0,0,0,1,0,0,0,1,0,0,0,0,1
26,14104.99,2785.77,12,6,2,7.11,0.1975024441704673,2024,9,2,0,0,0,0,1,0,0,1,0,0,0,0,0,0,0,0,1,0
23,8191.04,2040.91,12,4,0,9.76,0.2491637203578544,2023,3,2,3,0,0,0,0,1,0,0,0,0,1,0,1,0,0,0,0,0
19,13926.89,5000.0,9,0,0,2.18,0.3590176988545181,2023,6,3,5,1,0,0,1,0,0,1,0,0,0,0,0,0,0,0,1,1
21,13911.84,4488.54,3,0,0,7.27,0.3226417210088673,2023,1,19,3,0,0,0,1,0,1,0,0,0,0,0,0,1,0,0,0,1
57,9350.78,3532.77,3,19,2,6.45,0.3778048462267319,2024,11,29,4,0,0,0,0,1,0,0,1,0,0,0,0,1,0,0,0,1
53,42221.4,5000.0,3,6,1,6.54,0.1184233587706708,2023,5,30,1,0,1,0,0,0,0,0,0,0,1,0,0,0,1,0,0,1
26,52137.5,5000.0,12,12,1,2.95,0.0959002637257252,2024,7,12,4,0,1,0,0,0,1,0,0,0,0,1,0,0,0,0,0,0
21,10830.55,5000.0,12,3,1,8.8,0.4616570718938558,2023,1,25,2,0,0,0,1,0,0,0,0,0,1,1,0,0,0,0,0,0
43,5210.03,1885.71,6,16,2,8.4,0.3619384149419485,2024,8,18,6,1,0,0,0,1,1,0,0,0,0,0,0,0,1,0,0,1
39,5000.0,1473.14,3,12,3,9.6,0.294628,2023,3,10,4,0,0,0,0,1,0,1,0,0,0,0,0,0,0,1,0,1
52,16202.12,100.0,3,8,3,2.8,0.0061720318081831,2023,5,15,0,0,0,0,0,1,0,0,0,0,1,0,1,0,0,0,0,1
47,89311.71,5000.0,6,22,1,3.45,0.0559837002337095,2023,4,17,0,0,1,0,0,0,0,0,0,0,1,1,0,0,0,0,0,0
48,51074.64,5000.0,9,1,0,1.74,0.097895942095725,2023,6,1,3,0,0,1,0,0,0,0,0,1,0,1,0,0,0,0,0,0
44,14375.94,5000.0,6,22,3,5.28,0.3478033436422244,2024,10,10,3,0,0,0,0,1,0,1,0,0,0,0,0,0,0,0,1,1
59,11232.7,2261.23,3,0,0,7.47,0.2013077888664346,2023,6,4,6,1,0,0,0,1,0,0,1,0,0,0,1,0,0,0,0,0
27,18043.96,5000.0,12,0,0,4.79,0.2771010354711493,2023,1,16,0,0,0,0,1,0,1,0,0,0,0,0,0,0,0,1,0,0
59,8507.74,3069.44,9,13,1,1.64,0.3607820643320082,2024,7,28,6,1,0,0,0,1,0,1,0,0,0,0,1,0,0,0,0,0
31,28060.49,5000.0,9,4,0,3.31,0.1781864821319941,2024,7,26,4,0,1,0,0,0,0,0,0,1,0,1,0,0,0,0,0,0
51,25426.76,5000.0,9,13,1,2.24,0.1966432215508385,2024,7,4,3,0,0,1,0,0,0,0,0,1,0,0,0,0,1,0,0,0
58,13009.1,1750.74,12,0,0,6.54,0.1345781030201935,2024,7,29,0,0,0,0,0,1,1,0,0,0,0,0,1,0,0,0,0,0
24,46821.31,5000.0,12,17,1,6.98,0.1067889813420427,2024,12,20,4,0,1,0,0,0,0,0,1,0,0,0,0,0,0,1,0,1
49,84534.57,5000.0,12,3,0,1.3,0.0591473996969523,2023,1,24,1,0,0,1,0,0,0,0,0,0,1,0,0,0,1,0,0,0
20,31949.73,1867.63,3,13,1,1.34,0.0584552670711145,2024,8,13,1,0,1,0,0,0,0,1,0,0,0,0,0,0,1,0,0,1
59,38579.7,5000.0,3,3,0,9.55,0.1296018372356446,2024,10,19,5,1,0,1,0,0,1,0,0,0,0,0,0,0,1,0,0,1
34,11092.86,5000.0,12,14,2,9.7,0.4507403861583036,2023,3,12,6,1,0,0,0,1,1,0,0,0,0,0,0,1,0,0,0,0
32,36701.5,1578.6,6,0,0,1.12,0.0430118660000272,2024,10,28,0,0,1,0,0,0,0,0,0,1,0,0,0,1,0,0,0,1
21,30120.44,5000.0,12,11,1,8.1,0.1660002310723216,2024,9,15,6,1,1,0,0,0,1,0,0,0,0,0,0,0,1,0,0,1
48,18110.98,5000.0,9,0,0,7.3,0.2760756182161318,2024,7,3,2,0,0,0,1,0,1,0,0,0,0,0,0,0,1,0,0,0
25,12403.23,2385.61,6,2,0,7.75,0.1923378023305219,2024,10,24,3,0,0,0,1,0,0,0,1,0,0,0,0,0,0,0,1,1
45,71930.97,5000.0,12,2,0,1.48,0.0695110882002564,2024,8,13,1,0,1,0,0,0,0,0,0,1,0,0,0,0,0,1,0,0
56,8637.59,2804.52,12,8,1,2.93,0.324687789070794,2024,7,12,4,0,0,0,1,0,0,0,0,0,1,0,1,0,0,0,0,0
25,9484.17,1398.6,9,10,1,5.9,0.1474667788536055,2024,8,30,4,0,0,0,1,0,0,0,0,0,1,1,0,0,0,0,0,1
53,24866.02,5000.0,3,8,2,1.52,0.2010776151551394,2024,8,29,3,0,1,0,0,0,0,0,0,1,0,0,0,0,0,0,1,0
25,17392.12,5000.0,3,14,2,1.5,0.2874865168823582,2023,4,4,1,0,0,0,1,0,0,0,1,0,0,0,0,0,0,1,0,0
54,110630.46,5000.0,3,6,1,3.49,0.0451955094464942,2023,3,29,2,0,0,1,0,0,0,0,0,0,1,0,0,0,0,0,1,0
56,54137.3,5000.0,12,18,4,1.67,0.0923577644248974,2024,9,10,1,0,0,1,0,0,0,0,0,0,1,0,0,0,0,1,0,1
30,80112.59,5000.0,9,6,2,4.79,0.0624121626825446,2023,1,24,1,0,0,1,0,0,1,0,0,0,0,0,0,0,0,1,0,0
27,35993.36,5000.0,3,1,0,3.85,0.1389145108986768,2023,2,5,6,1,0,1,0,0,0,1,0,0,0,0,1,0,0,0,0,0
25,12349.7,5000.0,3,6,1,9.76,0.4048681344486101,2023,6,29,3,0,0,0,0,1,0,1,0,0,0,0,0,0,0,0,1,0
55,42111.14,5000.0,9,1,0,6.98,0.1187334277818173,2024,11,8,4,0,1,0,0,0,0,1,0,0,0,1,0,0,0,0,0,0
45,12649.45,1153.06,9,8,1,8.48,0.091154951401049,2023,3,13,0,0,0,1,0,0,0,0,0,0,1,0,0,0,0,1,0,1
45,5165.97,1533.01,6,13,1,3.99,0.296751626509639,2023,6,3,5,1,0,0,1,0,1,0,0,0,0,0,0,0,0,1,0,0
50,74139.16,5000.0,3,2,0,8.05,0.0674407425171798,2023,3,22,2,0,0,1,0,0,0,0,0,0,1,0,0,0,0,0,1,0
19,8935.03,1188.42,3,9,2,9.54,0.1330068281807671,2023,1,28,5,1,0,0,1,0,0,0,0,0,1,0,0,0,0,1,0,1
28,50666.62,5000.0,9,1,0,8.69,0.0986843014197513,2024,8,17,5,1,0,1,0,0,0,0,0,0,1,1,0,0,0,0,0,0
23,48758.64,5000.0,9,7,1,3.41,0.1025459282703537,2023,6,7,2,0,0,1,0,0,0,0,0,0,1,1,0,0,0,0,0,0
46,59888.9,5000.0,3,12,1,7.83,0.0834879251413868,2023,6,21,2,0,1,0,0,0,0,0,1,0,0,1,0,0,0,0,0,1
49,91183.07,5000.0,6,12,1,6.88,0.0548347407035099,2024,11,20,2,0,0,1,0,0,1,0,0,0,0,0,1,0,0,0,0,0
20,21551.73,5000.0,6,6,1,4.19,0.2319999368960171,2023,1,28,5,1,1,0,0,0,0,0,0,1,0,0,0,0,0,1,0,1
53,11064.13,3212.13,12,0,0,7.07,0.2903192569140095,2024,10,5,5,1,0,0,0,1,0,0,1,0,0,0,0,0,0,0,1,0
49,58103.3,5000.0,9,0,0,7.83,0.0860536320656485,2024,9,12,3,0,1,0,0,0,0,0,1,0,0,0,0,0,0,0,1,1
26,19353.25,5000.0,9,19,1,1.4,0.258354539935153,2024,8,5,0,0,0,0,1,0,0,0,1,0,0,0,0,0,0,1,0,1
53,94705.49,4340.12,12,4,1,8.22,0.0458275438942346,2023,4,20,3,0,0,1,0,0,0,0,0,1,0,0,0,0,0,1,0,0
23,27627.71,5000.0,9,0,0,9.23,0.1809777212805549,2023,6,12,0,0,0,1,0,0,0,0,1,0,0,0,0,0,0,1,0,0
40,14386.38,4974.18,9,3,0,9.1,0.3457561944005372,2023,6,3,5,1,0,0,0,1,0,0,0,0,1,1,0,0,0,0,0,1
57,11267.23,5000.0,9,14,1,9.35,0.4437647940088203,2024,12,8,6,1,0,0,0,1,1,0,0,0,0,1,0,0,0,0,0,1
29,12554.2,5000.0,9,2,0,7.8,0.398273087890905,2023,6,17,5,1,0,0,0,1,0,0,0,1,0,1,0,0,0,0,0,1
22,8510.29,3278.26,3,18,2,9.88,0.3852113147730571,2023,3,18,5,1,0,0,1,0,0,0,1,0,0,0,0,0,0,0,1,1
24,58283.36,1857.26,3,0,0,7.41,0.0318660420401294,2024,8,9,4,0,0,1,0,0,0,0,0,1,0,0,0,0,1,0,0,0
40,12924.44,2246.89,3,17,2,9.1,0.1738481512545224,2024,11,15,4,0,0,0,0,1,0,1,0,0,0,0,0,0,1,0,0,0
22,7804.81,837.04,12,15,1,2.3,0.1072466850570353,2024,9,25,2,0,0,0,0,1,0,0,0,0,1,1,0,0,0,0,0,1
31,10320.49,4246.33,9,14,1,8.11,0.4114465495339853,2024,9,29,6,1,0,0,1,0,0,1,0,0,0,1,0,0,0,0,0,1
38,9893.65,4021.25,6,16,1,8.88,0.4064475699059497,2023,3,27,0,0,0,0,0,1,0,0,1,0,0,0,0,0,0,1,0,0
47,51010.92,5000.0,6,12,1,9.7,0.0980182282538719,2023,4,21,4,0,0,0,1,0,1,0,0,0,0,1,0,0,0,0,0,0
30,21189.47,5000.0,9,8,2,6.34,0.2359662606001943,2024,8,26,0,0,0,0,1,0,0,0,0,1,0,0,0,0,0,1,0,0
35,16265.67,4970.85,12,9,1,7.6,0.3056037654766143,2024,10,1,1,0,0,0,1,0,0,0,0,1,0,0,0,0,1,0,0,1
53,29369.96,5000.0,6,14,3,1.54,0.1702419751337761,2023,4,13,3,0,0,1,0,0,0,0,1,0,0,0,1,0,0,0,0,1
28,12292.29,1608.62,12,5,1,7.0,0.1308641432963263,2024,8,25,6,1,0,0,0,1,1,0,0,0,0,0,0,0,1,0,0,0
49,24761.47,5000.0,6,10,1,8.35,0.2019266222885798,2023,2,1,2,0,0,0,1,0,0,0,1,0,0,0,1,0,0,0,0,0
47,43879.9,5000.0,6,12,2,6.71,0.1139473882119147,2024,10,12,5,1,1,0,0,0,0,1,0,0,0,0,0,1,0,0,0,1
38,82172.06,5000.0,9,14,1,2.38,0.0608479329835469,2023,4,5,2,0,0,1,0,0,0,1,0,0,0,1,0,0,0,0,0,0
38,56151.84,5000.0,6,15,2,9.1,0.0890442770886938,2024,11,2,5,1,0,1,0,0,0,0,0,0,1,0,0,0,0,1,0,1
27,9121.87,2820.03,12,5,0,3.97,0.3091504263928339,2023,5,17,2,0,0,0,1,0,0,0,0,1,0,0,1,0,0,0,0,1
45,14821.44,3628.68,9,20,2,2.48,0.2448264136278256,2024,11,14,3,0,0,0,1,0,0,1,0,0,0,0,0,0,0,0,1,1
57,11379.28,2011.15,3,1,0,1.72,0.176737895543479,2024,9,23,0,0,0,0,0,1,0,1,0,0,0,1,0,0,0,0,0,1
54,114203.04,5000.0,3,10,1,3.61,0.0437816716612797,2024,11,29,4,0,0,1,0,0,0,1,0,0,0,0,0,1,0,0,0,0
55,11831.59,147.9,3,4,0,3.29,0.0125004331624067,2024,7,25,3,0,0,0,1,0,0,0,1,0,0,0,0,1,0,0,0,0
20,13567.75,5000.0,12,9,1,3.41,0.3685209412024838,2023,6,18,6,1,0,0,0,1,0,0,0,1,0,1,0,0,0,0,0,1
35,67661.52,5000.0,3,3,0,5.25,0.0738972461747829,2024,9,4,2,0,0,1,0,0,1,0,0,0,0,0,0,0,0,0,1,0
59,65497.41,5000.0,9,4,1,9.86,0.0763388964540735,2023,1,28,5,1,0,1,0,0,0,0,1,0,0,0,0,1,0,0,0,0
35,12436.33,4932.96,9,3,0,8.84,0.396657213181059,2024,12,15,6,1,0,0,0,1,0,0,0,1,0,0,0,0,0,1,0,0
44,11582.02,2849.7,12,9,1,4.33,0.2460451631062629,2023,4,4,1,0,0,0,1,0,0,0,0,0,1,0,1,0,0,0,0,1
22,50406.99,2439.77,12,0,1,6.76,0.0484014221043549,2023,2,22,2,0,0,1,0,0,0,0,0,0,1,0,0,0,0,0,1,0
52,39883.16,5000.0,9,6,2,1.46,0.125366194654586,2023,1,2,0,0,0,1,0,0,0,1,0,0,0,0,1,0,0,0,0,0
28,42112.45,5000.0,12,15,1,2.42,0.1187297343184735,2023,6,2,4,0,0,1,0,0,0,0,1,0,0,0,0,0,1,0,0,1
31,46751.41,5000.0,3,6,1,1.15,0.1069486460408359,2023,5,3,2,0,1,0,0,0,0,0,0,0,1,0,0,0,0,0,1,0
30,20577.5,5000.0,12,10,1,6.73,0.2429838415745353,2024,10,3,3,0,0,0,1,0,0,0,1,0,0,0,0,1,0,0,0,1
54,63740.4,5000.0,3,1,0,3.61,0.0784431851698451,2023,4,24,0,0,1,0,0,0,1,0,0,0,0,0,0,0,0,0,1,0
19,39049.74,5000.0,3,20,3,4.64,0.1280418256305932,2023,4,27,3,0,1,0,0,0,0,0,0,0,1,0,0,0,0,0,1,1
56,63654.85,5000.0,3,13,1,6.18,0.0785486102001654,2024,7,10,2,0,0,1,0,0,0,1,0,0,0,0,0,0,1,0,0,0
58,67319.89,5000.0,6,16,2,5.92,0.0742722544555554,2023,5,27,5,1,0,1,0,0,0,0,0,0,1,0,1,0,0,0,0,0
52,13435.3,3266.86,9,15,3,9.62,0.2431549723489613,2023,3,18,5,1,0,0,0,1,0,0,0,0,1,0,0,0,0,0,1,1
35,54790.67,5000.0,3,2,0,8.88,0.0912564128162696,2023,6,26,0,0,1,0,0,0,0,0,1,0,0,0,1,0,0,0,0,0
57,12937.45,2893.25,9,0,0,2.24,0.2236337145264329,2024,7,16,1,0,0,0,1,0,0,0,1,0,0,0,1,0,0,0,0,1
54,82866.62,5000.0,9,15,2,4.3,0.0603379261758232,2024,7,12,4,0,1,0,0,0,0,0,0,0,1,0,1,0,0,0,0,0
55,62089.19,5000.0,12,10,2,3.4,0.080529315972716,2024,8,7,2,0,1,0,0,0,1,0,0,0,0,0,0,0,0,0,1,0
24,42351.59,5000.0,3,19,2,3.6,0.1180593219758691,2023,2,8,2,0,0,1,0,0,1,0,0,0,0,0,0,0,0,1,0,0
32,12792.8,2616.34,3,4,1,5.98,0.2045166030892377,2024,11,15,4,0,1,0,0,0,0,0,0,1,0,0,0,0,0,1,0,0
55,56558.64,5000.0,12,0,0,8.51,0.0884038230056451,2024,10,16,2,0,1,0,0,0,0,1,0,0,0,0,0,0,0,1,0,0
35,7362.62,2389.54,6,2,2,6.64,0.3245502280438213,2023,4,1,5,1,0,0,1,0,0,1,0,0,0,0,1,0,0,0,0,0
19,7779.94,2029.17,3,1,0,6.09,0.2608207775381301,2023,5,28,6,1,0,0,1,0,0,0,0,0,1,1,0,0,0,0,0,1
52,24954.44,4552.61,12,20,1,2.95,0.1824368729572773,2023,5,11,3,0,0,0,1,0,0,0,1,0,0,0,0,0,1,0,0,1
51,14373.04,3586.37,9,3,0,2.58,0.2495206302911562,2024,9,3,1,0,0,0,0,1,0,0,1,0,0,0,0,0,0,1,0,0
44,63662.08,5000.0,12,20,1,3.89,0.0785396895608814,2024,11,6,2,0,0,1,0,0,0,0,0,0,1,0,1,0,0,0,0,1
22,8465.48,2592.87,9,4,0,6.63,0.3062874166615478,2023,1,29,6,1,0,0,0,1,0,0,1,0,0,0,1,0,0,0,0,1
38,20273.14,2968.07,3,0,0,1.55,0.1464040597559135,2024,7,25,3,0,0,0,1,0,0,0,0,0,1,1,0,0,0,0,0,1
42,87007.64,5000.0,6,3,1,7.57,0.0574662179091399,2024,9,6,4,0,0,1,0,0,0,0,0,1,0,0,0,0,1,0,0,0
28,13228.97,5000.0,12,6,2,6.43,0.3779583746882788,2023,4,17,0,0,0,0,1,0,0,1,0,0,0,0,0,0,1,0,0,0
40,24636.54,5000.0,3,12,1,8.32,0.2029505766637685,2023,3,1,2,0,0,0,1,0,0,0,0,1,0,0,0,0,0,0,1,0
26,46721.93,5000.0,12,1,0,8.53,0.1070161271163241,2023,2,18,5,1,1,0,0,0,0,0,1,0,0,0,0,0,0,1,0,1
21,10598.05,1628.87,12,20,2,9.59,0.1536952552592222,2024,9,28,5,1,0,0,1,0,0,1,0,0,0,0,0,0,0,1,0,0
21,17157.48,5000.0,9,19,2,8.71,0.2914180870384229,2023,1,25,2,0,1,0,0,0,1,0,0,0,0,0,0,0,0,0,1,1
43,12756.04,5000.0,3,7,1,2.13,0.391971176007601,2023,3,26,6,1,0,0,1,0,0,0,1,0,0,0,1,0,0,0,0,1
36,15753.82,5000.0,6,16,1,4.72,0.3173833394059345,2023,3,7,1,0,0,0,1,0,1,0,0,0,0,0,0,0,0,0,1,1
42,64720.19,5000.0,12,16,1,9.0,0.0772556446450481,2024,7,1,0,0,0,1,0,0,0,0,1,0,0,1,0,0,0,0,0,0
58,77907.96,5000.0,6,7,1,3.94,0.0641782944900623,2023,5,16,1,0,1,0,0,0,1,0,0,0,0,0,1,0,0,0,0,0
29,62413.06,5000.0,6,16,1,2.13,0.0801114382150146,2024,10,17,3,0,1,0,0,0,0,0,0,0,1,0,0,0,1,0,0,0
36,47744.96,5000.0,6,11,2,2.85,0.1047230953801197,2024,8,16,4,0,0,1,0,0,0,0,0,1,0,0,1,0,0,0,0,0
53,70012.14,5000.0,12,5,0,6.55,0.0714161858214875,2024,8,17,5,1,1,0,0,0,0,1,0,0,0,1,0,0,0,0,0,0
28,5000.0,2541.73,6,11,2,2.11,0.508346,2023,1,28,5,1,0,0,0,1,0,1,0,0,0,0,0,0,0,0,1,0
33,16813.31,5000.0,9,17,3,7.03,0.2973834420468069,2023,3,15,2,0,0,0,1,0,0,0,1,0,0,0,0,0,1,0,0,1
18,36073.59,5000.0,6,8,1,7.38,0.1386055560314346,2024,11,26,1,0,0,1,0,0,1,0,0,0,0,0,0,0,0,1,0,0
51,49432.03,5000.0,12,9,2,7.18,0.101148991858113,2023,2,1,2,0,0,1,0,0,0,1,0,0,0,0,0,0,0,1,0,0
59,8462.81,1068.01,3,0,0,1.08,0.1262003991581992,2023,1,6,4,0,0,0,0,1,0,0,1,0,0,1,0,0,0,0,0,1
36,70689.51,5000.0,12,4,0,1.29,0.070731852576146,2023,2,20,0,0,0,1,0,0,0,0,0,0,1,0,0,0,1,0,0,0
43,8498.18,2844.42,6,9,1,9.32,0.334709314229635,2023,5,25,3,0,0,0,0,1,0,1,0,0,0,0,1,0,0,0,0,1
52,41501.3,5000.0,9,7,1,8.64,0.1204781536963902,2023,1,9,0,0,1,0,0,0,0,0,1,0,0,0,0,1,0,0,0,0
22,36926.93,5000.0,12,13,2,7.64,0.1354025368477693,2024,10,24,3,0,1,0,0,0,0,0,1,0,0,0,0,0,0,0,1,1
59,58919.01,100.0,9,14,1,2.59,0.0016972450826991,2024,7,31,2,0,1,0,0,0,0,0,0,1,0,0,0,0,0,1,0,0
37,90341.45,5000.0,12,2,0,7.49,0.0553455805723729,2023,6,12,0,0,0,1,0,0,0,0,0,1,0,0,1,0,0,0,0,0
29,32993.5,717.0,3,7,1,7.65,0.0217315531847182,2023,5,17,2,0,0,1,0,0,0,0,0,1,0,0,1,0,0,0,0,1
22,12026.17,2606.58,3,1,0,3.28,0.2167423211213545,2024,8,14,2,0,0,0,1,0,0,1,0,0,0,0,0,0,1,0,0,0
34,14153.35,5000.0,12,10,1,4.28,0.3532732533287172,2023,6,27,1,0,0,0,0,1,0,0,0,0,1,0,0,1,0,0,0,1
43,20627.27,5000.0,12,2,0,8.58,0.2423975640014408,2023,5,14,6,1,0,0,0,1,1,0,0,0,0,1,0,0,0,0,0,0
53,69211.54,5000.0,3,12,2,6.86,0.0722422879190377,2023,4,20,3,0,1,0,0,0,0,1,0,0,0,0,0,1,0,0,0,0
30,7859.9,3457.19,9,9,1,10.0,0.4398516520566419,2023,5,9,1,0,0,0,0,1,0,0,0,0,1,0,0,0,0,0,1,1
27,53767.6,5000.0,3,9,1,8.25,0.0929928060765219,2023,1,27,4,0,0,1,0,0,0,0,0,0,1,0,0,1,0,0,0,0
25,17222.85,4165.63,3,11,1,7.79,0.2418664738994998,2023,1,12,3,0,0,0,1,0,0,1,0,0,0,0,0,1,0,0,0,1
18,60319.7,5000.0,9,13,1,4.09,0.0828916589439271,2024,8,27,1,0,0,1,0,0,0,0,1,0,0,0,0,1,0,0,0,0
34,18643.82,4318.7,9,4,1,3.33,0.2316424423750068,2024,10,27,6,1,0,0,1,0,0,0,0,1,0,0,1,0,0,0,0,0
26,10884.08,1995.56,6,20,1,8.27,0.1833466861691571,2023,5,15,0,0,0,0,0,1,0,0,0,1,0,0,0,0,0,0,1,1
24,14244.75,5000.0,9,1,0,3.86,0.3510065111707822,2024,9,13,4,0,0,0,1,0,0,0,0,1,0,0,1,0,0,0,0,1
32,13493.27,3061.89,3,1,0,4.18,0.2269197903843916,2023,3,18,5,1,0,0,1,0,0,0,0,0,1,0,0,0,1,0,0,0
40,10397.79,2009.99,6,10,2,9.26,0.1933093474671059,2023,2,22,2,0,0,0,0,1,0,0,1,0,0,0,0,0,0,1,0,1
46,17933.52,5000.0,3,0,0,6.82,0.2788075068363601,2023,4,18,1,0,0,0,1,0,1,0,0,0,0,0,0,0,0,0,1,0
38,12492.14,5000.0,9,12,1,4.95,0.4002516782552869,2023,5,3,2,0,0,0,0,1,0,0,1,0,0,0,0,0,1,0,0,0
21,6780.64,3307.64,12,3,0,6.98,0.487806460747068,2024,11,13,2,0,0,0,1,0,1,0,0,0,0,0,0,0,0,0,1,1
42,67553.74,5000.0,3,0,0,6.88,0.0740151470518138,2023,2,7,1,0,0,1,0,0,1,0,0,0,0,0,1,0,0,0,0,0
36,93296.47,5000.0,3,8,1,9.26,0.0535925957327217,2023,6,14,2,0,0,1,0,0,0,1,0,0,0,0,0,0,0,1,0,0
42,5000.0,530.05,6,11,3,4.73,0.10601,2023,1,7,5,1,0,0,1,0,0,0,1,0,0,0,0,1,0,0,0,1
31,25386.17,5000.0,12,11,1,3.68,0.1969576348066683,2023,3,16,3,0,1,0,0,0,0,0,0,0,1,0,1,0,0,0,0,0
45,112523.83,5000.0,12,13,1,5.07,0.0444350321171968,2023,3,26,6,1,0,1,0,0,0,0,1,0,0,0,0,0,0,1,0,0
57,15960.79,4978.61,9,13,3,1.46,0.3119275424336765,2024,12,26,3,0,0,0,0,1,0,0,1,0,0,0,0,0,1,0,0,1
36,17863.9,2617.65,9,1,0,6.0,0.1465329519309893,2024,8,18,6,1,0,0,1,0,0,1,0,0,0,0,0,0,1,0,0,0
24,8977.8,2960.48,12,12,1,6.59,0.3297556194167836,2023,6,30,4,0,0,0,0,1,0,0,0,1,0,0,1,0,0,0,0,0
45,90996.18,5000.0,3,12,1,4.57,0.0549473615266047,2023,2,13,0,0,0,1,0,0,0,0,0,0,1,1,0,0,0,0,0,0
25,55712.06,5000.0,9,5,1,5.04,0.0897471750281716,2024,8,13,1,0,0,1,0,0,0,0,0,1,0,1,0,0,0,0,0,0
47,17577.13,4323.45,6,22,1,3.04,0.2459701896726029,2024,10,2,2,0,0,0,0,1,0,0,1,0,0,0,0,0,0,1,0,1
57,68090.42,5000.0,3,6,1,5.53,0.0734317691093695,2023,6,17,5,1,1,0,0,0,0,0,0,1,0,0,0,1,0,0,0,0
32,86590.68,5000.0,6,12,1,5.1,0.0577429349209406,2024,9,6,4,0,0,1,0,0,0,0,0,1,0,0,1,0,0,0,0,0
49,79206.92,5000.0,9,1,0,3.51,0.0631257975944526,2024,12,22,6,1,1,0,0,0,0,0,0,0,1,0,0,0,1,0,0,0
20,39535.29,5000.0,6,20,2,4.03,0.1264692885773697,2023,1,24,1,0,0,1,0,0,0,0,0,1,0,0,1,0,0,0,0,1
19,47399.65,5000.0,6,2,1,3.24,0.1054860109726548,2023,4,16,6,1,0,1,0,0,1,0,0,0,0,1,0,0,0,0,0,0
32,60697.24,5000.0,12,13,1,4.21,0.0823760684999845,2024,8,5,0,0,0,1,0,0,1,0,0,0,0,0,0,0,1,0,0,0
34,12624.4,5000.0,6,13,2,3.12,0.3960584265390831,2023,2,23,3,0,0,0,1,0,0,1,0,0,0,0,0,1,0,0,0,0
36,5000.0,1709.35,12,0,0,8.47,0.34187,2023,5,9,1,0,0,0,0,1,0,1,0,0,0,0,1,0,0,0,0,0
43,16381.76,1753.34,9,8,2,3.14,0.1070300138690836,2024,10,2,2,0,0,0,1,0,0,0,1,0,0,0,0,0,1,0,0,0
40,40767.7,5000.0,9,14,1,7.84,0.1226461144484481,2024,10,15,1,0,1,0,0,0,0,0,0,0,1,0,0,0,0,1,0,0
19,5888.49,1933.12,9,2,0,9.84,0.3282878972368128,2023,1,13,4,0,0,0,0,1,0,0,0,0,1,1,0,0,0,0,0,0
51,62523.2,5000.0,3,15,1,5.34,0.0799703150190649,2023,5,25,3,0,1,0,0,0,0,0,0,1,0,0,1,0,0,0,0,1
22,33422.43,5000.0,12,4,2,2.27,0.1496001338023596,2024,7,21,6,1,1,0,0,0,0,0,1,0,0,0,0,0,0,1,0,0
41,81237.44,5000.0,9,5,1,4.82,0.061547975908645,2024,7,24,2,0,0,1,0,0,0,1,0,0,0,0,0,0,1,0,0,0
38,8454.37,303.9,9,0,0,4.83,0.035945907264527,2023,5,10,2,0,0,1,0,0,0,0,0,1,0,0,0,0,0,1,0,1
48,25494.15,5000.0,9,9,2,3.79,0.1961234243934392,2024,8,20,1,0,0,1,0,0,1,0,0,0,0,0,0,0,0,0,1,0
57,5000.0,2007.23,9,18,1,5.03,0.401446,2023,4,26,2,0,0,0,0,1,0,0,0,0,1,0,0,0,0,0,1,1
36,59671.72,5000.0,12,11,1,8.94,0.083791786125823,2024,12,28,5,1,1,0,0,0,0,0,1,0,0,0,0,1,0,0,0,0
25,5000.0,1439.82,6,14,1,1.87,0.287964,2024,8,30,4,0,0,0,1,0,0,0,0,0,1,0,0,1,0,0,0,1
27,13640.11,3468.7,3,13,1,1.02,0.2543014682432912,2024,11,29,4,0,0,0,0,1,1,0,0,0,0,0,0,0,0,1,0,1
46,7953.84,2453.22,9,0,1,8.99,0.3084321535258441,2024,11,23,5,1,0,0,0,1,0,0,0,1,0,0,0,1,0,0,0,1
31,16537.9,5000.0,12,2,0,9.19,0.302335846752006,2024,8,8,3,0,0,0,1,0,0,0,1,0,0,0,0,1,0,0,0,0
54,36978.5,5000.0,3,17,2,1.52,0.1352137052611652,2023,1,30,0,0,1,0,0,0,0,0,0,0,1,0,0,0,0,0,1,1
46,55128.49,5000.0,3,0,0,7.42,0.090697205746067,2024,8,15,3,0,0,1,0,0,0,0,0,0,1,0,0,0,0,1,0,0
20,5000.0,1293.83,3,6,1,8.55,0.258766,2023,6,15,3,0,0,0,0,1,0,0,1,0,0,0,0,0,0,0,1,0
38,22946.26,5000.0,6,13,1,6.05,0.2179004334475422,2024,7,24,2,0,0,0,1,0,1,0,0,0,0,0,0,0,0,1,0,0
31,39050.9,5000.0,3,2,0,3.1,0.1280380221710639,2024,8,12,0,0,1,0,0,0,1,0,0,0,0,0,0,0,0,0,1,0
30,5000.0,2118.92,6,14,1,8.11,0.423784,2023,5,31,2,0,0,0,0,1,0,1,0,0,0,0,0,0,0,0,1,0
35,59205.22,5000.0,9,3,0,7.2,0.0844520128461645,2023,6,9,4,0,0,1,0,0,1,0,0,0,0,0,0,0,0,0,1,0
46,5697.75,1802.3,6,0,0,9.12,0.3163178447632837,2023,6,9,4,0,0,0,0,1,0,0,0,0,1,1,0,0,0,0,0,0
28,67380.8,5000.0,9,0,0,5.15,0.0742051148101536,2024,11,4,0,0,0,1,0,0,1,0,0,0,0,1,0,0,0,0,0,0
55,62077.23,5000.0,6,3,0,8.98,0.0805448310113064,2023,4,14,4,0,0,1,0,0,0,0,0,1,0,0,0,0,1,0,0,0
50,12931.72,4071.28,3,10,2,5.95,0.3148289632005642,2023,5,9,1,0,0,0,1,0,0,0,0,1,0,0,0,1,0,0,0,1
57,18091.29,5000.0,3,14,1,6.94,0.2763760903727705,2024,9,25,2,0,0,0,0,1,1,0,0,0,0,0,0,0,0,1,0,1
59,20652.3,5000.0,9,13,1,7.43,0.2421037850505754,2024,7,10,2,0,0,0,1,0,0,0,0,0,1,0,0,0,0,0,1,1
43,15281.47,4712.89,3,18,3,9.18,0.308405539519431,2023,5,27,5,1,0,0,0,1,0,0,0,0,1,0,0,1,0,0,0,1
39,25514.06,5000.0,3,10,1,4.8,0.1959703786853209,2023,5,2,1,0,0,0,1,0,0,1,0,0,0,0,0,0,0,1,0,1
20,41127.55,100.0,6,21,5,3.79,0.0024314601769373,2024,7,2,1,0,1,0,0,0,0,0,0,0,1,0,1,0,0,0,0,1
30,103798.56,5000.0,12,13,2,6.02,0.048170225097535,2023,3,5,6,1,0,1,0,0,0,0,1,0,0,0,0,0,0,1,0,0
43,59881.57,5000.0,12,17,2,2.68,0.0834981447547217,2024,11,2,5,1,1,0,0,0,1,0,0,0,0,1,0,0,0,0,0,1
48,72524.33,5000.0,9,10,2,4.97,0.0689423811292017,2023,4,4,1,0,1,0,0,0,0,0,0,1,0,1,0,0,0,0,0,0
20,23086.99,5000.0,3,1,0,2.62,0.2165721906580286,2023,6,10,5,1,1,0,0,0,1,0,0,0,0,0,1,0,0,0,0,1
43,16528.0,5000.0,6,2,0,5.84,0.3025169409486931,2024,10,9,2,0,0,0,1,0,0,0,0,0,1,0,1,0,0,0,0,1
56,19716.85,439.76,12,1,0,4.4,0.0223037655609288,2024,7,19,4,0,0,0,1,0,0,0,1,0,0,0,0,0,1,0,0,1
22,14847.25,5000.0,6,3,0,9.93,0.3367627001633299,2023,1,25,2,0,0,1,0,0,0,0,1,0,0,0,0,0,0,0,1,0
27,39363.5,5000.0,12,7,1,6.51,0.1270212252467387,2023,1,22,6,1,0,1,0,0,0,0,1,0,0,1,0,0,0,0,0,0
53,15546.39,4105.21,3,9,2,1.44,0.2640619462138799,2024,8,24,5,1,0,0,1,0,1,0,0,0,0,0,0,0,0,1,0,1
22,6939.47,1179.93,9,22,2,4.39,0.1700317171196071,2024,8,4,6,1,0,0,0,1,0,0,0,0,1,0,0,1,0,0,0,0
26,17124.83,5000.0,9,0,0,6.01,0.2919737013447724,2024,10,7,0,0,0,0,1,0,0,0,0,0,1,1,0,0,0,0,0,0
56,95574.09,5000.0,12,3,0,3.13,0.0523154340261047,2024,11,27,2,0,0,1,0,0,0,0,0,1,0,0,0,0,0,0,1,0
20,37231.8,5000.0,9,0,0,1.5,0.1342938026095971,2024,12,15,6,1,0,1,0,0,0,0,1,0,0,0,0,1,0,0,0,1
51,12786.58,4361.1,6,0,0,6.91,0.3410685265332873,2024,8,17,5,1,0,0,0,1,0,0,1,0,0,0,0,0,1,0,0,1
34,56795.88,5000.0,6,17,1,8.43,0.0880345546191026,2023,4,26,2,0,0,1,0,0,1,0,0,0,0,0,1,0,0,0,0,0
33,46513.48,2488.68,9,2,0,2.6,0.05350448945123,2023,5,24,2,0,1,0,0,0,0,1,0,0,0,1,0,0,0,0,0,0
54,70752.49,5000.0,3,17,3,3.74,0.0706688909464529,2024,8,30,4,0,1,0,0,0,0,0,0,0,1,0,1,0,0,0,0,1
20,11162.74,3187.1,6,4,0,5.28,0.2855123383685367,2024,11,5,1,0,0,0,1,0,0,0,0,0,1,0,0,0,0,1,0,1
41,89948.02,5000.0,9,25,3,5.35,0.0555876605177078,2024,8,30,4,0,1,0,0,0,0,0,0,1,0,0,0,1,0,0,0,1
39,5533.28,1979.88,9,10,2,9.05,0.3578130873550589,2023,4,15,5,1,0,0,0,1,0,0,0,0,1,0,0,0,0,1,0,0
55,13211.66,2334.49,3,10,1,9.31,0.1766992187204333,2023,2,27,0,0,0,0,0,1,0,1,0,0,0,0,0,0,0,0,1,1
18,37225.45,5000.0,6,0,0,6.77,0.1343167107449339,2024,10,27,6,1,0,1,0,0,0,0,0,1,0,0,0,0,1,0,0,0
23,37414.25,5000.0,6,1,0,2.51,0.1336389209993518,2023,1,27,4,0,1,0,0,0,0,0,1,0,0,0,0,1,0,0,0,1
26,58434.93,5000.0,9,1,0,7.79,0.0855652603673864,2023,1,26,3,0,0,1,0,0,0,0,0,0,1,1,0,0,0,0,0,0
34,26788.71,5000.0,9,0,0,9.19,0.1866457922012669,2024,8,19,0,0,0,0,1,0,0,0,1,0,0,0,0,0,1,0,0,0
21,5000.0,1444.44,12,3,0,8.33,0.288888,2023,4,29,5,1,0,0,0,1,0,1,0,0,0,0,0,0,0,0,1,0
39,11989.24,5000.0,3,10,1,7.63,0.4170406130830645,2024,12,23,0,0,0,0,0,1,1,0,0,0,0,0,0,1,0,0,0,0
32,9734.52,1916.52,3,10,1,9.6,0.1968787367019637,2024,9,1,6,1,0,0,0,1,0,0,0,0,1,1,0,0,0,0,0,0
28,6648.08,856.15,3,22,2,9.16,0.1287815429417215,2024,8,25,6,1,0,0,0,1,0,0,1,0,0,0,0,1,0,0,0,0
36,58622.46,5000.0,9,11,1,2.43,0.0852915418424951,2023,6,9,4,0,1,0,0,0,0,0,1,0,0,0,0,1,0,0,0,0
35,16268.95,4288.73,6,5,0,8.19,0.2636144311710343,2024,7,29,0,0,0,0,0,1,0,0,0,1,0,0,0,0,1,0,0,0
30,12925.13,2916.5,12,12,1,7.5,0.2256456995016684,2024,11,28,3,0,0,0,1,0,0,0,0,1,0,0,0,0,1,0,0,0
59,73616.11,5000.0,6,3,0,8.55,0.0679199158988433,2023,1,26,3,0,1,0,0,0,0,0,1,0,0,0,0,0,0,0,1,0
43,14490.15,5000.0,12,4,0,1.67,0.345061990386573,2023,2,3,4,0,0,0,1,0,1,0,0,0,0,0,0,0,1,0,0,0
58,11254.55,3537.1,3,11,2,4.24,0.3142817793692329,2023,4,17,0,0,0,0,0,1,0,0,0,0,1,0,0,0,0,1,0,0
46,82408.89,5000.0,12,2,0,3.61,0.0606730657335634,2024,9,29,6,1,0,1,0,0,1,0,0,0,0,0,0,0,1,0,0,0
42,60781.74,5000.0,6,6,2,3.33,0.0822615476292715,2023,6,6,1,0,0,1,0,0,0,1,0,0,0,0,0,0,1,0,0,0
33,5000.0,547.44,12,14,2,7.97,0.109488,2023,4,29,5,1,0,0,0,1,1,0,0,0,0,1,0,0,0,0,0,0
43,19193.34,5000.0,6,13,1,2.51,0.2605070300427127,2023,6,5,0,0,0,0,0,1,0,0,1,0,0,0,0,0,1,0,0,0
47,61644.62,5000.0,12,19,4,8.78,0.0811100790304166,2024,11,2,5,1,1,0,0,0,0,0,1,0,0,0,0,0,0,0,1,1
49,42728.29,3653.87,3,15,1,4.71,0.0855140704203234,2024,8,7,2,0,0,1,0,0,0,0,0,0,1,0,0,0,1,0,0,0
55,27978.04,5000.0,9,19,1,3.83,0.1787115895180648,2023,4,19,2,0,0,0,1,0,0,0,0,0,1,0,0,0,0,0,1,1
53,50288.54,5000.0,3,17,1,8.46,0.0994262311055361,2024,8,2,4,0,1,0,0,0,1,0,0,0,0,1,0,0,0,0,0,1
50,54020.44,5000.0,6,1,0,3.19,0.0925575578429201,2024,8,10,5,1,1,0,0,0,0,1,0,0,0,0,0,0,1,0,0,0
18,32255.03,5000.0,3,13,2,7.01,0.1550145822217496,2023,4,11,1,0,1,0,0,0,0,1,0,0,0,0,1,0,0,0,0,1
53,107363.6,5000.0,12,15,2,3.0,0.0465707185675592,2024,12,8,6,1,1,0,0,0,1,0,0,0,0,1,0,0,0,0,0,0
18,13119.83,3037.09,6,15,1,5.82,0.2314885177628063,2023,3,9,3,0,0,0,0,1,1,0,0,0,0,0,0,0,0,1,0,0
59,20717.44,5000.0,6,3,0,6.33,0.2413425596984955,2024,7,5,4,0,1,0,0,0,0,0,1,0,0,0,0,0,1,0,0,0
27,19463.72,5000.0,12,13,2,2.53,0.2568882002001673,2024,11,17,6,1,0,0,1,0,0,1,0,0,0,0,0,0,0,0,1,1
35,68718.06,5000.0,3,18,2,9.26,0.0727610762003467,2024,9,15,6,1,0,1,0,0,0,1,0,0,0,0,0,0,0,1,0,0
57,68882.47,5000.0,9,1,0,7.31,0.0725874086687077,2023,3,8,2,0,0,1,0,0,0,0,0,1,0,0,0,0,1,0,0,0
19,34913.68,2721.58,6,10,1,3.45,0.0779516796854413,2024,10,13,6,1,1,0,0,0,0,1,0,0,0,0,0,0,1,0,0,1
33,8752.44,147.73,6,13,2,6.61,0.0168787218192869,2023,2,22,2,0,0,0,0,1,1,0,0,0,0,0,1,0,0,0,0,0
31,53318.68,5000.0,3,1,1,9.13,0.0937757648914039,2023,6,14,2,0,0,1,0,0,0,0,0,0,1,0,0,0,0,0,1,0
38,14215.43,5000.0,12,3,0,4.89,0.3517304787825623,2024,11,21,3,0,0,0,0,1,0,0,0,0,1,0,1,0,0,0,0,1
31,61707.0,5000.0,12,8,2,7.84,0.0810280843340301,2024,11,2,5,1,1,0,0,0,0,0,1,0,0,0,0,0,1,0,0,1
28,90559.89,5000.0,3,3,0,7.15,0.0552120811984201,2023,5,20,5,1,0,1,0,0,0,0,0,1,0,0,0,0,0,1,0,0
18,8907.99,2428.3,6,0,0,1.53,0.2725979710349922,2023,6,26,0,0,0,0,1,0,0,0,0,0,1,0,0,1,0,0,0,0
26,14162.92,5000.0,9,14,3,7.82,0.3530345437240343,2023,2,14,1,0,0,0,0,1,0,1,0,0,0,0,0,0,0,1,0,1
42,7931.97,2048.97,12,7,2,7.59,0.2583179210208813,2023,5,10,2,0,0,0,1,0,0,1,0,0,0,1,0,0,0,0,0,1
26,40762.18,5000.0,12,3,0,7.2,0.1226627231418928,2024,10,15,1,0,1,0,0,0,0,0,1,0,0,0,0,1,0,0,0,1
53,65663.36,5000.0,9,15,2,8.26,0.0761459663349545,2024,10,5,5,1,0,1,0,0,0,0,1,0,0,0,0,0,0,1,0,0
20,5000.0,1523.83,12,23,3,1.28,0.304766,2023,2,5,6,1,0,0,0,1,1,0,0,0,0,0,1,0,0,0,0,1
47,21059.74,2962.38,12,6,1,8.9,0.1406655542755988,2023,3,2,3,0,0,0,1,0,0,0,1,0,0,1,0,0,0,0,0,0
45,11746.68,3215.63,12,4,0,3.4,0.2737479866651683,2023,3,4,5,1,0,0,1,0,0,0,1,0,0,0,1,0,0,0,0,1
29,61846.01,5000.0,9,19,2,7.61,0.0808459591815219,2024,9,9,0,0,0,1,0,0,0,0,0,1,0,0,0,0,0,1,0,0
27,75485.91,5000.0,9,11,2,7.64,0.0662375269768888,2024,10,15,1,0,1,0,0,0,0,0,0,1,0,0,0,0,0,0,1,0
33,12848.61,2414.57,9,0,0,3.3,0.1879246081871891,2024,7,22,0,0,0,0,1,0,0,0,1,0,0,0,0,1,0,0,0,0
56,10672.02,1004.81,12,12,1,5.97,0.0941536841197823,2023,5,8,0,0,0,0,0,1,0,0,0,0,1,0,0,0,1,0,0,0
39,11207.59,5000.0,9,0,0,3.54,0.4461262412347346,2023,3,15,2,0,0,0,1,0,0,0,0,1,0,0,0,0,1,0,0,0
48,51254.99,5000.0,3,4,0,9.19,0.0975514774268807,2024,8,17,5,1,1,0,0,0,0,0,0,0,1,0,1,0,0,0,0,0
58,23192.19,5000.0,9,14,1,6.72,0.2155898170892874,2023,6,18,6,1,0,0,1,0,1,0,0,0,0,0,0,1,0,0,0,0
27,9220.7,1944.96,12,2,0,8.55,0.2109340939408071,2024,11,29,4,0,0,0,1,0,0,0,0,0,1,0,0,1,0,0,0,0
36,65192.77,5000.0,6,1,0,6.89,0.0766956213089273,2023,2,23,3,0,1,0,0,0,0,0,0,0,1,0,0,0,0,1,0,0
28,5853.61,1780.52,9,0,0,5.84,0.3041746887817945,2024,7,5,4,0,0,0,0,1,0,0,0,1,0,0,0,0,0,1,0,0
43,61817.48,5000.0,6,8,1,5.61,0.0808832712041966,2024,12,13,4,0,0,1,0,0,0,0,0,1,0,0,0,0,0,0,1,0
46,43128.1,5000.0,12,1,3,2.07,0.1159336952010406,2023,1,27,4,0,1,0,0,0,0,0,1,0,0,0,1,0,0,0,0,1
31,51723.38,5000.0,3,13,1,7.94,0.0966680831763121,2023,3,18,5,1,1,0,0,0,1,0,0,0,0,1,0,0,0,0,0,1
45,10161.14,2054.18,3,5,0,9.83,0.202160387515574,2024,9,25,2,0,0,0,0,1,1,0,0,0,0,0,0,0,0,0,1,1
35,7683.6,2288.99,9,14,2,3.08,0.2979059295122078,2023,2,10,4,0,0,0,1,0,0,0,1,0,0,0,0,1,0,0,0,0
23,8528.87,3053.19,6,14,3,7.51,0.357982944985678,2024,12,17,1,0,0,0,1,0,0,0,1,0,0,0,1,0,0,0,0,1
54,21591.23,4249.98,6,5,0,5.71,0.1968382533093297,2024,8,8,3,0,0,1,0,0,0,0,1,0,0,0,0,1,0,0,0,0
58,98661.41,5000.0,12,11,2,6.01,0.0506783756688658,2024,11,14,3,0,0,1,0,0,0,0,0,1,0,0,0,0,1,0,0,0
48,51345.34,5000.0,6,0,0,4.32,0.0973798206419511,2023,4,8,5,1,1,0,0,0,0,0,1,0,0,0,0,1,0,0,0,0
31,15155.57,1724.51,9,3,0,3.39,0.1137872082673235,2024,12,4,2,0,1,0,0,0,0,0,0,1,0,0,0,0,0,0,1,0
55,52198.28,5000.0,3,0,0,3.22,0.0957885968656438,2023,6,13,1,0,1,0,0,0,0,0,0,1,0,0,0,0,0,0,1,1
44,13209.3,2205.02,6,6,1,3.05,0.1669293603748874,2024,8,23,4,0,0,0,0,1,0,0,0,0,1,0,1,0,0,0,0,1
54,75439.16,5000.0,12,1,0,1.69,0.0662785746819026,2023,3,28,1,0,0,1,0,0,1,0,0,0,0,0,0,0,0,1,0,0
46,68519.54,5000.0,6,4,0,4.61,0.072971885100221,2023,1,17,1,0,1,0,0,0,1,0,0,0,0,0,0,0,0,0,1,0
38,8567.06,972.38,6,3,0,8.56,0.1135021816118948,2024,7,14,6,1,0,0,0,1,0,0,0,1,0,0,0,1,0,0,0,0
54,49215.1,5000.0,12,21,1,6.39,0.1015948357313101,2024,7,7,6,1,0,1,0,0,0,0,0,0,1,0,0,0,1,0,0,1
33,93748.77,5000.0,6,5,0,1.73,0.0533340330758472,2023,5,9,1,0,0,1,0,0,0,0,0,1,0,0,0,0,0,1,0,0
33,16703.08,5000.0,6,11,1,1.01,0.2993459888834873,2024,9,5,3,0,0,0,0,1,1,0,0,0,0,0,0,0,1,0,0,0
43,61860.88,5000.0,3,16,3,7.05,0.0808265255845051,2023,6,2,4,0,1,0,0,0,0,0,0,1,0,1,0,0,0,0,0,1
56,10516.75,4248.89,9,2,2,3.76,0.4040116956284023,2023,3,17,4,0,0,0,0,1,0,0,0,1,0,0,0,0,0,0,1,0
40,14141.79,4816.76,12,6,1,2.16,0.3406046900710588,2024,11,30,5,1,0,0,0,1,0,0,0,1,0,1,0,0,0,0,0,1
55,9659.95,4470.14,3,8,1,7.66,0.462749807193619,2023,4,11,1,0,0,0,1,0,0,0,0,0,1,0,1,0,0,0,0,1
41,20283.57,5000.0,9,16,1,8.21,0.2465049298520921,2024,12,12,3,0,1,0,0,0,0,1,0,0,0,1,0,0,0,0,0,0
58,56152.3,5000.0,6,18,1,4.81,0.0890435476374075,2023,5,17,2,0,0,1,0,0,0,0,0,0,1,0,0,0,1,0,0,1
45,5000.0,1606.53,12,18,1,1.7,0.321306,2024,7,27,5,1,0,0,0,1,1,0,0,0,0,1,0,0,0,0,0,1
35,45715.93,5000.0,9,0,0,7.78,0.1093710660594676,2024,12,9,0,0,1,0,0,0,0,0,0,1,0,0,0,1,0,0,0,1
46,53489.72,5000.0,12,1,0,2.18,0.0934759052767522,2023,2,23,3,0,0,1,0,0,0,0,1,0,0,0,1,0,0,0,0,1
53,14814.13,4859.3,9,0,0,5.82,0.3280179126280113,2024,8,2,4,0,0,0,1,0,0,0,0,1,0,0,0,0,0,1,0,0
45,16293.86,3760.46,6,10,1,7.23,0.2307900031054642,2024,12,1,6,1,0,0,0,1,0,0,1,0,0,1,0,0,0,0,0,0
37,8080.16,2909.86,12,19,1,4.48,0.3601240569493674,2023,4,21,4,0,0,0,1,0,1,0,0,0,0,0,0,0,0,0,1,1
55,20532.09,3637.89,9,20,1,4.46,0.1771806961687777,2024,10,7,0,0,0,0,1,0,0,1,0,0,0,1,0,0,0,0,0,1
41,11855.45,3574.46,9,9,1,3.67,0.3015035279133225,2024,11,12,1,0,0,0,0,1,0,0,0,0,1,1,0,0,0,0,0,0
59,24439.0,5000.0,3,13,1,1.73,0.2045910225459306,2024,11,15,4,0,0,0,1,0,0,0,1,0,0,1,0,0,0,0,0,0
24,9426.07,3279.14,9,10,2,4.73,0.3478798693410934,2023,6,14,2,0,0,0,1,0,0,0,0,1,0,0,0,1,0,0,0,1
36,64145.45,5000.0,9,7,1,9.0,0.0779478513285042,2023,1,7,5,1,0,1,0,0,0,0,0,1,0,1,0,0,0,0,0,0
40,62251.47,5000.0,9,13,1,4.69,0.0803193884417508,2023,6,11,6,1,0,1,0,0,0,1,0,0,0,0,0,1,0,0,0,0
38,61994.17,5000.0,3,0,1,5.77,0.0806527452500775,2023,3,10,4,0,1,0,0,0,0,0,0,1,0,0,0,0,0,0,1,0
42,12758.36,4400.32,6,15,2,5.27,0.3448969930304521,2024,10,11,4,0,0,0,0,1,0,1,0,0,0,0,1,0,0,0,0,0
26,7022.52,3193.57,9,0,0,6.82,0.454761253794934,2023,4,3,0,0,0,0,0,1,1,0,0,0,0,0,0,0,0,1,0,0
57,73243.55,5000.0,12,1,0,2.94,0.068265396748246,2023,2,14,1,0,0,1,0,0,0,0,1,0,0,0,0,0,0,0,1,0
31,16314.0,4031.64,6,12,1,9.82,0.2471276204486943,2023,2,23,3,0,0,0,1,0,0,0,0,0,1,0,0,0,0,1,0,0
52,23253.03,5000.0,9,3,1,9.72,0.2150257407314229,2024,11,12,1,0,0,0,1,0,0,0,0,1,0,0,1,0,0,0,0,0
29,12482.25,3267.33,12,14,2,4.74,0.2617580964970257,2024,8,19,0,0,0,0,0,1,0,0,0,1,0,0,0,0,1,0,0,1
55,15680.78,5000.0,3,12,1,6.49,0.3188616892782119,2024,9,19,3,0,0,0,1,0,0,0,1,0,0,0,0,1,0,0,0,0
38,96561.26,5000.0,9,15,2,8.19,0.0517806002117205,2023,5,1,0,0,0,1,0,0,0,0,1,0,0,0,0,0,0,0,1,0
22,52671.93,5000.0,12,16,2,9.38,0.0949272221465968,2024,8,15,3,0,0,1,0,0,1,0,0,0,0,0,0,1,0,0,0,1
18,7117.52,964.72,9,2,0,8.4,0.1355415931391833,2024,7,10,2,0,0,0,1,0,0,1,0,0,0,1,0,0,0,0,0,1
35,71544.96,5000.0,9,1,0,1.95,0.0698861247528826,2024,12,6,4,0,0,1,0,0,0,0,0,0,1,0,1,0,0,0,0,0
59,84618.04,5000.0,9,10,1,7.31,0.0590890547689358,2023,5,13,5,1,1,0,0,0,0,0,0,0,1,0,0,0,0,1,0,0
37,14753.49,4130.26,9,4,0,3.14,0.2799513877733336,2023,4,7,4,0,0,0,1,0,1,0,0,0,0,0,1,0,0,0,0,0
23,44951.49,5000.0,6,0,0,8.1,0.1112310181486753,2023,5,22,0,0,0,1,0,0,0,0,0,1,0,1,0,0,0,0,0,0
57,12172.21,4553.61,3,3,0,2.51,0.3740988694739903,2024,10,17,3,0,0,0,0,1,0,0,1,0,0,0,1,0,0,0,0,0
43,8525.72,3226.95,6,8,3,2.53,0.3784958924290265,2023,3,3,4,0,0,0,1,0,0,1,0,0,0,0,0,1,0,0,0,1
43,22451.65,637.3,12,10,1,1.72,0.0283854416045145,2024,10,2,2,0,0,0,1,0,1,0,0,0,0,0,1,0,0,0,0,1
49,58125.05,5000.0,6,11,1,4.07,0.0860214313794138,2023,5,19,4,0,0,1,0,0,0,1,0,0,0,0,0,1,0,0,0,1
54,85716.5,5000.0,9,2,0,3.19,0.0583318264278172,2023,2,27,0,0,1,0,0,0,0,1,0,0,0,0,1,0,0,0,0,0
21,5989.56,1148.38,12,7,1,8.77,0.1917302773492543,2024,9,2,0,0,0,0,0,1,0,0,0,1,0,1,0,0,0,0,0,1
44,30829.45,2938.99,12,20,3,6.82,0.0953306010973273,2024,7,10,2,0,0,0,1,0,0,1,0,0,0,0,0,0,1,0,0,1
31,61326.79,5000.0,6,5,1,5.16,0.0815304371874021,2024,7,16,1,0,0,1,0,0,1,0,0,0,0,0,0,0,1,0,0,0
45,14411.95,4612.6,3,17,1,1.74,0.3200538442056765,2023,6,7,2,0,0,0,1,0,0,0,0,0,1,0,0,0,0,1,0,1
40,19389.54,5000.0,12,13,1,4.98,0.257870996423845,2024,7,6,5,1,0,0,1,0,0,1,0,0,0,0,0,0,0,0,1,1
28,47352.58,5000.0,12,2,0,3.53,0.1055908674881073,2024,9,2,0,0,1,0,0,0,0,0,0,0,1,1,0,0,0,0,0,0
52,8587.66,3693.62,3,16,1,7.06,0.4301078524301148,2023,2,16,3,0,0,0,0,1,0,0,0,0,1,0,0,0,0,0,1,1
18,14242.01,4416.39,6,9,1,6.46,0.3100959766212774,2024,12,4,2,0,0,0,1,0,0,0,0,1,0,0,1,0,0,0,0,0
41,30638.82,5000.0,12,9,3,5.26,0.1631916633865142,2023,5,28,6,1,1,0,0,0,0,0,0,0,1,0,0,0,0,0,1,0
48,75892.56,5000.0,12,14,2,7.38,0.0658826108909753,2024,7,22,0,0,1,0,0,0,0,0,0,0,1,1,0,0,0,0,0,0
49,5163.16,1197.3,6,0,0,8.96,0.2318928718071878,2023,4,16,6,1,0,0,0,1,0,1,0,0,0,0,0,0,0,1,0,1
55,72153.36,5000.0,12,3,0,9.61,0.069296842170621,2023,1,13,4,0,1,0,0,0,0,1,0,0,0,0,0,1,0,0,0,0
39,71455.2,5000.0,3,12,1,8.56,0.0699739137249633,2024,12,15,6,1,1,0,0,0,0,0,0,0,1,0,0,0,1,0,0,0
26,57857.36,5000.0,3,20,2,1.06,0.0864194287468353,2024,9,5,3,0,1,0,0,0,1,0,0,0,0,0,0,0,1,0,0,1
39,50001.33,5000.0,9,5,0,3.06,0.0999973400707541,2023,6,2,4,0,1,0,0,0,1,0,0,0,0,0,0,0,0,1,0,0
51,18255.73,5000.0,6,0,0,9.57,0.2738866098479765,2024,9,6,4,0,0,0,0,1,0,0,0,1,0,0,0,0,0,1,0,0
21,18216.11,5000.0,9,9,1,8.87,0.2744823126342561,2024,8,22,3,0,0,1,0,0,0,1,0,0,0,0,0,0,0,1,0,0
22,33873.41,5000.0,3,0,0,3.47,0.1476084043501968,2024,9,10,1,0,1,0,0,0,0,0,0,0,1,0,1,0,0,0,0,1
24,5000.0,2008.82,3,1,0,5.23,0.401764,2024,10,25,4,0,0,0,0,1,0,1,0,0,0,0,1,0,0,0,0,0
47,25883.91,5000.0,9,17,4,4.72,0.1931701972383616,2024,8,14,2,0,0,0,1,0,1,0,0,0,0,1,0,0,0,0,0,1
58,68999.96,5000.0,6,0,2,2.67,0.0724638101239479,2024,11,26,1,0,1,0,0,0,0,0,0,0,1,0,1,0,0,0,0,0
19,12002.81,2752.85,3,2,0,3.49,0.2293504604338484,2024,7,20,5,1,0,0,1,0,0,0,0,1,0,0,0,0,0,0,1,0
52,14639.35,3205.9,3,8,3,9.57,0.2189919634409997,2024,7,18,3,0,0,0,1,0,0,0,0,1,0,0,1,0,0,0,0,0
57,27509.48,5000.0,12,2,0,2.57,0.1817555257314932,2024,10,7,0,0,1,0,0,0,0,0,1,0,0,0,0,0,1,0,0,0
58,77164.87,5000.0,6,14,2,5.27,0.0647963250634647,2023,4,21,4,0,0,1,0,0,0,0,0,0,1,0,0,0,0,0,1,0
31,70979.69,5000.0,6,12,2,3.51,0.0704426857880049,2023,6,16,4,0,0,1,0,0,0,0,1,0,0,0,0,0,1,0,0,1
46,63176.13,5000.0,12,15,1,8.61,0.07914381586843,2024,10,19,5,1,1,0,0,0,0,0,0,0,1,1,0,0,0,0,0,0
47,18897.3,2639.62,6,1,0,5.44,0.1396823884893609,2024,8,13,1,0,0,0,1,0,0,0,0,1,0,0,0,0,0,1,0,0
59,13243.82,3432.2,6,15,2,3.4,0.2591548359914284,2023,4,14,4,0,0,0,1,0,0,0,1,0,0,0,0,0,1,0,0,0
28,85571.75,5000.0,9,0,0,5.54,0.0584304983829359,2023,1,9,0,0,0,1,0,0,1,0,0,0,0,0,0,0,1,0,0,0
25,107459.2,5000.0,6,5,1,1.45,0.0465292873946577,2023,3,7,1,0,0,1,0,0,0,1,0,0,0,0,0,0,0,0,1,0
21,13515.84,2340.49,9,17,3,3.63,0.1731664476643701,2023,3,29,2,0,0,0,0,1,0,0,0,1,0,0,0,0,0,0,1,1
23,32454.76,5000.0,6,2,0,6.93,0.1540606062099981,2024,10,24,3,0,1,0,0,0,0,0,0,1,0,0,0,0,0,0,1,1
22,7994.82,3792.24,3,0,0,8.69,0.4743371332938077,2023,5,6,5,1,0,0,0,1,0,0,0,0,1,0,0,0,1,0,0,0
30,44905.25,5000.0,12,2,0,9.38,0.1113455553637937,2024,11,9,5,1,0,1,0,0,1,0,0,0,0,0,0,0,0,0,1,1
52,20937.14,4202.62,9,1,0,7.51,0.2007256005356987,2024,8,5,0,0,0,0,1,0,0,0,1,0,0,0,0,0,0,1,0,1
46,18135.74,5000.0,9,3,0,1.94,0.2756987032235795,2024,11,10,6,1,0,0,1,0,0,1,0,0,0,0,1,0,0,0,0,0
41,17260.51,5000.0,12,1,0,1.05,0.2896785784429313,2024,7,26,4,0,0,0,1,0,0,1,0,0,0,1,0,0,0,0,0,1
46,14383.69,5000.0,12,14,2,4.05,0.3476159455605619,2024,12,11,2,0,0,0,0,1,0,0,1,0,0,0,0,0,0,1,0,0
35,17750.98,4748.98,12,0,0,7.65,0.2675333981560454,2023,2,4,5,1,0,0,0,1,0,0,0,1,0,0,0,0,0,0,1,0
55,12326.02,1866.8,3,1,0,6.76,0.151451969086534,2024,11,9,5,1,0,0,0,1,0,0,0,1,0,0,0,1,0,0,0,1
55,48406.76,5000.0,6,18,3,8.2,0.1032913584796834,2024,12,12,3,0,0,1,0,0,0,0,0,1,0,0,0,0,0,0,1,1
52,95099.22,5000.0,12,3,0,1.12,0.0525766667697169,2024,10,2,2,0,1,0,0,0,0,0,1,0,0,0,0,0,0,1,0,0
24,43181.56,5000.0,9,1,0,4.28,0.1157901659875187,2023,6,29,3,0,0,1,0,0,0,0,1,0,0,0,0,0,0,0,1,1
48,5000.0,303.32,9,11,1,9.77,0.0606639999999999,2024,10,10,3,0,0,0,0,1,0,0,0,0,1,0,0,1,0,0,0,0
18,9856.14,954.89,12,2,1,4.54,0.0968827553180048,2024,9,7,5,1,0,0,0,1,0,0,0,0,1,0,0,0,1,0,0,1
21,41084.55,4762.18,3,3,0,5.14,0.1159116991667183,2024,7,14,6,1,1,0,0,0,0,0,0,1,0,0,0,0,0,0,1,1
43,16460.56,1011.97,12,10,2,8.44,0.0614784673182443,2023,5,25,3,0,0,0,1,0,1,0,0,0,0,0,1,0,0,0,0,1
46,95993.25,5000.0,9,19,1,7.63,0.0520869957002185,2023,1,3,1,0,0,1,0,0,0,0,0,0,1,1,0,0,0,0,0,0
34,108342.94,5000.0,12,13,1,8.38,0.0461497537356841,2023,5,13,5,1,0,1,0,0,0,0,0,0,1,0,0,0,0,1,0,0
26,10653.84,927.25,6,1,0,7.0,0.0870343463014274,2024,9,22,6,1,0,0,1,0,0,0,0,0,1,0,0,0,0,1,0,0
49,15564.7,4933.76,12,7,1,8.45,0.3169839444383766,2023,3,10,4,0,0,0,0,1,0,0,0,0,1,0,1,0,0,0,0,1
42,6781.04,2543.67,9,9,1,5.95,0.3751150266035888,2023,1,14,5,1,0,0,0,1,0,0,1,0,0,0,0,0,1,0,0,0
54,13404.51,5000.0,3,1,0,7.16,0.3730087858489418,2024,8,17,5,1,0,0,0,1,0,0,0,1,0,1,0,0,0,0,0,0
30,75104.74,5000.0,12,8,1,1.88,0.0665736942834766,2024,11,14,3,0,0,1,0,0,1,0,0,0,0,0,1,0,0,0,0,0
53,12530.9,4444.05,12,3,0,4.82,0.3546473118451189,2024,8,10,5,1,0,0,1,0,0,0,1,0,0,0,1,0,0,0,0,1
53,87711.41,5000.0,3,1,0,1.19,0.0570051262429825,2023,2,27,0,0,0,1,0,0,0,0,0,0,1,0,0,1,0,0,0,0
56,15151.68,100.0,3,2,0,4.99,0.0065999281927812,2024,10,22,1,0,0,0,0,1,0,0,0,0,1,0,0,0,1,0,0,0
52,12594.76,2912.03,3,10,1,3.14,0.2312096459162382,2024,9,2,0,0,0,0,0,1,0,1,0,0,0,0,0,0,0,1,0,0
57,27021.37,5000.0,12,4,4,9.73,0.1850387304566718,2024,12,22,6,1,0,0,1,0,0,0,1,0,0,0,0,0,0,0,1,1
30,70135.17,5000.0,12,1,2,3.91,0.0712909086839028,2023,5,12,4,0,0,1,0,0,0,0,1,0,0,0,0,0,0,1,0,0
51,110262.54,5000.0,6,2,0,9.88,0.0453463161650366,2024,12,11,2,0,0,1,0,0,1,0,0,0,0,0,0,0,1,0,0,0
49,27438.43,5000.0,9,0,0,2.62,0.1822261696460038,2024,11,6,2,0,1,0,0,0,0,0,0,1,0,0,0,0,1,0,0,0
29,15807.33,5000.0,12,0,0,3.67,0.3163089528718639,2024,12,18,2,0,0,0,0,1,0,0,0,0,1,0,0,0,0,1,0,0
37,5865.06,1640.93,6,3,1,7.78,0.2797805990049548,2023,3,11,5,1,0,0,0,1,0,1,0,0,0,0,0,1,0,0,0,1
40,61333.32,5000.0,3,18,2,2.48,0.0815217568525558,2024,7,21,6,1,0,1,0,0,0,0,1,0,0,0,0,0,0,0,1,1
59,75448.67,5000.0,12,0,0,8.58,0.0662702205353653,2024,9,8,6,1,0,1,0,0,0,0,0,0,1,0,0,1,0,0,0,0
26,21091.29,2995.24,12,9,1,5.94,0.1420131248491676,2024,8,11,6,1,0,0,1,0,0,0,1,0,0,0,1,0,0,0,0,0
41,76844.29,100.0,6,21,3,8.34,0.0013013328641594,2024,12,31,1,0,0,1,0,0,0,0,0,0,1,1,0,0,0,0,0,1
21,11593.12,5000.0,12,3,0,4.95,0.4312902825123866,2024,11,11,0,0,0,0,1,0,0,1,0,0,0,0,0,1,0,0,0,1
50,50463.82,5000.0,3,25,2,3.41,0.0990808860684744,2024,8,28,2,0,1,0,0,0,0,0,1,0,0,0,0,0,0,0,1,1
59,15371.67,2224.95,12,2,0,7.54,0.144743544455482,2023,4,27,3,0,0,0,0,1,1,0,0,0,0,0,1,0,0,0,0,0
22,29570.35,5000.0,6,8,2,6.2,0.169088292833869,2024,11,2,5,1,1,0,0,0,0,0,1,0,0,0,1,0,0,0,0,0
41,50466.14,3750.49,9,18,1,8.92,0.0743169578652141,2024,12,1,6,1,0,1,0,0,0,1,0,0,0,0,1,0,0,0,0,0
30,64234.27,5000.0,12,1,0,5.93,0.0778400688604385,2024,10,2,2,0,1,0,0,0,1,0,0,0,0,0,0,0,0,1,0,0
34,5000.0,428.09,12,12,1,5.0,0.085618,2023,6,8,3,0,0,0,1,0,0,0,0,1,0,0,0,0,0,0,1,0
38,40305.52,5000.0,12,16,2,9.78,0.1240524871035034,2024,10,7,0,0,1,0,0,0,0,0,0,0,1,0,0,0,0,1,0,1
18,6409.03,3521.47,12,2,0,9.35,0.5494544416237714,2024,8,31,5,1,0,0,1,0,0,0,1,0,0,0,1,0,0,0,0,0
21,8808.75,2127.27,12,19,2,1.43,0.241495104299702,2023,6,4,6,1,0,0,1,0,0,0,1,0,0,1,0,0,0,0,0,1
48,90079.42,5000.0,12,19,1,9.96,0.0555065740876217,2023,6,23,4,0,0,1,0,0,0,1,0,0,0,0,1,0,0,0,0,0
24,9026.28,5000.0,3,7,2,9.13,0.5539380564307776,2023,5,23,1,0,0,0,1,0,1,0,0,0,0,0,1,0,0,0,0,1
51,80875.5,5000.0,3,8,1,7.35,0.0618234199479446,2024,10,17,3,0,1,0,0,0,0,1,0,0,0,0,0,0,0,1,0,0
57,6061.15,3519.16,6,3,0,4.28,0.5806092903161941,2024,9,5,3,0,0,0,1,0,0,0,0,1,0,0,0,1,0,0,0,0
44,77557.1,5000.0,6,0,0,9.33,0.0644686302092264,2023,3,27,0,0,1,0,0,0,0,1,0,0,0,0,1,0,0,0,0,0
36,20993.33,5000.0,9,2,0,7.21,0.2381708857051263,2023,6,28,2,0,0,0,1,0,0,0,0,1,0,0,0,0,1,0,0,0
46,10227.29,5000.0,6,2,0,6.71,0.488888063211271,2023,4,11,1,0,0,0,0,1,0,0,1,0,0,0,0,0,0,0,1,0
58,10768.37,5000.0,12,20,1,7.5,0.4643228269459537,2023,4,1,5,1,0,0,1,0,0,0,0,1,0,0,0,1,0,0,0,1
41,54501.66,368.67,3,2,0,1.95,0.0067643811216025,2024,9,23,0,0,1,0,0,0,0,1,0,0,0,0,0,1,0,0,0,0
47,43211.26,5000.0,9,9,2,3.22,0.115710580992084,2024,11,7,3,0,0,1,0,0,0,0,0,1,0,0,0,0,1,0,0,0
18,41696.1,5000.0,3,2,0,7.62,0.1199152918378457,2023,4,7,4,0,1,0,0,0,0,0,0,1,0,0,1,0,0,0,0,1
26,47378.97,5000.0,6,16,2,9.76,0.1055320535672261,2023,3,29,2,0,1,0,0,0,0,1,0,0,0,0,0,0,0,0,1,1
59,73155.28,5000.0,6,13,1,7.84,0.0683477665590235,2024,8,1,3,0,1,0,0,0,0,1,0,0,0,0,1,0,0,0,0,0
42,68516.23,5000.0,9,10,1,6.54,0.0729754103516787,2023,6,26,0,0,1,0,0,0,0,0,1,0,0,0,0,1,0,0,0,0
37,45673.24,5000.0,9,1,0,6.18,0.1094732933332515,2024,7,10,2,0,0,1,0,0,0,0,0,1,0,0,1,0,0,0,0,1
50,12053.96,5000.0,9,23,2,1.31,0.4148014428453388,2023,5,11,3,0,0,0,1,0,0,0,0,1,0,0,0,0,1,0,0,1
25,52160.12,5000.0,12,0,0,2.42,0.0958586751717595,2023,2,26,6,1,1,0,0,0,1,0,0,0,0,0,0,0,0,0,1,0
45,107063.16,5000.0,9,5,0,7.51,0.0467014050397914,2024,12,17,1,0,0,1,0,0,1,0,0,0,0,0,0,0,0,1,0,0
54,17843.61,5000.0,3,2,0,8.88,0.280212356131971,2023,1,4,2,0,0,0,1,0,0,0,1,0,0,0,1,0,0,0,0,0
49,83161.91,5000.0,9,15,2,7.43,0.0601236792180458,2024,8,30,4,0,0,1,0,0,1,0,0,0,0,0,1,0,0,0,0,0
38,67484.21,5000.0,3,10,2,2.86,0.0740914059748198,2024,8,10,5,1,0,1,0,0,1,0,0,0,0,0,0,0,0,1,0,0
50,33319.83,5000.0,9,14,1,2.39,0.1500607896258774,2024,10,13,6,1,1,0,0,0,0,0,0,0,1,0,0,1,0,0,0,0
53,46593.5,5000.0,3,11,1,5.12,0.1073111056263212,2024,7,30,1,0,1,0,0,0,0,1,0,0,0,0,0,0,1,0,0,1
47,21483.13,5000.0,6,27,2,2.09,0.2327407598427231,2024,11,11,0,0,0,0,1,0,0,1,0,0,0,1,0,0,0,0,0,1
40,37648.37,5000.0,9,10,1,1.89,0.1328078745507441,2024,12,19,3,0,1,0,0,0,0,0,0,1,0,0,0,1,0,0,0,0
57,5303.55,1997.22,12,0,0,1.91,0.3765817235625194,2023,4,21,4,0,0,0,0,1,1,0,0,0,0,0,0,1,0,0,0,0
19,6419.2,940.71,6,8,1,7.75,0.1465462986041874,2023,6,9,4,0,0,0,0,1,0,1,0,0,0,0,0,0,1,0,0,1
32,12836.16,2176.39,12,18,2,7.89,0.1695514858026076,2024,8,25,6,1,0,0,1,0,0,0,0,1,0,0,1,0,0,0,0,1
42,89838.99,5000.0,6,2,0,2.42,0.0556551225698329,2023,6,10,5,1,0,1,0,0,1,0,0,0,0,0,1,0,0,0,0,0
59,75589.26,5000.0,9,0,0,3.82,0.0661469632061486,2023,4,16,6,1,0,1,0,0,1,0,0,0,0,0,0,0,0,0,1,0
41,80363.15,5000.0,12,18,1,4.51,0.0622175711131283,2024,7,23,1,0,1,0,0,0,0,0,0,1,0,0,0,0,1,0,0,1
57,85956.86,5000.0,9,1,0,6.13,0.0581687139339431,2024,9,29,6,1,0,1,0,0,0,1,0,0,0,0,0,1,0,0,0,0
50,71651.14,5000.0,6,9,1,5.09,0.0697825603333038,2023,2,13,0,0,0,1,0,0,0,0,1,0,0,0,0,0,0,0,1,0
19,7717.17,3054.37,12,4,0,9.97,0.3957888707907173,2023,5,21,6,1,0,0,0,1,0,0,1,0,0,0,1,0,0,0,0,0
49,57658.73,5000.0,6,0,0,2.9,0.0867171371967436,2023,4,5,2,0,1,0,0,0,1,0,0,0,0,0,1,0,0,0,0,0
42,13818.84,2783.48,3,11,2,3.11,0.2014264583713249,2023,6,29,3,0,0,0,0,1,0,0,1,0,0,0,0,0,0,0,1,0
32,84653.4,5000.0,6,17,1,7.72,0.0590643730789312,2023,1,22,6,1,0,1,0,0,0,0,1,0,0,0,0,0,0,0,1,0
30,6527.48,100.0,9,21,1,7.74,0.0153198477819924,2023,6,15,3,0,0,0,0,1,1,0,0,0,0,0,0,0,1,0,0,1
24,9140.45,2675.95,12,0,0,6.47,0.292759109234228,2023,3,5,6,1,0,0,1,0,0,0,0,1,0,0,0,0,0,0,1,0
55,101802.83,5000.0,12,0,0,4.06,0.0491145481908508,2023,1,16,0,0,0,1,0,0,0,0,0,0,1,0,0,0,1,0,0,0
20,45980.98,5000.0,3,12,2,6.77,0.1087406140538979,2023,2,5,6,1,0,1,0,0,0,0,0,1,0,0,0,1,0,0,0,1
53,11886.06,5000.0,6,0,0,9.46,0.4206608413553356,2023,2,1,2,0,0,0,1,0,1,0,0,0,0,0,0,1,0,0,0,0
38,54815.53,5000.0,9,12,1,2.78,0.0912150261066526,2023,1,31,1,0,1,0,0,0,0,0,1,0,0,0,0,1,0,0,0,0
47,103809.5,5000.0,9,12,2,3.97,0.0481651486617313,2023,6,14,2,0,1,0,0,0,0,0,1,0,0,0,0,0,1,0,0,0
59,6961.8,3197.13,3,15,1,8.68,0.4592389899164009,2023,6,22,3,0,0,0,1,0,0,0,1,0,0,1,0,0,0,0,0,1
30,14661.49,5000.0,12,1,0,5.39,0.3410294588067106,2024,12,8,6,1,0,0,0,1,0,0,0,1,0,0,0,0,0,0,1,1
25,15800.35,1707.08,3,1,0,9.96,0.1080406446692636,2024,10,20,6,1,0,0,1,0,0,0,0,0,1,0,0,1,0,0,0,0
31,60925.78,100.0,12,9,2,1.94,0.0016413413172551,2024,9,5,3,0,0,1,0,0,1,0,0,0,0,0,1,0,0,0,0,0
28,75591.33,5000.0,12,7,1,4.41,0.0661451518315658,2024,11,25,0,0,0,1,0,0,1,0,0,0,0,0,1,0,0,0,0,0
57,87299.05,5000.0,12,17,1,8.3,0.0572743918748256,2024,10,12,5,1,0,1,0,0,0,1,0,0,0,0,1,0,0,0,0,0
37,7902.57,3433.26,6,1,0,3.14,0.4344485401584548,2023,1,30,0,0,0,0,0,1,0,0,1,0,0,0,0,0,1,0,0,0
52,11434.85,2849.12,6,8,1,7.56,0.2491611171112869,2024,9,3,1,0,0,0,0,1,1,0,0,0,0,0,0,0,1,0,0,0
48,11522.8,5000.0,9,0,0,1.91,0.4339223105495192,2023,4,22,5,1,0,0,1,0,0,0,1,0,0,1,0,0,0,0,0,0
22,39777.97,5000.0,12,5,2,9.97,0.1256977166004197,2024,7,21,6,1,1,0,0,0,0,1,0,0,0,0,0,0,0,0,1,1
46,32650.23,5000.0,12,2,0,9.71,0.1531382780458208,2023,3,31,4,0,1,0,0,0,0,0,0,1,0,0,0,0,0,1,0,1
52,8622.62,3341.87,9,14,1,3.53,0.3875701352953046,2024,11,27,2,0,0,0,0,1,1,0,0,0,0,0,0,1,0,0,0,0
49,10490.86,974.28,3,3,0,2.21,0.0928694120405762,2024,11,9,5,1,0,0,1,0,0,1,0,0,0,0,0,0,0,1,0,0
32,9749.63,1310.95,12,12,1,7.46,0.1344615128984382,2023,3,29,2,0,0,0,0,1,0,0,1,0,0,1,0,0,0,0,0,0
32,6625.82,3383.53,12,6,1,8.37,0.5106583034250856,2023,3,28,1,0,1,0,0,0,0,0,1,0,0,1,0,0,0,0,0,1
59,70880.58,5000.0,9,22,3,2.18,0.0705411834948303,2024,7,8,0,0,1,0,0,0,0,0,1,0,0,1,0,0,0,0,0,1
30,50228.74,5000.0,3,3,1,4.32,0.0995446033486008,2024,9,30,0,0,0,1,0,0,0,0,0,1,0,0,0,0,1,0,0,0
44,25162.5,5000.0,6,18,2,2.4,0.1987083954297069,2024,8,1,3,0,0,0,1,0,0,1,0,0,0,0,0,0,1,0,0,1
49,10396.18,810.4,3,1,0,3.25,0.0779517091854892,2024,7,31,2,0,0,0,1,0,0,1,0,0,0,0,0,1,0,0,0,1
29,50585.02,5000.0,12,15,2,6.0,0.0988434916107575,2023,5,19,4,0,1,0,0,0,1,0,0,0,0,0,0,0,0,0,1,1
21,9855.93,1241.3,9,1,0,1.9,0.1259444821543984,2023,6,4,6,1,0,0,1,0,0,0,1,0,0,1,0,0,0,0,0,0
26,7595.25,1171.04,3,0,0,7.17,0.1541805733846812,2024,10,2,2,0,0,0,1,0,1,0,0,0,0,0,1,0,0,0,0,0
25,26877.83,5000.0,9,15,1,6.88,0.1860269225603406,2024,11,5,1,0,1,0,0,0,0,1,0,0,0,0,0,0,1,0,0,1
56,41985.72,5000.0,3,0,0,6.86,0.1190881090046806,2023,2,15,2,0,1,0,0,0,0,0,1,0,0,0,0,0,0,0,1,0
47,49844.16,3444.23,6,10,2,2.62,0.069099970788955,2024,11,25,0,0,1,0,0,0,0,1,0,0,0,1,0,0,0,0,0,0
46,29027.91,5000.0,6,12,1,2.33,0.1722480192339028,2024,9,26,3,0,0,0,1,0,0,0,0,0,1,0,1,0,0,0,0,0
21,40181.36,5000.0,9,9,1,4.93,0.1244358080463179,2024,9,8,6,1,0,1,0,0,1,0,0,0,0,1,0,0,0,0,0,0
42,17821.92,5000.0,6,0,0,7.01,0.2805533859427043,2023,2,16,3,0,0,0,1,0,0,0,1,0,0,0,0,1,0,0,0,1
36,13459.46,2700.46,3,2,2,1.76,0.2006365782876876,2024,7,31,2,0,0,0,0,1,1,0,0,0,0,0,1,0,0,0,0,0
29,19445.11,2764.0,12,8,1,1.63,0.1421437060525756,2023,2,25,5,1,0,0,1,0,0,0,1,0,0,0,0,0,0,0,1,1
19,52847.15,5000.0,12,15,3,3.81,0.0946124814677801,2024,12,23,0,0,0,1,0,0,0,0,0,0,1,0,0,0,0,1,0,1
43,91756.09,5000.0,9,0,0,1.3,0.054492295824724,2024,7,23,1,0,0,1,0,0,0,0,1,0,0,1,0,0,0,0,0,0
26,57757.49,5000.0,3,10,1,3.34,0.0865688588614221,2024,9,15,6,1,0,1,0,0,1,0,0,0,0,0,0,0,0,0,1,0
51,21703.77,5000.0,6,21,1,6.85,0.230374722916802,2023,5,26,4,0,0,0,1,0,1,0,0,0,0,1,0,0,0,0,0,1
32,44935.13,5000.0,9,5,0,2.45,0.1112715151819968,2024,11,9,5,1,1,0,0,0,1,0,0,0,0,0,0,1,0,0,0,0
27,10437.3,1195.27,3,16,1,5.06,0.1145190806051373,2024,12,18,2,0,0,0,0,1,0,1,0,0,0,0,0,1,0,0,0,1
47,18131.29,5000.0,6,13,1,7.05,0.2757663685264534,2024,7,26,4,0,0,0,1,0,0,0,1,0,0,1,0,0,0,0,0,0
30,82797.89,5000.0,6,13,1,8.44,0.060388012303212,2024,10,14,0,0,0,1,0,0,0,0,0,1,0,0,0,0,0,0,1,0
41,11287.38,3407.61,6,9,1,7.06,0.3018955683249789,2023,6,26,0,0,0,0,0,1,1,0,0,0,0,0,0,0,0,0,1,1
35,103541.05,5000.0,9,2,0,5.57,0.048290026033153,2024,10,29,1,0,0,1,0,0,0,0,0,0,1,0,0,0,1,0,0,0
37,10454.34,1889.94,6,18,1,4.25,0.1807804222935163,2023,2,18,5,1,0,0,0,1,0,0,0,0,1,1,0,0,0,0,0,1
36,38148.99,5000.0,3,10,1,7.32,0.1310650688261996,2024,7,10,2,0,0,1,0,0,0,1,0,0,0,0,0,0,1,0,0,0
36,16072.94,5000.0,3,0,0,1.52,0.3110818555908253,2024,10,9,2,0,0,0,1,0,0,0,0,1,0,0,0,0,0,1,0,0
41,14290.99,5000.0,6,6,0,7.32,0.3498707927162499,2024,10,17,3,0,0,0,1,0,1,0,0,0,0,0,0,1,0,0,0,1
30,6757.03,2603.38,6,4,0,8.73,0.3852846590883865,2023,3,11,5,1,0,0,0,1,0,0,0,1,0,0,0,0,0,0,1,0
32,58068.62,5000.0,3,0,0,3.92,0.0861050253992603,2024,9,9,0,0,0,1,0,0,0,1,0,0,0,0,1,0,0,0,0,1
30,7480.75,3351.4,12,4,3,1.17,0.4480032082344685,2023,3,14,1,0,0,0,0,1,0,0,1,0,0,0,0,0,0,1,0,1
51,14183.41,5000.0,6,18,1,1.58,0.3525245339449399,2024,7,20,5,1,0,0,1,0,0,0,0,0,1,0,0,1,0,0,0,1
21,45980.52,5000.0,6,15,4,2.53,0.1087417019207264,2023,5,29,0,0,0,1,0,0,0,0,1,0,0,1,0,0,0,0,0,0
36,48665.66,5000.0,9,10,3,6.72,0.1027418512355529,2024,10,8,1,0,1,0,0,0,0,0,0,0,1,0,0,1,0,0,0,1
59,37195.19,5000.0,9,12,1,4.98,0.1344259835747579,2023,4,2,6,1,0,1,0,0,0,0,1,0,0,0,0,1,0,0,0,0
25,9550.9,5000.0,6,0,0,6.13,0.5235108733208389,2024,12,19,3,0,0,0,0,1,0,0,0,1,0,0,0,0,1,0,0,1
36,17757.17,5000.0,6,13,1,4.09,0.281576399842993,2024,9,4,2,0,0,0,0,1,0,0,1,0,0,0,1,0,0,0,0,1
22,6398.24,3021.84,6,11,2,1.07,0.4722923804046113,2023,5,26,4,0,0,0,0,1,0,0,0,0,1,0,1,0,0,0,0,0
36,8169.26,1649.63,6,12,2,8.26,0.201931386686187,2024,12,13,4,0,0,0,0,1,0,0,0,0,1,0,0,0,0,1,0,0
46,12088.87,1108.75,3,18,2,9.55,0.0917165955130628,2024,12,20,4,0,0,0,0,1,0,0,1,0,0,1,0,0,0,0,0,1
57,98208.01,100.0,6,2,0,3.39,0.0010182468823062,2023,3,10,4,0,1,0,0,0,1,0,0,0,0,0,0,0,0,1,0,0
55,5897.78,2169.11,6,17,1,3.8,0.3677841492900719,2023,3,26,6,1,0,1,0,0,0,0,0,0,1,0,0,0,0,0,1,1
41,76588.51,5000.0,9,22,1,9.42,0.0652839440276354,2023,4,26,2,0,1,0,0,0,0,1,0,0,0,1,0,0,0,0,0,1
38,14337.01,2995.65,6,4,0,6.06,0.208945240325563,2023,5,19,4,0,0,0,1,0,0,0,0,1,0,0,1,0,0,0,0,0
25,20502.64,5000.0,6,30,1,9.39,0.243871033193774,2023,1,16,0,0,0,0,1,0,0,1,0,0,0,0,1,0,0,0,0,1
22,7915.38,3749.09,3,5,1,4.73,0.4736462431367793,2024,11,1,4,0,0,0,1,0,0,0,1,0,0,0,0,0,0,1,0,1
40,56897.8,5000.0,12,4,0,6.94,0.08787685991374,2024,7,8,0,0,0,1,0,0,0,1,0,0,0,0,0,0,0,1,0,0
55,72204.71,5000.0,3,0,0,7.92,0.0692475601660888,2024,10,6,6,1,0,1,0,0,1,0,0,0,0,0,0,1,0,0,0,0
36,19230.83,5000.0,6,15,2,6.22,0.2599991784025962,2023,1,24,1,0,0,0,1,0,0,0,0,0,1,0,0,0,0,0,1,0
44,9400.48,2250.34,3,6,0,2.0,0.2393856483924225,2023,6,26,0,0,0,0,0,1,1,0,0,0,0,0,1,0,0,0,0,0
35,18536.4,4898.05,12,14,1,5.94,0.2642395502902397,2023,3,17,4,0,0,0,0,1,0,1,0,0,0,0,0,0,0,1,0,1
31,5914.95,100.0,3,19,1,4.56,0.0169063136628373,2024,7,20,5,1,0,0,0,1,0,0,1,0,0,0,0,0,1,0,0,1
21,6792.33,1800.64,6,9,1,1.03,0.2650990160960966,2023,3,8,2,0,0,0,1,0,0,0,0,1,0,1,0,0,0,0,0,0
46,6170.43,2104.64,3,15,3,4.23,0.3410848190482672,2024,11,29,4,0,0,0,0,1,0,0,0,0,1,0,0,1,0,0,0,0
46,12420.89,5000.0,9,26,2,5.41,0.4025476435263496,2023,4,2,6,1,0,0,0,1,0,0,1,0,0,1,0,0,0,0,0,0
25,8408.34,756.22,6,12,1,3.91,0.0899368959866037,2023,6,15,3,0,0,0,0,1,0,0,1,0,0,0,0,0,0,1,0,0
37,46075.44,5000.0,12,15,2,2.23,0.1085176831735084,2023,6,24,5,1,1,0,0,0,0,0,0,0,1,0,0,0,1,0,0,1
51,10094.27,2575.91,12,14,1,6.8,0.2551853675401985,2023,1,21,5,1,0,0,0,1,1,0,0,0,0,0,1,0,0,0,0,0
40,50409.85,5000.0,12,15,3,6.27,0.0991869644523838,2024,10,13,6,1,0,1,0,0,0,1,0,0,0,1,0,0,0,0,0,1
27,16114.01,5000.0,3,12,2,8.51,0.3102889969659941,2023,5,29,0,0,0,0,1,0,0,0,1,0,0,1,0,0,0,0,0,0
52,88734.76,5000.0,6,16,3,5.84,0.0563477041015268,2023,3,20,0,0,0,1,0,0,0,0,0,1,0,0,0,0,0,1,0,1
28,63409.22,5000.0,6,0,0,8.16,0.0788528860629416,2024,11,29,4,0,1,0,0,0,0,0,0,0,1,0,0,0,0,0,1,0
33,18179.62,5000.0,9,2,0,7.88,0.2750332515201088,2024,12,31,1,0,0,0,1,0,1,0,0,0,0,0,1,0,0,0,0,0
30,15398.62,5000.0,3,16,2,8.31,0.3247044215650493,2023,4,18,1,0,0,0,1,0,0,0,1,0,0,0,0,0,0,0,1,1
36,23601.63,5000.0,3,27,1,7.39,0.2118497747825044,2023,6,3,5,1,0,1,0,0,1,0,0,0,0,0,0,0,0,0,1,1
25,13258.02,2629.95,12,17,1,8.82,0.1983667244430163,2023,6,20,1,0,0,0,0,1,0,0,1,0,0,0,1,0,0,0,0,1
32,40913.37,5000.0,3,18,3,6.05,0.1222094391148908,2023,5,11,3,0,1,0,0,0,1,0,0,0,0,0,1,0,0,0,0,1
22,6938.74,1282.71,12,0,0,8.85,0.1848620931177706,2023,1,18,2,0,0,0,1,0,0,0,0,1,0,0,0,0,0,0,1,0
37,31726.49,5000.0,3,14,2,7.25,0.1575970112042019,2023,3,29,2,0,1,0,0,0,0,1,0,0,0,0,0,1,0,0,0,0
54,97119.23,5000.0,12,10,1,2.41,0.0514831099875894,2024,8,2,4,0,0,1,0,0,1,0,0,0,0,0,0,0,0,0,1,0
18,18863.91,5000.0,12,15,2,1.45,0.2650563960493874,2024,10,15,1,0,0,0,1,0,1,0,0,0,0,0,0,0,0,0,1,0
25,50105.21,5000.0,6,3,0,4.88,0.0997900218360525,2023,3,13,0,0,1,0,0,0,0,0,1,0,0,0,0,0,0,0,1,0
42,9994.29,572.11,12,14,6,3.55,0.0572436861447886,2024,12,24,1,0,0,0,0,1,1,0,0,0,0,1,0,0,0,0,0,1
19,42798.86,5000.0,6,15,3,5.63,0.1168255416148934,2024,10,12,5,1,1,0,0,0,0,0,0,0,1,0,1,0,0,0,0,1
54,85909.87,5000.0,9,20,1,4.72,0.0582005303930735,2023,3,30,3,0,0,1,0,0,0,1,0,0,0,0,0,0,0,1,0,1
55,59810.39,5000.0,9,3,0,3.68,0.0835975154149638,2024,10,10,3,0,1,0,0,0,0,0,0,1,0,0,0,1,0,0,0,0
50,9810.4,2809.58,12,4,0,2.58,0.2863879148658566,2024,9,5,3,0,0,0,0,1,1,0,0,0,0,0,0,0,1,0,0,0
25,7655.6,5000.0,3,12,3,6.12,0.6531166727624222,2023,4,9,6,1,0,0,0,1,0,0,1,0,0,0,0,0,0,0,1,1
47,48143.36,5000.0,6,3,1,8.65,0.1038564819738381,2023,3,3,4,0,1,0,0,0,0,0,0,0,1,0,0,0,1,0,0,1
49,15091.36,5000.0,6,3,0,8.55,0.3313154016602877,2024,9,7,5,1,0,0,1,0,0,0,1,0,0,0,0,0,0,0,1,0
32,8177.57,1610.43,3,23,2,4.42,0.1969325851078009,2024,9,10,1,0,0,0,0,1,0,0,0,1,0,0,1,0,0,0,0,0
35,22571.15,5000.0,6,9,2,2.77,0.2215217213123832,2024,7,22,0,0,0,0,1,0,0,0,1,0,0,0,0,0,1,0,0,1
59,90543.86,5000.0,3,6,0,5.0,0.0552218560154161,2024,12,27,4,0,1,0,0,0,0,0,0,1,0,1,0,0,0,0,0,0
29,8114.26,4105.23,12,9,1,9.76,0.5059278356868032,2024,10,2,2,0,0,0,0,1,0,0,1,0,0,0,0,1,0,0,0,0
47,72368.49,5000.0,9,11,1,7.41,0.0690908432661784,2023,6,11,6,1,1,0,0,0,0,0,0,1,0,0,0,0,0,1,0,0
30,11898.08,4153.45,9,6,1,9.04,0.3490857348412516,2024,7,12,4,0,0,0,1,0,0,1,0,0,0,0,0,0,0,1,0,0
44,28498.93,100.0,9,9,1,2.78,0.0035089036676113,2023,4,28,4,0,1,0,0,0,0,0,0,1,0,0,0,0,0,0,1,0
42,16993.68,4745.67,3,8,1,3.01,0.2792608781617636,2024,9,28,5,1,0,0,0,1,1,0,0,0,0,0,0,0,0,1,0,1
29,45480.02,3534.85,12,12,1,7.31,0.0777231408429459,2023,1,24,1,0,1,0,0,0,0,0,0,0,1,0,1,0,0,0,0,0
35,58202.5,5000.0,3,21,2,6.2,0.0859069627593316,2024,7,16,1,0,0,1,0,0,0,0,0,1,0,0,0,1,0,0,0,0
59,90235.45,5000.0,9,13,1,3.8,0.0554105952815661,2023,3,20,0,0,1,0,0,0,0,0,0,0,1,1,0,0,0,0,0,0
29,10825.29,2225.5,9,11,1,1.79,0.2055834070034151,2024,9,5,3,0,0,0,1,0,0,0,0,1,0,0,0,0,0,0,1,0
30,85322.8,5000.0,12,5,0,5.77,0.058600983558908,2023,6,30,4,0,0,1,0,0,0,0,0,1,0,0,0,0,0,1,0,0
49,72611.76,5000.0,12,11,3,9.99,0.0688593693363168,2024,12,17,1,0,0,1,0,0,0,1,0,0,0,0,0,0,1,0,0,1
25,36955.93,5000.0,9,1,0,9.35,0.1352962839793234,2023,6,16,4,0,1,0,0,0,1,0,0,0,0,0,0,0,1,0,0,0
20,7067.89,1593.27,12,22,1,6.36,0.2254237120272103,2024,10,9,2,0,0,0,0,1,0,0,1,0,0,0,1,0,0,0,0,1
43,99838.45,5000.0,3,0,0,9.41,0.0500809057031634,2023,3,7,1,0,0,1,0,0,1,0,0,0,0,0,0,0,1,0,0,0
36,9656.58,1455.02,3,6,1,9.53,0.1506765335139355,2024,10,7,0,0,0,0,1,0,0,0,0,0,1,0,1,0,0,0,0,1
47,62447.12,5000.0,9,13,1,6.94,0.0800677437166037,2024,10,29,1,0,0,1,0,0,0,0,1,0,0,0,0,0,0,0,1,0
24,65155.44,5000.0,3,15,1,3.89,0.0767395631124584,2023,6,14,2,0,0,1,0,0,0,0,1,0,0,0,0,0,1,0,0,0
34,12775.89,4706.08,9,10,2,7.69,0.3683563336879075,2024,12,3,1,0,0,0,1,0,0,0,0,1,0,0,1,0,0,0,0,0
47,15236.79,5000.0,3,4,0,7.18,0.3281531083646883,2023,6,21,2,0,0,0,1,0,1,0,0,0,0,0,0,0,0,1,0,0
34,5000.0,1612.75,12,0,0,5.71,0.32255,2024,10,18,4,0,0,0,0,1,0,1,0,0,0,0,1,0,0,0,0,0
33,16123.72,5000.0,12,18,1,2.11,0.3101021352392624,2024,9,22,6,1,0,0,0,1,0,0,0,1,0,0,0,0,0,1,0,1
26,5000.0,1075.19,12,9,3,9.29,0.215038,2023,4,13,3,0,0,0,0,1,0,1,0,0,0,0,0,0,0,1,0,1
38,8229.39,3194.05,9,20,3,9.13,0.388127188041884,2023,4,10,0,0,0,0,1,0,0,0,1,0,0,0,0,0,0,1,0,0
50,21191.92,2839.94,12,18,1,9.61,0.1340105096659481,2024,8,31,5,1,0,0,0,1,0,0,1,0,0,0,0,0,1,0,0,1
35,7713.98,2160.13,9,0,0,4.1,0.2800279492557668,2023,4,30,6,1,0,0,0,1,0,0,0,1,0,0,0,1,0,0,0,0
29,53134.39,5000.0,6,5,1,6.96,0.0941010144277557,2023,6,4,6,1,0,0,1,0,0,0,0,0,1,0,1,0,0,0,0,0
29,32202.49,5000.0,9,3,0,5.93,0.155267496395465,2023,1,11,2,0,0,1,0,0,0,0,0,0,1,0,0,0,1,0,0,0
50,16945.52,4770.02,9,6,0,4.75,0.2814915092602646,2024,11,19,1,0,0,0,0,1,0,0,0,1,0,0,0,0,1,0,0,1
42,81437.6,5000.0,3,11,1,9.91,0.0613967012780337,2023,1,17,1,0,1,0,0,0,0,0,1,0,0,0,0,0,0,0,1,0
35,56865.66,100.0,3,9,1,1.07,0.0017585305437411,2023,2,9,3,0,1,0,0,0,0,0,1,0,0,0,1,0,0,0,0,0
53,45068.34,2844.36,6,9,1,3.3,0.0631121536759508,2023,1,3,1,0,0,1,0,0,1,0,0,0,0,0,0,0,1,0,0,0
47,50506.66,5000.0,3,11,1,6.86,0.0989968451685381,2024,7,11,3,0,1,0,0,0,1,0,0,0,0,0,1,0,0,0,0,0
27,14478.51,4438.21,6,11,1,8.35,0.3065377583743078,2023,4,19,2,0,0,0,1,0,0,1,0,0,0,0,0,1,0,0,0,0
49,5217.17,940.51,12,2,0,1.5,0.180272063206681,2024,12,26,3,0,0,0,0,1,0,0,0,1,0,0,0,0,0,0,1,0
40,5297.42,1682.37,3,12,2,5.58,0.3175828988450981,2023,1,22,6,1,0,0,0,1,0,0,1,0,0,0,0,0,1,0,0,1
31,12395.99,2043.22,12,2,0,2.66,0.1648291100589787,2024,9,26,3,0,0,0,0,1,0,0,1,0,0,0,0,0,0,1,0,1
37,68764.32,5000.0,3,15,2,4.6,0.0727121274521437,2024,7,27,5,1,1,0,0,0,0,0,1,0,0,0,0,0,0,0,1,0
20,6494.12,3595.17,3,2,0,2.83,0.5536038755058422,2023,4,7,4,0,0,0,0,1,1,0,0,0,0,0,0,0,0,1,0,0
38,18547.72,5000.0,12,8,2,5.65,0.2695749127116432,2024,12,7,5,1,0,0,1,0,0,0,1,0,0,1,0,0,0,0,0,0
34,5000.0,1477.68,9,11,3,3.98,0.295536,2023,1,19,3,0,0,0,0,1,0,0,0,1,0,0,0,1,0,0,0,1
29,26256.59,5000.0,6,20,2,6.39,0.1904283838838173,2024,12,12,3,0,1,0,0,0,0,0,0,1,0,0,0,0,0,1,0,1
55,104642.67,5000.0,9,3,0,3.28,0.0477816554183871,2024,8,1,3,0,0,1,0,0,0,0,0,0,1,1,0,0,0,0,0,0
42,15651.98,5000.0,6,6,1,2.97,0.3194484020552032,2023,5,18,3,0,0,0,0,1,0,0,0,1,0,0,0,1,0,0,0,1
32,15507.78,4570.01,9,2,0,7.08,0.2946914387488086,2024,9,10,1,0,0,0,1,0,0,0,0,1,0,0,0,0,0,0,1,0
34,58541.91,5000.0,3,5,0,5.78,0.0854088976598132,2024,12,28,5,1,0,1,0,0,0,0,0,0,1,0,0,0,1,0,0,0
23,53486.92,5000.0,9,11,1,5.67,0.0934807986700299,2024,9,9,0,0,0,1,0,0,0,0,1,0,0,0,1,0,0,0,0,1
25,13273.97,5000.0,12,9,1,9.52,0.3766770604423545,2023,2,13,0,0,0,0,1,0,1,0,0,0,0,0,0,1,0,0,0,0
34,16468.07,4076.2,6,19,1,8.86,0.2475214156850195,2023,5,31,2,0,0,0,1,0,0,0,0,1,0,1,0,0,0,0,0,0
28,10787.85,2240.26,6,5,1,3.72,0.2076651047242963,2024,8,23,4,0,0,0,0,1,0,0,0,0,1,0,0,0,1,0,0,0
21,25549.61,5000.0,9,1,0,4.88,0.1956977034091714,2023,5,5,4,0,1,0,0,0,1,0,0,0,0,0,0,1,0,0,0,0
19,5000.0,1218.35,12,12,2,3.04,0.2436699999999999,2023,5,15,0,0,0,0,0,1,0,0,1,0,0,1,0,0,0,0,0,0
25,40985.29,3757.21,3,10,1,3.97,0.0916721584744185,2024,7,14,6,1,0,1,0,0,0,0,0,1,0,0,0,0,0,1,0,1
28,28629.82,5000.0,6,20,1,1.81,0.1746430819334526,2023,2,14,1,0,0,1,0,0,1,0,0,0,0,0,0,0,0,1,0,1
31,33061.01,5000.0,12,7,3,8.3,0.1512355490651979,2023,4,4,1,0,1,0,0,0,0,0,0,0,1,1,0,0,0,0,0,1
18,32452.31,5000.0,12,0,0,8.02,0.1540722370764977,2024,11,12,1,0,1,0,0,0,0,0,0,0,1,0,0,0,0,1,0,0
46,18863.06,2678.38,6,1,0,6.56,0.1419907480546634,2023,5,29,0,0,0,0,0,1,0,0,0,1,0,0,0,0,0,0,1,1
35,67760.12,5000.0,9,5,1,7.33,0.0737897158387559,2024,10,4,4,0,0,1,0,0,1,0,0,0,0,0,1,0,0,0,0,0
39,19325.6,4754.82,12,3,0,2.45,0.2460373804694291,2023,3,29,2,0,0,0,1,0,0,1,0,0,0,1,0,0,0,0,0,0
43,114187.91,5000.0,3,12,1,6.03,0.0437874727718547,2024,9,10,1,0,0,1,0,0,1,0,0,0,0,0,1,0,0,0,0,0
56,15755.84,4334.2,3,4,0,7.84,0.2750853017040031,2023,3,14,1,0,0,0,0,1,0,0,0,1,0,0,0,0,0,0,1,1
26,13609.44,5000.0,6,13,4,1.99,0.3673920455213439,2024,10,21,0,0,0,0,0,1,0,0,0,1,0,0,0,0,0,1,0,1
22,7493.93,2933.13,9,4,0,4.49,0.3914007736928421,2024,11,4,0,0,0,0,0,1,1,0,0,0,0,1,0,0,0,0,0,0
48,10002.63,2021.84,6,9,4,2.33,0.202130839589188,2023,4,17,0,0,0,0,0,1,0,0,1,0,0,0,0,1,0,0,0,1
23,6603.89,1377.01,6,5,0,5.2,0.2085149813216149,2023,6,25,6,1,1,0,0,0,1,0,0,0,0,0,0,0,1,0,0,0
53,61164.09,5000.0,9,9,1,3.68,0.0817473128432058,2023,2,7,1,0,0,1,0,0,0,0,0,1,0,1,0,0,0,0,0,0
27,29591.26,5000.0,3,18,4,2.56,0.1689688103852286,2023,3,27,0,0,0,1,0,0,0,1,0,0,0,0,0,0,0,0,1,1
35,44223.48,100.0,6,7,2,4.15,0.0022612422179349,2024,10,29,1,0,0,1,0,0,0,1,0,0,0,1,0,0,0,0,0,1
55,7776.86,2760.41,3,13,1,2.75,0.354951741448348,2023,4,6,3,0,0,0,0,1,0,1,0,0,0,0,1,0,0,0,0,0
53,18798.49,5000.0,12,2,0,2.04,0.2659788100001649,2024,11,3,6,1,0,0,1,0,1,0,0,0,0,0,0,1,0,0,0,0
30,9334.16,5000.0,6,0,0,8.25,0.5356668409369456,2024,8,16,4,0,0,0,1,0,0,1,0,0,0,0,0,0,1,0,0,1
58,8267.44,4258.56,9,0,0,5.55,0.5151002003038425,2023,5,11,3,0,0,0,1,0,1,0,0,0,0,0,0,0,0,1,0,0
29,34450.08,5000.0,6,1,0,8.66,0.1451375439476483,2024,12,27,4,0,0,1,0,0,0,1,0,0,0,0,0,0,0,0,1,0
55,11337.48,1224.3,9,10,1,2.92,0.1079869600651996,2023,2,14,1,0,0,0,1,0,1,0,0,0,0,0,1,0,0,0,0,0
43,72179.67,5000.0,3,23,2,3.31,0.0692715829817454,2024,12,6,4,0,1,0,0,0,0,0,0,1,0,0,0,1,0,0,0,0
39,52111.6,4301.17,9,4,0,6.28,0.0825376691561955,2023,4,2,6,1,1,0,0,0,0,0,0,1,0,0,0,0,0,1,0,0
30,66978.89,5000.0,9,19,2,2.2,0.0746503861141921,2023,3,28,1,0,1,0,0,0,0,0,1,0,0,0,0,0,0,1,0,0
26,49357.41,5000.0,9,16,1,8.99,0.1013019119115042,2024,9,29,6,1,0,1,0,0,1,0,0,0,0,0,1,0,0,0,0,1
21,14558.56,3591.25,3,0,0,8.89,0.2466761822597839,2023,1,8,6,1,0,0,1,0,1,0,0,0,0,0,0,0,0,0,1,0
44,13443.09,2834.16,9,19,4,2.77,0.2108265287221911,2024,7,20,5,1,0,0,1,0,1,0,0,0,0,0,0,1,0,0,0,0
36,46429.5,5000.0,12,4,0,2.11,0.1076901538892299,2023,2,23,3,0,0,1,0,0,0,0,0,1,0,0,0,1,0,0,0,0
34,10995.1,880.36,3,19,1,6.69,0.0800683941028276,2023,5,3,2,0,0,0,1,0,0,1,0,0,0,0,0,1,0,0,0,1
24,10011.59,4163.75,6,1,0,1.9,0.4158929800361381,2024,8,9,4,0,0,0,0,1,0,0,0,0,1,0,0,0,0,1,0,0
48,10511.54,507.09,6,18,1,9.02,0.0482412662654568,2023,5,8,0,0,0,0,1,0,0,1,0,0,0,0,0,0,1,0,0,0
37,16100.45,5000.0,12,9,3,1.54,0.3105503262331177,2024,9,23,0,0,0,0,1,0,1,0,0,0,0,0,0,0,1,0,0,1
36,19853.96,5000.0,6,4,0,3.99,0.2518389278511692,2023,3,12,6,1,0,0,1,0,1,0,0,0,0,1,0,0,0,0,0,0
45,74183.24,5000.0,6,9,1,2.82,0.067400668938159,2024,11,13,2,0,0,1,0,0,0,0,0,0,1,0,0,1,0,0,0,0
29,12690.95,2107.87,6,0,0,7.54,0.1660923729114053,2024,10,2,2,0,0,0,0,1,0,0,0,0,1,1,0,0,0,0,0,0
35,48921.67,5000.0,3,10,1,1.33,0.1022041970357921,2024,12,9,0,0,1,0,0,0,0,0,0,1,0,0,0,0,1,0,0,0
28,18372.68,5000.0,3,0,0,3.43,0.2721432039310541,2024,11,12,1,0,0,0,1,0,0,0,0,1,0,0,1,0,0,0,0,0
42,33842.73,5000.0,9,0,0,6.84,0.1477422181957542,2024,12,9,0,0,0,1,0,0,0,0,1,0,0,0,0,0,0,0,1,0
52,17930.14,2831.09,6,6,0,1.32,0.1578955880991448,2024,8,18,6,1,0,0,1,0,0,1,0,0,0,0,1,0,0,0,0,0
29,13477.35,3568.65,3,2,0,1.66,0.2647887010428608,2024,11,22,4,0,0,0,1,0,0,0,1,0,0,0,0,0,0,1,0,1
42,17920.69,4009.0,6,3,1,9.25,0.2237079041041388,2024,12,26,3,0,0,0,1,0,0,0,0,0,1,0,1,0,0,0,0,0
47,92559.42,5000.0,6,18,1,7.43,0.0540193531895511,2024,11,2,5,1,1,0,0,0,0,0,0,1,0,0,0,1,0,0,0,0
58,13096.78,2297.68,6,6,2,3.77,0.1754385429090203,2023,3,15,2,0,0,0,0,1,0,0,0,0,1,0,0,1,0,0,0,0
53,39320.67,5000.0,12,0,0,5.07,0.1271595829877771,2023,2,3,4,0,1,0,0,0,0,0,0,1,0,0,1,0,0,0,0,0
42,85293.63,508.13,3,18,1,5.58,0.0059574202669062,2024,8,12,0,0,0,1,0,0,0,0,0,0,1,0,0,0,0,1,0,0
39,9350.63,2074.41,9,10,1,3.51,0.2218470841002157,2023,2,21,1,0,0,0,0,1,0,0,1,0,0,0,0,1,0,0,0,0
27,8701.73,2228.23,9,16,3,7.09,0.2560674716406967,2024,8,22,3,0,0,0,0,1,1,0,0,0,0,0,0,0,0,0,1,1
49,38431.95,5000.0,9,1,0,8.56,0.1301000859961568,2024,9,29,6,1,0,1,0,0,0,1,0,0,0,0,0,0,0,0,1,1
25,23501.94,5000.0,12,0,0,2.58,0.2127483943878675,2024,10,4,4,0,0,0,1,0,1,0,0,0,0,0,0,0,0,1,0,0
29,15209.07,5000.0,9,11,1,2.4,0.3287511991199988,2023,1,26,3,0,0,0,1,0,0,0,0,0,1,0,1,0,0,0,0,1
23,51925.45,5000.0,12,5,0,5.17,0.0962918954000398,2024,7,9,1,0,0,1,0,0,0,0,1,0,0,0,0,1,0,0,0,0
47,13916.9,2822.38,6,19,2,2.42,0.2028023482241016,2024,9,12,3,0,0,0,1,0,0,0,0,0,1,0,0,1,0,0,0,1
54,74246.09,5000.0,9,2,1,9.19,0.0673436136502272,2024,11,9,5,1,1,0,0,0,0,1,0,0,0,0,0,1,0,0,0,0
39,5180.89,1618.63,6,3,0,1.68,0.312423155094974,2024,12,23,0,0,0,0,0,1,1,0,0,0,0,0,0,0,0,0,1,1
51,74048.79,5000.0,6,10,1,9.17,0.0675230479795821,2023,3,10,4,0,1,0,0,0,1,0,0,0,0,0,0,1,0,0,0,0
25,5000.0,913.24,12,14,3,9.2,0.182648,2023,6,3,5,1,0,0,0,1,0,0,0,1,0,0,0,1,0,0,0,1
43,32736.03,5000.0,9,18,1,5.13,0.1527369079268317,2024,12,25,2,0,0,1,0,0,0,0,1,0,0,0,0,0,0,0,1,1
45,41976.99,5000.0,12,0,0,1.95,0.1191128758874802,2024,12,2,0,0,1,0,0,0,0,0,0,0,1,0,0,0,0,0,1,1
38,13091.66,3851.11,12,15,2,5.98,0.294165140249594,2023,2,8,2,0,0,0,0,1,0,1,0,0,0,0,0,0,1,0,0,0
39,71663.25,5000.0,9,18,3,3.27,0.0697707681412718,2023,4,4,1,0,0,1,0,0,0,1,0,0,0,0,0,0,0,1,0,1
20,32591.27,5000.0,9,17,1,8.24,0.1534153164328975,2023,2,13,0,0,1,0,0,0,0,0,1,0,0,0,0,1,0,0,0,0
25,79780.99,5000.0,9,3,0,6.72,0.0626715712602714,2024,11,9,5,1,1,0,0,0,0,0,1,0,0,0,0,0,1,0,0,0
46,13413.68,3290.21,12,2,0,8.19,0.2452876466413392,2023,6,14,2,0,0,0,0,1,0,1,0,0,0,1,0,0,0,0,0,0
59,70342.17,5000.0,6,24,3,6.24,0.0710811167753283,2023,1,3,1,0,1,0,0,0,1,0,0,0,0,0,0,1,0,0,0,0
36,9620.32,2346.16,6,17,2,8.93,0.2438754636020423,2023,4,28,4,0,0,0,1,0,0,0,1,0,0,0,1,0,0,0,0,0
23,18577.38,2622.69,12,11,2,2.42,0.1411765275835451,2023,6,2,4,0,1,0,0,0,0,0,0,0,1,0,0,1,0,0,0,0
39,49544.5,5000.0,12,2,0,7.73,0.1009193755109043,2024,10,2,2,0,0,1,0,0,0,0,1,0,0,0,0,0,0,1,0,0
50,70134.07,5000.0,12,3,0,7.95,0.0712920268280452,2024,7,30,1,0,0,1,0,0,1,0,0,0,0,0,0,0,1,0,0,0
45,5546.43,325.38,6,5,0,2.07,0.0586647627392755,2023,2,25,5,1,0,0,1,0,0,0,0,1,0,0,1,0,0,0,0,1
57,70462.97,5000.0,12,1,0,3.91,0.0709592570395485,2024,9,10,1,0,0,1,0,0,0,1,0,0,0,1,0,0,0,0,0,0
40,50223.07,5000.0,9,14,1,4.61,0.0995558415684266,2023,2,17,4,0,0,1,0,0,1,0,0,0,0,0,0,0,0,1,0,0
59,58454.69,4478.41,6,16,2,2.25,0.076613356430425,2023,6,12,0,0,1,0,0,0,0,0,1,0,0,0,0,1,0,0,0,1
24,13935.47,4761.48,12,11,1,9.25,0.3416806178765409,2024,7,31,2,0,0,0,1,0,0,0,0,1,0,0,0,1,0,0,0,1
25,37614.86,5000.0,9,12,1,2.33,0.1329261892773228,2024,7,16,1,0,1,0,0,0,0,0,0,0,1,0,0,0,1,0,0,1
45,102871.91,5000.0,9,14,2,1.96,0.0486041330427324,2024,12,7,5,1,1,0,0,0,1,0,0,0,0,0,0,0,0,0,1,0
26,23013.86,5000.0,12,14,1,2.64,0.2172603813528021,2024,12,28,5,1,0,0,1,0,0,0,0,1,0,0,1,0,0,0,0,0
28,53149.04,5000.0,3,9,1,3.94,0.094075076426592,2024,7,11,3,0,1,0,0,0,0,0,1,0,0,0,1,0,0,0,0,0
56,8165.19,4442.96,12,1,0,8.39,0.5441343067338299,2024,12,3,1,0,0,0,1,0,0,0,1,0,0,0,1,0,0,0,0,0
26,30279.48,904.31,6,2,0,5.03,0.0298654402255256,2023,3,19,6,1,1,0,0,0,0,0,0,1,0,0,0,1,0,0,0,0
21,5000.0,2393.2,6,3,0,1.83,0.4786399999999999,2024,9,21,5,1,0,1,0,0,0,0,0,1,0,0,0,0,0,1,0,0
52,14028.62,5000.0,6,3,0,8.88,0.3564142445942651,2024,7,22,0,0,0,0,0,1,1,0,0,0,0,0,0,0,0,0,1,0
18,41431.72,5000.0,12,18,2,9.84,0.1206804834556711,2024,12,17,1,0,1,0,0,0,0,0,0,0,1,0,0,0,0,1,0,1
49,28592.73,5000.0,6,22,3,1.83,0.1748696259503727,2023,2,12,6,1,0,0,1,0,0,0,1,0,0,1,0,0,0,0,0,0
46,9881.32,5000.0,12,20,1,8.95,0.5060052705508981,2024,8,30,4,0,0,0,0,1,0,0,1,0,0,0,0,1,0,0,0,1
40,30503.93,3665.93,3,18,2,1.95,0.1201789408774541,2023,4,23,6,1,1,0,0,0,0,0,0,1,0,0,1,0,0,0,0,0
38,51129.7,100.0,3,2,0,1.73,0.0019558104193844,2023,5,12,4,0,1,0,0,0,0,0,1,0,0,0,0,1,0,0,0,0
34,7988.7,523.62,6,11,2,6.77,0.0655450824289308,2023,2,16,3,0,0,0,0,1,1,0,0,0,0,0,1,0,0,0,0,0
55,71079.28,5000.0,6,7,1,7.39,0.0703439877275065,2024,10,26,5,1,0,1,0,0,0,1,0,0,0,1,0,0,0,0,0,0
30,7631.09,4326.4,9,1,0,1.43,0.5669439097166984,2023,6,25,6,1,0,0,1,0,1,0,0,0,0,0,0,0,1,0,0,0
54,16716.81,5000.0,9,2,0,8.86,0.2991001273568342,2024,9,24,1,0,0,0,1,0,1,0,0,0,0,0,0,0,0,0,1,1
41,19095.41,5000.0,6,9,1,6.82,0.261843029293427,2023,3,13,0,0,0,0,1,0,0,1,0,0,0,1,0,0,0,0,0,0
30,16035.48,5000.0,3,9,1,4.26,0.311808564508203,2024,10,2,2,0,0,0,1,0,0,1,0,0,0,0,0,0,1,0,0,0
46,8654.97,4246.21,6,27,6,2.93,0.4906094417427212,2023,4,18,1,0,0,0,1,0,1,0,0,0,0,0,0,0,0,0,1,1
59,60897.84,5000.0,3,0,0,8.78,0.0821047183282691,2023,4,23,6,1,1,0,0,0,0,1,0,0,0,1,0,0,0,0,0,0
50,83900.09,5000.0,3,0,0,3.36,0.0595946917339421,2023,3,2,3,0,1,0,0,0,0,0,0,1,0,0,1,0,0,0,0,0
28,17134.13,5000.0,6,14,2,4.71,0.2918152249340935,2024,8,28,2,0,0,0,1,0,1,0,0,0,0,0,0,0,1,0,0,1
38,7227.54,1435.31,9,14,1,1.7,0.1985890081549185,2024,12,10,1,0,0,0,0,1,1,0,0,0,0,0,0,0,0,0,1,1
35,47249.49,5000.0,3,2,0,9.11,0.1058212480177034,2024,12,22,6,1,1,0,0,0,0,0,0,1,0,0,1,0,0,0,0,0
26,45432.79,5000.0,12,8,1,7.04,0.1100526734105477,2023,6,6,1,0,1,0,0,0,1,0,0,0,0,1,0,0,0,0,0,1
30,19801.52,5000.0,6,11,2,1.97,0.2525058682363778,2024,10,2,2,0,0,0,1,0,0,0,0,1,0,0,1,0,0,0,0,1
35,10389.91,1480.66,3,27,1,2.06,0.1425094153847338,2024,9,18,2,0,0,0,0,1,0,0,0,0,1,0,0,0,1,0,0,1
51,46753.9,5000.0,3,6,2,1.8,0.1069429502137789,2024,12,24,1,0,1,0,0,0,1,0,0,0,0,0,1,0,0,0,0,0
43,83250.39,5000.0,3,21,3,8.02,0.0600597786989346,2024,10,3,3,0,0,1,0,0,1,0,0,0,0,0,0,1,0,0,0,1
43,36139.33,5000.0,12,10,1,8.43,0.1383534227114891,2023,1,7,5,1,1,0,0,0,0,1,0,0,0,1,0,0,0,0,0,1
32,59959.02,5000.0,12,10,1,3.06,0.0833902889006524,2024,9,15,6,1,0,1,0,0,0,0,0,1,0,0,1,0,0,0,0,0
28,15636.74,5000.0,3,10,3,3.68,0.319759745317758,2023,3,16,3,0,0,0,1,0,0,1,0,0,0,1,0,0,0,0,0,1
53,94711.71,5000.0,6,16,2,3.69,0.0527917825578273,2024,11,11,0,0,0,1,0,0,0,0,0,0,1,0,1,0,0,0,0,1
53,78141.92,5000.0,3,8,2,6.49,0.0639861421372804,2024,7,29,0,0,0,1,0,0,0,1,0,0,0,0,0,0,0,1,0,0
32,55343.73,5000.0,6,17,1,8.66,0.0903444708190069,2024,11,26,1,0,1,0,0,0,1,0,0,0,0,0,1,0,0,0,0,1
53,9853.54,1570.8,12,16,3,7.77,0.1594147889996894,2023,5,17,2,0,0,0,0,1,0,0,0,1,0,0,0,0,0,0,1,1
47,10991.95,2646.49,9,12,1,9.23,0.2407661970805907,2023,1,1,6,1,0,0,1,0,0,0,1,0,0,1,0,0,0,0,0,1
18,37745.96,5000.0,3,16,2,5.09,0.1324645074598712,2024,12,11,2,0,1,0,0,0,0,0,0,0,1,0,0,0,0,1,0,1
21,59204.5,5000.0,12,0,0,8.04,0.0844530398871707,2023,1,29,6,1,0,1,0,0,1,0,0,0,0,0,0,1,0,0,0,0
57,19154.51,2092.05,3,3,0,2.9,0.1092197085699399,2024,9,5,3,0,0,0,1,0,0,0,1,0,0,0,0,0,1,0,0,0
30,50720.17,5000.0,12,5,1,6.66,0.0985801112259679,2023,1,18,2,0,0,1,0,0,0,0,1,0,0,0,0,0,0,1,0,1
43,11671.23,2118.8,3,2,0,2.23,0.1815404203327327,2023,6,20,1,0,0,0,1,0,0,0,0,1,0,0,0,0,0,0,1,0
44,17743.63,5000.0,12,20,2,4.5,0.2817912681903308,2023,6,7,2,0,0,0,0,1,0,0,0,0,1,1,0,0,0,0,0,1
37,16319.55,5000.0,9,20,2,6.87,0.3063809970250405,2024,12,22,6,1,0,0,1,0,0,0,1,0,0,0,0,0,0,0,1,0
27,6869.33,2223.72,3,14,1,9.69,0.3237171601888393,2024,7,18,3,0,0,0,0,1,0,0,1,0,0,0,0,0,0,0,1,0
43,12983.55,3840.34,6,3,0,2.33,0.2957850510838715,2023,3,11,5,1,0,0,1,0,0,1,0,0,0,1,0,0,0,0,0,1
21,5000.0,1373.64,9,23,1,1.72,0.274728,2024,9,3,1,0,0,0,0,1,0,1,0,0,0,0,0,0,0,0,1,1
24,39095.29,5000.0,3,24,2,3.96,0.1278926438453327,2024,11,13,2,0,0,1,0,0,0,0,0,1,0,0,0,0,0,0,1,1
41,25024.25,5000.0,6,7,0,2.75,0.1998061879976423,2023,3,21,1,0,0,0,1,0,0,0,1,0,0,0,0,0,1,0,0,0
21,32607.43,5000.0,9,12,2,4.13,0.1533392849421128,2023,2,7,1,0,1,0,0,0,0,0,0,0,1,0,0,1,0,0,0,0
44,65982.04,5000.0,12,11,2,3.8,0.0757781966122902,2024,12,25,2,0,0,1,0,0,0,0,0,1,0,1,0,0,0,0,0,0
34,37771.03,5000.0,12,20,1,4.87,0.1323765859707823,2023,1,25,2,0,0,1,0,0,1,0,0,0,0,0,0,0,1,0,0,1
20,29727.82,5000.0,9,4,1,8.06,0.1681926222642629,2023,5,26,4,0,0,1,0,0,0,0,0,1,0,0,0,0,1,0,0,0
21,9734.21,3207.62,12,2,0,3.04,0.3295203206012609,2023,3,26,6,1,0,0,0,1,0,0,0,1,0,0,1,0,0,0,0,0
58,64720.85,5000.0,9,6,0,8.31,0.0772548568197111,2024,9,21,5,1,0,1,0,0,0,0,0,0,1,1,0,0,0,0,0,0
59,75947.71,2040.75,9,1,0,9.24,0.0268704612686807,2024,7,29,0,0,0,1,0,0,0,0,1,0,0,0,1,0,0,0,0,0
35,42140.68,100.0,6,13,1,4.77,0.0023730039477293,2024,9,25,2,0,0,1,0,0,0,0,0,1,0,1,0,0,0,0,0,1
41,9811.47,1990.23,6,0,0,3.11,0.2028472797654174,2024,8,12,0,0,0,0,0,1,1,0,0,0,0,0,0,0,0,1,0,0
20,5000.0,1362.11,12,8,1,7.54,0.272422,2024,12,30,0,0,0,1,0,0,0,0,0,1,0,0,0,0,1,0,0,0
23,10055.57,2877.17,3,10,1,6.57,0.286126992303768,2024,7,15,0,0,0,0,1,0,1,0,0,0,0,1,0,0,0,0,0,1
22,33064.12,5000.0,9,12,2,1.23,0.1512213239003487,2023,5,30,1,0,0,1,0,0,0,0,1,0,0,0,0,0,0,1,0,1
18,54066.25,5000.0,3,17,5,9.64,0.092479134395302,2023,4,7,4,0,0,1,0,0,1,0,0,0,0,0,1,0,0,0,0,1
36,7642.86,1648.6,6,19,2,8.48,0.2157045922599655,2023,6,10,5,1,0,0,0,1,0,0,0,1,0,1,0,0,0,0,0,1
21,51633.28,5000.0,6,0,0,9.94,0.0968367688436605,2024,8,26,0,0,1,0,0,0,1,0,0,0,0,0,0,0,0,0,1,0
52,28719.08,5000.0,9,13,2,4.71,0.174100284549505,2023,6,9,4,0,1,0,0,0,0,0,0,1,0,1,0,0,0,0,0,1
28,9168.33,1141.11,3,3,2,6.02,0.1244621430511336,2023,6,9,4,0,0,0,0,1,0,0,0,0,1,0,0,0,1,0,0,0
30,21844.95,5000.0,6,1,0,4.93,0.2288858523365812,2024,8,29,3,0,0,0,1,0,0,1,0,0,0,0,0,0,0,0,1,0
31,7454.76,2421.46,9,10,1,6.03,0.3248206515032006,2023,1,12,3,0,0,0,0,1,0,0,0,0,1,0,0,0,1,0,0,1
28,64395.94,5000.0,12,1,0,8.02,0.0776446465413813,2023,1,30,0,0,1,0,0,0,0,1,0,0,0,0,0,0,0,1,0,0
54,22503.06,5000.0,9,14,1,3.25,0.2221920041096633,2023,5,13,5,1,0,0,1,0,0,0,0,0,1,0,0,0,1,0,0,1
56,17918.52,5000.0,12,14,3,5.95,0.2790409029317153,2024,11,24,6,1,0,0,1,0,0,0,1,0,0,0,0,0,1,0,0,1
25,12083.32,5000.0,3,14,1,8.96,0.4137935600480663,2023,5,7,6,1,0,0,0,1,0,1,0,0,0,0,0,0,0,1,0,1
20,10990.08,2082.8,3,8,0,7.85,0.1895163638481248,2024,9,24,1,0,0,0,1,0,0,0,0,0,1,0,0,0,1,0,0,1
42,75823.12,5000.0,3,0,0,7.98,0.0659429472171548,2024,11,11,0,0,1,0,0,0,0,0,0,1,0,0,0,0,0,1,0,0
35,17180.45,5000.0,3,1,0,6.93,0.2910284654942099,2023,3,31,4,0,0,0,1,0,1,0,0,0,0,1,0,0,0,0,0,1
58,71184.28,5000.0,9,0,0,2.59,0.0702402271962292,2023,4,1,5,1,0,1,0,0,0,0,1,0,0,0,0,0,0,0,1,0
43,68423.73,5000.0,9,12,1,6.08,0.0730740636326023,2024,9,17,1,0,1,0,0,0,0,0,0,1,0,1,0,0,0,0,0,0
53,70646.72,5000.0,12,10,1,5.16,0.0707746941400818,2023,5,13,5,1,0,1,0,0,0,0,0,1,0,0,0,1,0,0,0,0
41,71317.15,5000.0,12,11,1,4.93,0.0701093635962738,2024,11,20,2,0,1,0,0,0,0,1,0,0,0,1,0,0,0,0,0,0
55,19270.64,5000.0,6,3,0,3.91,0.2594620624950702,2024,10,28,0,0,0,0,1,0,0,0,0,1,0,0,0,0,0,0,1,0
49,72739.05,5000.0,6,20,1,9.01,0.0687388685994661,2024,11,6,2,0,0,1,0,0,0,0,0,0,1,0,0,0,0,1,0,0
47,12536.3,3265.83,6,24,2,2.53,0.2605098793104823,2023,4,22,5,1,0,0,1,0,1,0,0,0,0,0,0,0,1,0,0,1
51,49969.75,5000.0,6,5,0,6.75,0.1000605366246579,2024,12,17,1,0,1,0,0,0,0,1,0,0,0,1,0,0,0,0,0,0
18,44236.3,5000.0,3,6,2,4.98,0.1130293446784654,2023,4,19,2,0,0,1,0,0,0,0,1,0,0,0,0,1,0,0,0,1
35,61279.5,5000.0,12,13,2,2.58,0.0815933550371657,2023,1,28,5,1,1,0,0,0,1,0,0,0,0,1,0,0,0,0,0,0
37,12779.35,4460.89,6,10,2,3.48,0.3490701796257243,2023,6,15,3,0,0,0,0,1,0,0,0,1,0,0,0,0,0,1,0,1
47,99102.12,5000.0,9,5,0,7.06,0.0504530074634124,2024,8,6,1,0,0,1,0,0,0,1,0,0,0,0,0,0,1,0,0,0
21,29389.99,5000.0,9,11,1,1.34,0.1701259510465978,2024,10,22,1,0,1,0,0,0,0,0,1,0,0,1,0,0,0,0,0,0
54,75916.03,5000.0,6,3,0,4.38,0.0658622427964159,2024,8,13,1,0,0,1,0,0,1,0,0,0,0,0,0,1,0,0,0,0
41,11750.07,4140.25,9,12,1,6.45,0.3523596029640674,2024,9,9,0,0,0,0,1,0,0,1,0,0,0,0,0,0,0,0,1,0
33,6722.05,3441.42,6,7,1,4.93,0.5119598931873461,2024,8,22,3,0,0,0,0,1,0,1,0,0,0,0,0,0,1,0,0,0
51,87288.48,5000.0,3,17,1,7.61,0.0572813273870733,2024,10,22,1,0,1,0,0,0,1,0,0,0,0,1,0,0,0,0,0,1
30,13137.55,1107.53,9,8,2,2.39,0.0843026287245338,2024,8,9,4,0,0,0,0,1,0,0,0,0,1,0,0,0,0,0,1,0
37,9764.85,5000.0,6,2,0,8.43,0.5120406355448368,2023,4,28,4,0,0,0,1,0,0,1,0,0,0,1,0,0,0,0,0,0
50,79028.75,5000.0,3,13,1,9.73,0.063268114452019,2023,2,1,2,0,0,1,0,0,0,0,0,1,0,1,0,0,0,0,0,0
45,88044.0,5000.0,3,11,1,8.58,0.0567897869247194,2024,8,11,6,1,0,1,0,0,0,0,1,0,0,1,0,0,0,0,0,0
37,6991.37,2801.45,9,13,1,8.92,0.4007011501322344,2024,9,29,6,1,0,0,0,1,0,0,0,1,0,0,0,1,0,0,0,0
43,81959.19,5000.0,12,18,1,1.26,0.0610059713864912,2023,1,23,0,0,0,1,0,0,0,0,1,0,0,0,0,0,0,0,1,1
24,34896.47,5000.0,9,11,1,5.08,0.1432809679603696,2024,8,18,6,1,1,0,0,0,0,1,0,0,0,0,0,0,0,0,1,0
34,5000.0,1730.12,9,14,1,8.65,0.346024,2023,6,8,3,0,0,0,1,0,0,0,1,0,0,0,1,0,0,0,0,1
42,15238.48,4780.49,6,3,0,4.99,0.3137117350286905,2024,9,24,1,0,0,0,0,1,0,1,0,0,0,0,0,1,0,0,0,0
32,12049.7,100.0,12,8,1,3.02,0.0082989617998788,2023,1,12,3,0,0,0,1,0,0,0,0,0,1,0,1,0,0,0,0,0
47,89824.38,5000.0,6,2,0,4.85,0.0556641749155407,2024,12,14,5,1,0,1,0,0,0,0,1,0,0,0,0,0,1,0,0,0
37,50348.52,5000.0,9,9,3,3.3,0.0993077850153291,2024,9,12,3,0,0,1,0,0,0,1,0,0,0,0,0,0,1,0,0,1
56,77563.28,5000.0,3,2,0,3.87,0.0644634935500406,2024,7,22,0,0,0,1,0,0,0,1,0,0,0,0,0,1,0,0,0,0
44,15904.07,1671.8,12,3,0,1.75,0.105117746589395,2024,9,10,1,0,0,0,1,0,0,0,1,0,0,0,0,0,0,0,1,0
52,50361.81,5000.0,12,11,2,1.7,0.0992815786406406,2024,9,10,1,0,0,1,0,0,0,0,1,0,0,0,0,0,0,0,1,1
33,38238.45,1497.71,9,17,1,4.02,0.0391676440859919,2024,12,9,0,0,0,1,0,0,0,1,0,0,0,0,0,0,0,0,1,1
54,10686.06,3601.86,3,11,1,2.76,0.3370615549603877,2023,4,27,3,0,0,0,0,1,1,0,0,0,0,1,0,0,0,0,0,0
28,12200.46,3611.58,6,17,1,2.74,0.2960199861316704,2024,7,11,3,0,0,0,1,0,1,0,0,0,0,0,0,0,1,0,0,0
27,62503.91,5000.0,3,17,2,5.27,0.0799949955130807,2023,1,25,2,0,0,1,0,0,0,0,0,0,1,0,0,0,1,0,0,1
26,10301.3,631.0,12,19,1,1.61,0.0612544047838622,2023,2,19,6,1,0,0,0,1,1,0,0,0,0,0,0,0,1,0,0,1
49,10997.02,4053.41,3,4,0,4.15,0.3685916730168718,2023,5,21,6,1,0,0,0,1,0,0,0,1,0,0,0,0,1,0,0,1
52,12284.21,3888.49,12,26,3,6.13,0.3165437582066734,2024,12,4,2,0,0,0,0,1,1,0,0,0,0,0,0,1,0,0,0,1
34,21123.17,5000.0,9,7,1,7.73,0.2367068957926296,2023,3,30,3,0,0,0,1,0,0,1,0,0,0,0,0,0,1,0,0,0
55,60092.05,5000.0,9,21,1,8.76,0.0832056819496089,2024,7,13,5,1,0,1,0,0,0,1,0,0,0,0,0,1,0,0,0,1
53,63130.47,5000.0,6,0,0,7.5,0.0792010577459664,2024,7,6,5,1,0,1,0,0,0,0,0,1,0,0,1,0,0,0,0,0
47,12875.97,2509.37,12,10,2,9.36,0.1948878414597114,2023,3,24,4,0,0,0,0,1,0,0,1,0,0,0,0,0,0,0,1,0
20,10665.11,4572.29,9,1,0,8.31,0.4287147530592745,2023,6,19,0,0,0,0,0,1,0,0,1,0,0,0,0,0,0,1,0,0
58,73512.86,5000.0,9,3,0,4.08,0.0680153105184589,2023,3,29,2,0,1,0,0,0,0,0,0,1,0,0,0,0,0,0,1,0
26,11672.5,1858.62,12,18,2,3.9,0.1592306703790961,2024,11,20,2,0,0,0,1,0,0,1,0,0,0,0,0,0,0,0,1,1
23,5000.0,550.66,6,1,0,4.66,0.110132,2023,2,23,3,0,0,0,1,0,0,0,1,0,0,0,0,0,0,0,1,0
19,5823.78,1531.45,3,2,0,1.95,0.2629649471648997,2023,1,27,4,0,0,0,0,1,0,0,0,1,0,0,0,0,0,1,0,1
51,5260.76,960.32,9,3,0,4.2,0.1825439670313795,2024,8,20,1,0,0,0,0,1,0,1,0,0,0,1,0,0,0,0,0,1
46,12499.42,5000.0,3,9,2,6.69,0.4000185608612239,2023,5,27,5,1,0,0,0,1,0,0,1,0,0,0,0,0,0,1,0,0
53,9279.34,2156.46,9,1,1,5.49,0.2323936831714324,2024,10,13,6,1,0,0,0,1,0,1,0,0,0,0,0,0,0,0,1,0
22,22833.18,2341.35,12,10,2,8.25,0.102541564512696,2023,2,18,5,1,1,0,0,0,1,0,0,0,0,1,0,0,0,0,0,1
48,5698.28,2856.99,9,4,0,3.19,0.501377608681918,2023,3,22,2,0,0,0,0,1,0,1,0,0,0,0,0,0,0,0,1,1
43,71850.83,100.0,6,0,0,1.23,0.0013917723706184,2024,11,23,5,1,1,0,0,0,0,0,1,0,0,0,0,0,0,1,0,0
47,13953.28,2691.87,3,1,0,8.77,0.1929202309421153,2024,7,31,2,0,0,0,0,1,0,1,0,0,0,0,0,0,0,1,0,0
48,25265.15,3525.3,9,15,1,7.37,0.1395321223107719,2024,10,7,0,0,0,0,1,0,0,0,1,0,0,0,1,0,0,0,0,0
36,48413.46,4445.71,9,16,1,8.36,0.0918279751127062,2023,6,3,5,1,0,1,0,0,1,0,0,0,0,0,0,0,0,1,0,1
34,11915.34,1207.38,3,11,1,6.74,0.1013298823197659,2024,10,18,4,0,0,0,1,0,1,0,0,0,0,0,0,0,1,0,0,1
41,106198.29,5000.0,12,6,0,3.74,0.0470817373801404,2024,9,14,5,1,0,1,0,0,0,0,0,0,1,0,0,0,1,0,0,0
43,103034.86,5000.0,3,21,1,8.58,0.0485272654323012,2023,4,3,0,0,0,1,0,0,0,1,0,0,0,1,0,0,0,0,0,0
30,14176.67,5000.0,12,19,4,6.94,0.3526921343305585,2023,6,8,3,0,0,0,1,0,1,0,0,0,0,0,0,0,0,0,1,1
34,14940.04,3488.07,6,11,1,1.29,0.2334712624598059,2023,2,10,4,0,0,0,1,0,0,0,0,0,1,0,0,1,0,0,0,0
39,86047.38,5000.0,9,4,0,5.64,0.058107521693281,2023,5,23,1,0,0,1,0,0,1,0,0,0,0,0,1,0,0,0,0,0
33,11502.06,100.0,3,3,1,2.49,0.008694094796932,2023,3,2,3,0,0,0,0,1,0,0,0,0,1,0,0,0,0,1,0,1
59,16219.1,5000.0,6,5,2,2.81,0.3082785111381026,2024,10,19,5,1,0,0,0,1,0,0,1,0,0,0,0,0,1,0,0,1
54,59822.77,5000.0,6,13,2,4.59,0.0835802153594693,2024,12,3,1,0,1,0,0,0,1,0,0,0,0,0,0,0,0,0,1,0
34,56108.58,5000.0,6,11,2,9.63,0.0891129306783383,2023,4,26,2,0,0,1,0,0,1,0,0,0,0,1,0,0,0,0,0,0
30,12950.09,3559.73,9,13,3,2.43,0.2748807151147212,2024,11,1,4,0,0,0,0,1,0,0,0,1,0,0,0,1,0,0,0,1
35,18224.0,1898.08,12,14,1,6.92,0.1041527655838454,2024,10,18,4,0,0,0,1,0,0,0,0,1,0,0,1,0,0,0,0,1
45,81281.53,5000.0,6,0,0,9.36,0.0615145900919926,2024,12,16,0,0,0,0,1,0,0,1,0,0,0,1,0,0,0,0,0,0
42,10261.38,4452.05,9,18,2,4.47,0.433864645885836,2024,7,5,4,0,0,0,0,1,0,1,0,0,0,0,0,0,0,0,1,1
41,61028.53,5000.0,3,10,1,6.13,0.0819288945678357,2024,12,16,0,0,1,0,0,0,0,1,0,0,0,0,0,1,0,0,0,0
37,8666.06,3478.37,9,15,1,3.17,0.4013784811090622,2024,9,19,3,0,0,0,0,1,1,0,0,0,0,0,1,0,0,0,0,1
23,15195.09,1974.52,12,8,1,2.55,0.1299446071066377,2024,11,9,5,1,0,0,1,0,1,0,0,0,0,0,0,0,0,0,1,0
49,42604.49,5000.0,3,20,1,6.51,0.1173585225406993,2024,9,20,4,0,0,1,0,0,0,0,0,1,0,0,1,0,0,0,0,0
36,8961.68,2717.92,9,0,0,5.73,0.3032824202604868,2024,12,21,5,1,0,0,1,0,0,0,1,0,0,0,0,0,0,0,1,1
20,29161.76,3104.87,12,19,1,9.15,0.1064705971107368,2024,8,20,1,0,0,1,0,0,0,0,0,0,1,0,0,1,0,0,0,1
21,9762.6,5000.0,6,5,1,9.21,0.5121586462622661,2023,4,29,5,1,0,0,1,0,1,0,0,0,0,0,0,1,0,0,0,1
21,46785.89,5000.0,12,1,0,8.19,0.1068698276339298,2024,8,25,6,1,0,1,0,0,0,1,0,0,0,1,0,0,0,0,0,1
19,12689.18,5000.0,3,5,0,9.28,0.3940364940839361,2024,10,29,1,0,0,0,1,0,0,1,0,0,0,0,0,0,1,0,0,1
34,59897.27,5000.0,9,5,0,8.84,0.0834762586007676,2023,5,9,1,0,0,1,0,0,1,0,0,0,0,0,0,0,1,0,0,0
30,23013.52,4999.6,12,4,0,7.02,0.2172462100539161,2024,10,14,0,0,0,0,1,0,0,0,1,0,0,1,0,0,0,0,0,0
56,39907.35,5000.0,3,8,1,9.87,0.1252902034337033,2023,5,5,4,0,0,1,0,0,0,1,0,0,0,0,0,0,0,1,0,0
31,12678.6,3062.69,9,5,1,4.44,0.2415637373211553,2024,9,9,0,0,0,0,1,0,0,0,1,0,0,1,0,0,0,0,0,1
52,76281.76,5000.0,6,1,0,3.87,0.0655464687757597,2023,1,13,4,0,1,0,0,0,0,1,0,0,0,1,0,0,0,0,0,0
38,12022.33,3869.4,3,3,0,8.05,0.3218510887656552,2024,9,8,6,1,0,0,0,1,1,0,0,0,0,0,1,0,0,0,0,0
58,5000.0,765.14,3,0,0,7.81,0.153028,2023,5,8,0,0,0,0,0,1,0,0,0,0,1,0,0,0,0,1,0,1
57,64489.99,5000.0,3,1,0,7.29,0.0775314122393258,2023,1,7,5,1,1,0,0,0,1,0,0,0,0,0,0,1,0,0,0,0
59,18205.34,5000.0,12,4,0,4.84,0.2746446921617503,2023,4,13,3,0,0,0,0,1,0,0,0,0,1,0,1,0,0,0,0,1
24,10783.22,5000.0,6,3,0,5.14,0.4636833895626724,2024,7,11,3,0,0,0,1,0,1,0,0,0,0,0,0,1,0,0,0,0
41,10777.93,2631.28,3,5,0,3.89,0.2441359333378487,2024,10,9,2,0,0,0,0,1,0,0,0,0,1,1,0,0,0,0,0,1
59,17078.86,3950.77,6,2,0,5.52,0.2313251587049721,2024,7,1,0,0,0,0,0,1,1,0,0,0,0,0,1,0,0,0,0,0
56,19288.75,5000.0,3,5,2,4.07,0.2592184563540924,2024,9,10,1,0,0,0,1,0,0,0,0,0,1,0,0,0,1,0,0,0
37,56260.99,4760.3,3,12,2,6.23,0.0846110244416246,2024,12,16,0,0,1,0,0,0,0,0,0,0,1,1,0,0,0,0,0,0
41,7042.5,2860.5,9,15,1,1.89,0.4061767838125665,2023,6,2,4,0,0,0,0,1,0,1,0,0,0,0,0,0,0,0,1,0
25,18023.58,5000.0,9,0,0,5.41,0.2774143649596806,2024,8,23,4,0,0,0,1,0,1,0,0,0,0,0,0,0,0,1,0,1
45,15570.36,3633.22,12,6,1,4.58,0.2333420678776855,2024,12,25,2,0,0,0,0,1,1,0,0,0,0,0,0,0,0,0,1,0
50,59687.75,5000.0,12,13,1,3.72,0.0837692826417481,2023,4,9,6,1,0,1,0,0,0,0,0,0,1,0,0,0,0,0,1,0
59,19234.46,3922.74,3,2,0,8.85,0.2039433391943418,2024,10,9,2,0,0,0,1,0,1,0,0,0,0,0,0,0,0,1,0,0
35,13898.84,3538.52,12,12,3,6.64,0.2545910306183825,2023,1,8,6,1,0,0,1,0,0,0,0,0,1,0,0,0,0,0,1,1
41,20393.88,5000.0,6,14,2,4.26,0.2451715906928941,2024,7,18,3,0,0,0,0,1,0,1,0,0,0,1,0,0,0,0,0,0
30,14642.31,5000.0,6,13,2,2.21,0.3414761741828988,2023,5,27,5,1,0,0,1,0,0,0,0,0,1,0,0,0,0,1,0,0
22,42751.81,5000.0,12,4,0,5.4,0.1169541125861104,2024,8,15,3,0,0,1,0,0,0,0,1,0,0,1,0,0,0,0,0,0
39,71874.35,5000.0,3,16,1,7.29,0.0695658465085249,2023,2,20,0,0,1,0,0,0,1,0,0,0,0,0,0,0,0,1,0,1
36,8644.72,2803.32,3,14,4,5.57,0.3242811797258905,2023,3,7,1,0,0,0,0,1,0,0,0,1,0,1,0,0,0,0,0,1
51,13911.11,676.51,9,0,0,1.54,0.0486309144273893,2024,10,12,5,1,0,0,0,1,0,1,0,0,0,1,0,0,0,0,0,0
50,42399.29,5000.0,9,18,1,2.19,0.1179265030145551,2023,6,22,3,0,1,0,0,0,0,1,0,0,0,0,0,0,0,1,0,1
24,50973.45,5000.0,9,4,0,3.68,0.0980902803322121,2024,7,10,2,0,0,1,0,0,0,0,0,1,0,0,0,1,0,0,0,1
23,7437.4,3534.66,3,5,1,6.95,0.4752547933417592,2023,5,7,6,1,0,0,1,0,0,0,0,0,1,0,0,0,0,0,1,0
21,25325.76,5000.0,3,14,1,2.14,0.1974274414667121,2024,7,7,6,1,1,0,0,0,0,0,1,0,0,0,0,1,0,0,0,0
48,14003.33,3540.52,6,6,0,5.84,0.2528341473063907,2023,5,20,5,1,0,0,0,1,0,1,0,0,0,0,0,0,1,0,0,1
36,96436.87,5000.0,6,14,1,8.08,0.0518473899038822,2024,10,7,0,0,0,1,0,0,0,0,0,0,1,0,0,0,0,1,0,0
44,83122.84,5000.0,12,13,1,2.51,0.0601519389857228,2024,7,31,2,0,0,1,0,0,0,0,0,1,0,0,0,0,0,1,0,0
42,10165.97,4456.48,9,2,0,4.04,0.4383723343665188,2024,11,5,1,0,0,0,1,0,0,0,1,0,0,0,1,0,0,0,0,0
45,20187.66,3062.4,12,16,1,7.37,0.1516966305158696,2023,3,7,1,0,0,0,1,0,0,0,1,0,0,0,0,0,1,0,0,1
36,10334.24,4258.91,12,9,2,8.29,0.4121164207527597,2024,9,14,5,1,0,0,0,1,0,0,0,1,0,0,0,1,0,0,0,0
53,38741.37,5000.0,3,2,0,3.71,0.1290610011984604,2024,8,6,1,0,1,0,0,0,0,0,0,0,1,0,1,0,0,0,0,1
33,54038.42,5000.0,6,19,1,5.8,0.092526761515233,2024,10,22,1,0,1,0,0,0,1,0,0,0,0,1,0,0,0,0,0,0
51,38059.36,5000.0,12,3,0,6.49,0.1313737277768202,2024,11,7,3,0,1,0,0,0,0,1,0,0,0,0,0,0,1,0,0,0
40,6330.95,1620.53,12,4,0,8.7,0.2559694832529083,2024,11,25,0,0,0,0,0,1,0,0,0,0,1,0,1,0,0,0,0,0
52,5000.0,783.99,3,24,2,8.85,0.156798,2023,6,14,2,0,0,0,0,1,0,0,1,0,0,0,0,0,1,0,0,1
54,53502.81,3681.55,9,12,2,8.6,0.0688104045376308,2023,2,20,0,0,0,1,0,0,0,0,0,0,1,0,0,1,0,0,0,1
21,5590.83,100.0,3,19,3,4.57,0.0178864318893616,2023,3,8,2,0,0,0,1,0,0,0,0,0,1,0,1,0,0,0,0,1
32,31212.69,4653.09,9,3,0,4.02,0.1490768658516776,2023,4,24,0,0,1,0,0,0,0,0,1,0,0,0,0,0,0,0,1,0
25,5000.0,124.55,9,2,0,4.03,0.0249099999999999,2024,9,19,3,0,0,0,0,1,1,0,0,0,0,1,0,0,0,0,0,1
42,92247.67,5000.0,9,5,0,8.52,0.0542019110076167,2024,7,29,0,0,1,0,0,0,0,1,0,0,0,0,1,0,0,0,0,0
50,87626.87,5000.0,12,5,1,7.62,0.0570601232247597,2024,9,18,2,0,0,1,0,0,0,0,1,0,0,0,0,0,0,1,0,0
52,5000.0,1620.97,3,12,1,7.08,0.324194,2024,9,19,3,0,0,0,0,1,1,0,0,0,0,0,0,1,0,0,0,0
46,15134.78,5000.0,9,19,3,1.01,0.3303648946334205,2023,5,21,6,1,0,0,1,0,0,1,0,0,0,0,0,0,1,0,0,1
57,10476.85,3784.47,9,0,0,8.92,0.3612221230617981,2023,1,18,2,0,0,0,1,0,0,0,0,0,1,0,1,0,0,0,0,0
20,10791.71,909.29,3,18,2,3.81,0.08425819448447,2023,2,12,6,1,0,0,1,0,0,1,0,0,0,0,0,0,0,1,0,1
55,51086.38,2801.83,6,2,0,3.2,0.0548449508459984,2024,10,3,3,0,1,0,0,0,0,1,0,0,0,0,1,0,0,0,0,0
48,97601.32,5000.0,9,1,0,5.2,0.0512288153479891,2023,1,17,1,0,0,1,0,0,0,0,0,1,0,0,1,0,0,0,0,0
38,45611.99,5000.0,9,2,0,4.25,0.1096202993993465,2024,11,20,2,0,1,0,0,0,0,0,1,0,0,0,0,0,1,0,0,0
21,42036.09,5000.0,12,10,2,2.82,0.1189454109552054,2024,7,24,2,0,0,1,0,0,0,1,0,0,0,0,0,0,1,0,0,0
25,59832.73,5000.0,9,7,1,4.46,0.0835663022563068,2024,10,26,5,1,1,0,0,0,0,0,0,1,0,0,0,0,1,0,0,0
49,20417.16,5000.0,9,1,0,3.52,0.2448920417922963,2023,3,31,4,0,0,0,1,0,0,0,1,0,0,1,0,0,0,0,0,1
55,12564.6,3479.54,6,13,2,8.29,0.2769320153446986,2024,10,17,3,0,0,0,0,1,0,0,1,0,0,0,1,0,0,0,0,1
45,81389.58,5000.0,9,0,0,9.87,0.0614329254432815,2023,1,23,0,0,0,1,0,0,0,0,1,0,0,0,0,1,0,0,0,0
58,10126.92,3166.93,6,12,2,8.1,0.3127239081576629,2024,9,20,4,0,0,0,1,0,0,0,0,0,1,0,1,0,0,0,0,0
24,6984.04,2060.85,3,2,0,6.02,0.2950799250863397,2024,12,20,4,0,0,0,0,1,0,0,1,0,0,0,0,0,1,0,0,0
21,10739.05,1449.46,9,13,1,9.51,0.1349709704303453,2023,2,10,4,0,0,0,0,1,0,1,0,0,0,0,0,0,0,0,1,0
54,68849.92,5000.0,12,2,0,7.0,0.0726217256316347,2024,11,9,5,1,1,0,0,0,0,1,0,0,0,0,0,0,0,0,1,0
47,10756.2,4134.99,12,1,0,9.3,0.3844285156467897,2024,11,29,4,0,0,0,0,1,0,0,0,0,1,0,1,0,0,0,0,0
35,5000.0,1601.64,3,1,0,4.91,0.320328,2023,4,15,5,1,0,0,0,1,0,0,0,1,0,0,0,0,0,1,0,0
19,44309.88,5000.0,6,1,0,6.37,0.1128416506657206,2024,11,30,5,1,0,1,0,0,0,0,1,0,0,1,0,0,0,0,0,1
36,36602.2,3471.95,12,7,2,3.38,0.0948563201119058,2023,5,23,1,0,0,1,0,0,0,0,1,0,0,0,0,0,1,0,0,0
38,30385.36,5000.0,6,16,2,3.71,0.164552929437071,2024,12,1,6,1,1,0,0,0,0,0,0,0,1,0,1,0,0,0,0,1
45,88058.64,5000.0,12,8,2,8.53,0.0567803454607066,2023,6,20,1,0,0,1,0,0,1,0,0,0,0,0,0,1,0,0,0,0
34,62247.71,2917.5,9,11,1,5.07,0.0468691940635245,2023,4,18,1,0,1,0,0,0,0,0,0,1,0,0,0,1,0,0,0,0
52,9581.31,1793.88,9,9,1,4.73,0.187227007580383,2024,10,5,5,1,0,0,0,1,1,0,0,0,0,0,1,0,0,0,0,1
38,7026.58,779.99,6,0,0,5.12,0.1110056385894702,2023,3,31,4,0,0,0,1,0,0,1,0,0,0,0,0,0,1,0,0,1
20,9721.9,3460.4,9,16,1,4.29,0.3559386539668172,2023,2,3,4,0,0,0,0,1,0,1,0,0,0,0,0,1,0,0,0,1
32,53335.57,5000.0,12,6,2,9.48,0.0937460685242512,2023,2,18,5,1,1,0,0,0,0,0,0,0,1,1,0,0,0,0,0,0
21,53184.89,5000.0,9,2,0,1.31,0.0940116638391092,2024,11,11,0,0,1,0,0,0,0,0,0,1,0,0,0,1,0,0,0,0
34,59963.54,5000.0,6,5,1,3.22,0.0833840030124972,2024,7,23,1,0,1,0,0,0,0,0,0,0,1,0,0,0,1,0,0,0
32,52509.32,5000.0,12,2,0,9.29,0.0952211912094843,2024,8,18,6,1,0,1,0,0,0,0,0,0,1,0,1,0,0,0,0,0
19,6088.39,2673.66,3,10,1,8.65,0.4391407252163543,2024,7,29,0,0,0,0,0,1,0,0,1,0,0,0,0,0,1,0,0,0
32,40535.12,5000.0,12,17,2,6.93,0.1233498260274053,2023,4,12,2,0,1,0,0,0,0,1,0,0,0,0,0,0,1,0,0,1
23,29757.9,3696.68,12,17,1,9.78,0.1242251637380325,2023,1,9,0,0,1,0,0,0,0,0,0,0,1,1,0,0,0,0,0,0
59,87546.66,5000.0,9,10,1,9.67,0.0571124015467865,2024,7,3,2,0,0,1,0,0,1,0,0,0,0,0,0,0,0,1,0,0
28,17612.11,2763.05,6,15,4,3.94,0.1568835307069965,2023,1,7,5,1,0,0,1,0,0,0,0,1,0,0,0,0,1,0,0,1
38,5000.0,1061.0,6,14,2,6.12,0.2122,2024,8,6,1,0,0,0,0,1,0,0,1,0,0,0,1,0,0,0,0,1
46,5384.92,2299.98,12,1,0,5.94,0.42711498035254,2023,5,1,0,0,0,0,0,1,0,0,0,0,1,0,1,0,0,0,0,0
45,12141.69,2886.77,3,14,1,2.04,0.2377568526292468,2023,3,12,6,1,0,0,0,1,0,0,1,0,0,0,0,0,1,0,0,1
32,59142.95,5000.0,6,16,3,9.33,0.084540930068588,2024,11,6,2,0,1,0,0,0,0,0,0,0,1,0,0,1,0,0,0,1
44,15414.38,2800.96,3,2,0,3.23,0.181710844030055,2023,5,29,0,0,0,0,1,0,0,1,0,0,0,0,1,0,0,0,0,1
59,21823.95,5000.0,6,12,1,9.09,0.2291060967423404,2024,12,17,1,0,0,0,1,0,0,0,1,0,0,0,0,1,0,0,0,1
24,13478.88,3509.27,12,14,1,7.51,0.2603532340966015,2023,6,6,1,0,0,0,0,1,1,0,0,0,0,0,0,0,0,0,1,0
42,29625.84,5000.0,6,12,2,2.49,0.1687715858858348,2023,4,29,5,1,1,0,0,0,0,0,0,1,0,0,0,1,0,0,0,0
50,102913.52,5000.0,6,0,0,3.55,0.0485844814170188,2024,12,14,5,1,0,1,0,0,1,0,0,0,0,0,0,0,0,1,0,0
18,46882.35,5000.0,6,1,0,6.5,0.1066499439554544,2023,5,29,0,0,1,0,0,0,0,1,0,0,0,0,0,1,0,0,0,0
43,13906.58,3585.6,12,13,1,4.03,0.2578347803701557,2024,8,15,3,0,0,0,1,0,1,0,0,0,0,0,0,0,0,0,1,1
18,5579.99,2594.03,9,17,1,8.61,0.4648807614350564,2023,1,2,0,0,0,0,1,0,0,0,0,1,0,0,0,0,1,0,0,1
50,47937.78,5000.0,3,17,1,4.95,0.1043018679630137,2024,11,3,6,1,1,0,0,0,0,0,0,0,1,0,0,1,0,0,0,1
29,5000.0,471.11,12,15,1,6.05,0.094222,2024,10,23,2,0,0,1,0,0,0,1,0,0,0,0,0,0,0,1,0,0
59,24760.98,5000.0,3,23,2,4.58,0.2019306182550125,2023,2,23,3,0,0,0,1,0,0,0,0,1,0,0,0,1,0,0,0,1
35,14933.29,5000.0,3,3,0,4.64,0.3348224001542861,2024,10,20,6,1,0,0,1,0,0,0,1,0,0,0,0,0,1,0,0,0
35,74515.75,5000.0,9,10,1,8.5,0.067099908408625,2024,11,19,1,0,1,0,0,0,0,0,1,0,0,0,0,1,0,0,0,0
22,46338.2,100.0,12,1,0,1.17,0.0021580467087629,2023,4,22,5,1,1,0,0,0,0,0,1,0,0,0,0,0,1,0,0,1
37,31521.42,5000.0,6,14,1,8.32,0.1586222955691717,2023,6,23,4,0,1,0,0,0,0,0,1,0,0,0,0,0,0,0,1,0
19,17610.64,4291.37,6,6,1,9.6,0.2436805249553679,2024,7,26,4,0,0,0,1,0,0,0,0,1,0,0,0,0,0,1,0,0
55,25117.41,5000.0,3,15,2,4.75,0.19906511061451,2024,11,7,3,0,0,0,1,0,1,0,0,0,0,0,0,0,0,1,0,1
44,5000.0,1230.44,12,1,0,9.33,0.246088,2024,8,25,6,1,0,0,0,1,0,0,0,0,1,1,0,0,0,0,0,1
55,16906.62,4769.14,9,7,2,1.67,0.282087135098559,2023,6,13,1,0,0,0,1,0,0,0,0,1,0,0,0,0,1,0,0,1
44,76490.21,5000.0,3,12,1,7.91,0.0653678424990596,2023,6,8,3,0,0,1,0,0,0,1,0,0,0,0,0,1,0,0,0,0
26,56895.44,5000.0,6,17,2,9.17,0.0878805050105948,2023,3,10,4,0,1,0,0,0,0,0,1,0,0,0,0,0,1,0,0,1
27,27172.04,5000.0,12,7,1,7.68,0.1840126836262569,2023,4,22,5,1,0,0,1,0,1,0,0,0,0,0,0,1,0,0,0,1
32,23677.21,5000.0,3,4,1,3.25,0.2111735293136311,2024,11,20,2,0,0,0,1,0,0,0,1,0,0,1,0,0,0,0,0,1
41,20734.18,3401.88,3,2,0,5.45,0.1640711134947222,2023,3,3,4,0,0,0,1,0,1,0,0,0,0,0,0,1,0,0,0,0
21,27288.11,1601.86,3,2,0,4.83,0.058701756919039,2023,1,21,5,1,0,1,0,0,0,0,0,0,1,0,0,0,0,0,1,0
42,15439.65,5000.0,6,0,0,3.67,0.323841537858695,2023,4,24,0,0,0,0,0,1,0,0,1,0,0,0,0,0,0,0,1,0
20,56992.57,5000.0,3,18,2,3.96,0.0877307340237508,2023,4,4,1,0,0,1,0,0,0,1,0,0,0,1,0,0,0,0,0,1
49,87025.93,5000.0,6,10,1,9.23,0.0574541403924094,2023,1,24,1,0,1,0,0,0,0,0,0,1,0,0,0,1,0,0,0,0
47,18120.51,2895.08,3,3,0,8.25,0.1597681301464473,2023,1,22,6,1,0,0,0,1,0,0,0,0,1,0,0,1,0,0,0,0
30,57835.11,5000.0,12,9,3,5.73,0.086452675546048,2024,10,27,6,1,0,1,0,0,0,0,1,0,0,0,1,0,0,0,0,0
49,5000.0,2078.05,6,2,0,8.41,0.41561,2024,12,8,6,1,0,0,0,1,1,0,0,0,0,0,1,0,0,0,0,1
28,18608.71,4969.75,6,20,3,5.14,0.2670657987576785,2023,2,27,0,0,0,0,1,0,0,0,1,0,0,0,0,0,1,0,0,1
49,11915.56,100.0,9,4,1,5.48,0.0083923877685983,2023,3,20,0,0,0,0,0,1,0,0,1,0,0,0,0,0,0,1,0,1
51,56503.9,5000.0,6,2,0,8.44,0.0884894670987312,2023,2,18,5,1,1,0,0,0,0,0,0,0,1,0,0,1,0,0,0,0
29,18788.14,5000.0,3,4,0,9.27,0.2661253322574773,2024,10,13,6,1,0,0,0,1,1,0,0,0,0,1,0,0,0,0,0,1
21,17840.91,5000.0,3,12,3,7.99,0.2802547627895662,2023,5,29,0,0,1,0,0,0,0,0,1,0,0,0,0,0,1,0,0,1
59,130220.67,5000.0,6,15,1,1.23,0.0383963621136337,2024,7,12,4,0,0,1,0,0,0,0,0,1,0,0,0,0,0,1,0,0
24,24900.0,5000.0,12,0,0,7.68,0.2008032128514056,2023,6,7,2,0,0,1,0,0,1,0,0,0,0,0,1,0,0,0,0,0
29,61106.32,5000.0,9,23,2,7.79,0.0818245968665761,2024,7,24,2,0,0,1,0,0,0,0,1,0,0,0,0,0,0,1,0,0
54,12250.28,2849.95,6,2,1,5.41,0.232643662022419,2023,3,30,3,0,0,0,1,0,0,0,1,0,0,0,0,0,1,0,0,1
57,15656.22,5000.0,3,16,2,9.33,0.3193618893960356,2024,9,10,1,0,0,0,1,0,0,1,0,0,0,0,1,0,0,0,0,1
24,50595.72,5000.0,3,11,2,2.05,0.0988225881556779,2024,7,25,3,0,1,0,0,0,1,0,0,0,0,0,0,0,0,1,0,0
27,52096.2,5000.0,3,0,0,7.43,0.0959762900173141,2023,6,14,2,0,0,1,0,0,1,0,0,0,0,0,0,0,1,0,0,0
54,24102.26,5000.0,9,9,1,9.83,0.2074494259044587,2023,6,24,5,1,1,0,0,0,0,0,1,0,0,0,0,0,0,0,1,0
44,12249.29,1170.38,6,0,0,2.34,0.0955467623021416,2024,12,12,3,0,1,0,0,0,1,0,0,0,0,0,0,0,0,0,1,1
39,48469.78,1080.47,6,0,0,9.11,0.0222916217073813,2024,8,25,6,1,0,1,0,0,0,1,0,0,0,0,0,1,0,0,0,0
44,65181.59,100.0,3,13,1,8.46,0.0015341755241012,2024,10,24,3,0,1,0,0,0,1,0,0,0,0,1,0,0,0,0,0,0
45,63817.71,5000.0,9,0,0,4.77,0.0783481575882306,2024,8,29,3,0,0,1,0,0,0,0,0,1,0,0,0,1,0,0,0,0
30,62594.61,5000.0,9,1,0,4.92,0.0798790822404676,2024,7,9,1,0,1,0,0,0,0,1,0,0,0,0,0,0,1,0,0,0
27,22547.72,5000.0,6,13,2,1.26,0.2217519110579695,2023,3,11,5,1,1,0,0,0,0,0,0,0,1,0,0,0,0,0,1,1
18,7775.13,4607.36,12,21,1,5.45,0.5925765871438805,2024,11,1,4,0,0,0,1,0,0,0,0,0,1,0,0,0,1,0,0,0
21,27617.23,985.42,9,10,1,5.61,0.035681348201829,2024,8,29,3,0,1,0,0,0,1,0,0,0,0,0,0,1,0,0,0,0
53,10064.35,578.51,6,1,0,1.14,0.0574811090631784,2024,12,22,6,1,0,0,0,1,0,1,0,0,0,1,0,0,0,0,0,0
42,12281.99,667.41,3,13,2,3.44,0.054340542534231,2023,6,9,4,0,0,0,1,0,0,0,0,1,0,0,0,0,1,0,0,1
44,88408.92,5000.0,12,1,0,6.32,0.0565553792535866,2024,9,14,5,1,0,1,0,0,0,0,1,0,0,0,0,0,1,0,0,0
23,34000.39,5000.0,9,2,0,5.62,0.1470571366975496,2023,6,23,4,0,1,0,0,0,0,0,0,0,1,0,0,0,0,1,0,0
49,70783.62,5000.0,9,0,0,2.74,0.0706378114032596,2024,7,28,6,1,1,0,0,0,0,0,0,0,1,0,0,0,0,0,1,0
22,7814.7,5000.0,3,15,2,4.11,0.6398198267367909,2023,6,18,6,1,0,0,0,1,0,0,0,1,0,0,1,0,0,0,0,0
59,7849.64,4227.18,12,1,0,4.02,0.5385189639270082,2023,6,10,5,1,0,0,0,1,0,0,0,0,1,0,1,0,0,0,0,1
35,5599.8,935.24,12,23,1,9.85,0.1670131076109861,2024,8,24,5,1,0,0,0,1,1,0,0,0,0,0,0,0,0,0,1,1
57,56665.35,5000.0,3,11,1,6.48,0.0882373443382949,2024,9,1,6,1,0,1,0,0,0,0,1,0,0,0,0,0,1,0,0,0
26,16382.82,5000.0,12,11,1,1.8,0.3051977620458505,2024,8,30,4,0,0,0,1,0,0,0,0,0,1,0,0,1,0,0,0,0
44,17408.96,2049.85,9,10,1,7.13,0.1177468384096465,2024,8,25,6,1,0,0,1,0,0,0,0,1,0,0,0,0,0,0,1,0
26,60479.42,5000.0,6,1,0,8.04,0.0826727504992607,2024,9,28,5,1,1,0,0,0,1,0,0,0,0,0,0,0,0,1,0,0
48,5870.91,324.21,12,0,0,4.84,0.0552231255461248,2024,8,9,4,0,0,0,0,1,0,0,1,0,0,0,0,0,1,0,0,0
28,10740.57,4191.61,6,17,3,9.82,0.3902595486086865,2024,7,6,5,1,0,0,1,0,0,0,0,0,1,0,1,0,0,0,0,1
48,19381.48,5000.0,3,14,1,6.6,0.2579782348922786,2023,1,9,0,0,0,0,1,0,0,0,1,0,0,0,0,0,1,0,0,1
22,8666.78,3796.36,9,13,1,5.08,0.4380358103009422,2023,5,29,0,0,0,0,1,0,0,0,0,0,1,0,1,0,0,0,0,1
53,69293.71,5000.0,3,2,0,8.67,0.0721566214307185,2024,10,8,1,0,0,1,0,0,0,0,1,0,0,0,0,0,0,1,0,0
59,66493.33,5000.0,3,0,0,3.65,0.0751955120912127,2023,6,12,0,0,0,1,0,0,0,1,0,0,0,0,0,1,0,0,0,0
42,12279.82,795.5,3,0,0,3.63,0.064781079852962,2024,8,27,1,0,0,0,1,0,0,0,0,0,1,0,1,0,0,0,0,1
32,8845.91,3091.58,9,4,2,8.87,0.3494925903609691,2023,3,3,4,0,0,0,0,1,0,1,0,0,0,0,0,0,0,1,0,1
50,8287.25,1936.63,3,1,0,5.78,0.2336878940541193,2023,4,25,1,0,0,0,0,1,0,0,1,0,0,1,0,0,0,0,0,1
50,49614.43,5000.0,3,10,3,2.07,0.100777132781733,2024,11,2,5,1,1,0,0,0,0,0,1,0,0,0,0,1,0,0,0,0
29,51841.69,5000.0,3,20,3,8.62,0.0964474730665609,2024,7,9,1,0,0,1,0,0,0,0,0,1,0,0,0,0,1,0,0,0
29,5000.0,100.0,6,1,0,8.35,0.02,2023,5,11,3,0,0,0,0,1,0,1,0,0,0,0,1,0,0,0,0,0
27,51739.49,5000.0,12,16,1,8.17,0.0966379838688011,2023,2,25,5,1,0,1,0,0,0,0,0,1,0,0,0,0,1,0,0,1
33,34868.69,5000.0,12,12,1,1.1,0.1433951203787695,2024,10,8,1,0,0,1,0,0,0,0,0,1,0,1,0,0,0,0,0,1
26,60844.24,5000.0,12,8,2,9.48,0.0821770474904444,2023,5,14,6,1,1,0,0,0,0,1,0,0,0,0,0,0,1,0,0,1
31,41478.07,5000.0,3,3,0,7.36,0.1205456280873242,2023,2,23,3,0,1,0,0,0,0,0,0,0,1,0,0,1,0,0,0,1
49,84692.12,5000.0,12,0,0,1.16,0.0590373697104287,2024,7,18,3,0,0,1,0,0,0,1,0,0,0,0,1,0,0,0,0,0
35,11546.13,3300.53,3,0,0,7.09,0.2858559534666594,2023,3,19,6,1,0,0,0,1,0,0,1,0,0,0,0,0,0,1,0,1
25,67091.27,5000.0,3,8,1,3.53,0.0745253443555323,2024,12,16,0,0,0,1,0,0,0,0,0,1,0,0,0,0,0,1,0,0
53,32992.07,5000.0,6,13,1,2.3,0.1515515698166256,2023,1,29,6,1,1,0,0,0,1,0,0,0,0,0,0,0,0,0,1,0
29,10601.95,5000.0,3,0,0,8.42,0.4716113545149712,2023,1,12,3,0,0,1,0,0,1,0,0,0,0,0,0,0,1,0,0,0
31,6539.27,1828.52,6,10,1,7.04,0.2796214256331364,2023,5,1,0,0,0,0,1,0,0,1,0,0,0,0,0,1,0,0,0,1
32,58170.97,5000.0,6,0,0,7.31,0.085953526303584,2024,12,19,3,0,1,0,0,0,1,0,0,0,0,0,0,0,1,0,0,0
50,36692.08,4851.64,9,18,2,9.64,0.1322258100385696,2024,12,12,3,0,0,1,0,0,1,0,0,0,0,1,0,0,0,0,0,1
50,46824.03,5000.0,9,1,0,5.35,0.1067827779881398,2023,5,30,1,0,1,0,0,0,0,0,0,1,0,0,0,0,0,0,1,0
41,88960.17,5000.0,6,17,1,5.48,0.0562049285652219,2023,5,17,2,0,0,1,0,0,0,0,1,0,0,1,0,0,0,0,0,0
55,23705.32,3095.32,9,10,2,7.06,0.1305749089233978,2024,10,3,3,0,0,0,1,0,0,0,0,1,0,0,0,0,1,0,0,1
57,28605.27,5000.0,9,2,0,1.43,0.1747929664708636,2024,9,13,4,0,0,0,1,0,0,1,0,0,0,1,0,0,0,0,0,0
24,9788.28,1523.07,6,20,2,4.2,0.1556013926859468,2023,5,28,6,1,0,0,0,1,0,0,1,0,0,0,1,0,0,0,0,1
54,53243.5,5000.0,3,11,2,2.74,0.0939081765849352,2023,6,18,6,1,1,0,0,0,0,0,1,0,0,0,0,0,0,1,0,0
50,8353.27,2714.31,12,2,0,1.89,0.3249398139890126,2024,11,9,5,1,0,0,0,1,0,1,0,0,0,0,0,1,0,0,0,0
23,62509.13,5000.0,9,3,0,6.84,0.0799883153068999,2024,11,7,3,0,0,1,0,0,0,0,0,0,1,0,0,0,0,1,0,0
54,73247.13,3240.9,3,1,0,5.61,0.0442461022022296,2024,11,18,0,0,1,0,0,0,1,0,0,0,0,0,0,0,0,1,0,0
59,22836.87,2881.09,6,12,1,3.33,0.1261595831652937,2023,2,17,4,0,0,0,1,0,1,0,0,0,0,0,0,1,0,0,0,0
56,65554.62,5000.0,3,17,1,1.38,0.0762722749365338,2023,5,27,5,1,1,0,0,0,0,1,0,0,0,0,1,0,0,0,0,1
56,118747.08,5000.0,3,15,1,5.34,0.0421062985296143,2024,11,29,4,0,0,1,0,0,1,0,0,0,0,0,0,0,0,1,0,0
35,56830.17,5000.0,12,11,2,1.69,0.0879814366207245,2023,4,10,0,0,0,1,0,0,0,0,1,0,0,0,0,0,0,1,0,1
40,54184.83,1009.44,6,13,2,8.32,0.0186295684603974,2024,7,7,6,1,1,0,0,0,0,0,0,1,0,0,0,0,0,0,1,0
37,21731.03,5000.0,3,2,0,7.27,0.2300857345464066,2024,10,19,5,1,1,0,0,0,1,0,0,0,0,1,0,0,0,0,0,0
20,5000.0,1340.97,3,5,0,2.49,0.268194,2024,9,21,5,1,0,0,0,1,0,1,0,0,0,1,0,0,0,0,0,0
54,8362.26,3176.32,12,13,1,4.17,0.3798398997400224,2024,9,5,3,0,0,0,1,0,0,0,1,0,0,0,1,0,0,0,0,1
44,47946.4,5000.0,6,0,0,9.6,0.1042831161463634,2024,7,28,6,1,1,0,0,0,0,0,0,1,0,0,0,0,0,0,1,0
45,5000.0,770.84,6,0,0,6.65,0.154168,2023,5,23,1,0,0,0,0,1,0,0,1,0,0,1,0,0,0,0,0,1
54,55010.66,5000.0,6,4,0,8.88,0.0908914744887627,2023,2,20,0,0,0,1,0,0,0,0,0,1,0,1,0,0,0,0,0,0
38,50900.12,5000.0,6,1,0,1.28,0.0982315955247256,2024,9,16,0,0,0,1,0,0,0,0,1,0,0,0,0,0,0,1,0,0
43,78271.25,5000.0,9,0,0,9.78,0.0638804158615072,2023,5,7,6,1,0,1,0,0,0,0,0,1,0,0,0,0,0,1,0,0
32,61030.39,100.0,3,11,1,6.69,0.001638527953041,2023,6,11,6,1,1,0,0,0,1,0,0,0,0,0,1,0,0,0,0,1
24,5765.47,1161.6,9,6,1,3.69,0.2014753350550779,2023,1,21,5,1,0,0,0,1,0,0,1,0,0,0,0,0,1,0,0,0
59,120124.71,5000.0,9,3,1,7.26,0.0416234095383039,2023,5,20,5,1,0,1,0,0,0,0,1,0,0,0,1,0,0,0,0,0
28,8750.63,2614.51,6,7,1,9.62,0.2987796307237308,2024,9,14,5,1,0,0,0,1,0,0,0,1,0,0,1,0,0,0,0,1
26,8786.18,3714.09,9,0,0,5.64,0.4227195436469546,2024,8,6,1,0,0,0,0,1,0,0,1,0,0,0,0,0,0,0,1,1
34,111876.6,5000.0,3,21,1,5.12,0.0446920982582595,2024,8,16,4,0,0,1,0,0,0,0,1,0,0,1,0,0,0,0,0,0
53,14486.67,5000.0,6,1,0,6.52,0.3451448814668933,2023,4,7,4,0,0,0,0,1,0,0,0,0,1,0,0,1,0,0,0,1
44,16036.94,4886.71,6,20,3,6.4,0.3047158622530233,2023,6,1,3,0,0,0,0,1,0,1,0,0,0,0,1,0,0,0,0,0
23,42495.11,5000.0,9,16,1,1.36,0.117660596713363,2023,5,7,6,1,1,0,0,0,0,0,1,0,0,0,0,0,0,0,1,0
26,5188.65,2188.92,6,12,1,5.64,0.4218669596137724,2024,11,12,1,0,0,0,0,1,0,1,0,0,0,1,0,0,0,0,0,0
33,48504.23,5000.0,12,17,1,5.97,0.1030837928980627,2024,8,1,3,0,1,0,0,0,1,0,0,0,0,0,0,1,0,0,0,0
21,5000.0,2311.77,6,0,0,2.95,0.462354,2023,5,15,0,0,0,0,0,1,0,1,0,0,0,0,0,1,0,0,0,1
44,13158.97,5000.0,3,2,0,7.75,0.3799689489374928,2024,8,25,6,1,0,0,0,1,0,0,0,1,0,1,0,0,0,0,0,0
52,21721.04,2688.05,3,4,1,6.72,0.1237532825315915,2024,8,14,2,0,0,0,1,0,0,0,1,0,0,0,0,0,1,0,0,0
44,71672.67,5000.0,6,20,1,6.08,0.0697615981098513,2024,10,25,4,0,0,1,0,0,0,1,0,0,0,0,0,0,0,0,1,0
46,12961.03,2189.36,12,5,1,5.74,0.1689186739016883,2023,4,9,6,1,0,0,0,1,1,0,0,0,0,0,0,0,0,1,0,0
18,41797.03,5000.0,3,11,1,4.04,0.1196257246029203,2023,3,16,3,0,1,0,0,0,0,1,0,0,0,0,0,0,1,0,0,1
34,41257.05,100.0,3,3,0,5.31,0.0024238281699733,2024,11,1,4,0,1,0,0,0,0,0,0,0,1,0,1,0,0,0,0,0
45,11186.46,4587.41,3,0,0,8.67,0.410085943184886,2023,1,18,2,0,0,0,1,0,0,1,0,0,0,0,0,0,0,1,0,1
29,74766.08,5000.0,3,9,1,2.95,0.0668752461009056,2023,3,4,5,1,0,1,0,0,0,0,0,0,1,0,0,1,0,0,0,0
34,18388.16,5000.0,6,4,0,8.54,0.2719141012477594,2023,3,11,5,1,0,0,1,0,0,0,0,1,0,0,0,1,0,0,0,0
53,17817.74,5000.0,9,2,0,3.21,0.2806192031088118,2023,2,3,4,0,0,0,0,1,0,0,0,1,0,0,0,0,0,1,0,0
29,16197.45,4077.11,3,10,1,4.66,0.2517130782931881,2023,3,26,6,1,0,0,1,0,0,0,0,1,0,0,0,1,0,0,0,1
46,84278.18,100.0,6,14,2,7.79,0.0011865467431783,2023,1,10,1,0,0,1,0,0,0,0,1,0,0,1,0,0,0,0,0,0
50,6724.91,536.47,9,0,0,5.12,0.0797735583078435,2023,5,17,2,0,0,0,0,1,0,0,0,0,1,1,0,0,0,0,0,0
53,26140.06,5000.0,12,10,1,1.44,0.191277296226558,2024,11,9,5,1,0,0,1,0,0,1,0,0,0,0,0,0,0,1,0,1
50,19989.26,5000.0,3,2,0,1.71,0.2501343221309843,2024,9,18,2,0,0,0,1,0,1,0,0,0,0,0,0,0,0,0,1,1
43,24058.9,5000.0,12,14,2,6.83,0.2078233003171383,2024,11,27,2,0,0,0,1,0,0,0,1,0,0,0,0,0,0,1,0,0
59,73825.35,5000.0,12,0,0,3.66,0.0677274134155815,2024,8,28,2,0,0,1,0,0,0,0,0,1,0,0,0,0,0,0,1,0
18,22080.57,3372.32,6,22,2,3.54,0.1527279413529632,2024,8,18,6,1,0,1,0,0,1,0,0,0,0,1,0,0,0,0,0,1
54,63751.59,5000.0,3,13,3,7.34,0.078429416427104,2023,2,27,0,0,1,0,0,0,1,0,0,0,0,0,0,0,1,0,0,1
22,41706.97,2341.53,3,2,0,3.36,0.0561424145652393,2023,3,9,3,0,1,0,0,0,0,0,1,0,0,0,0,1,0,0,0,0
36,13129.67,5000.0,12,16,2,2.14,0.3808168826786964,2023,1,27,4,0,0,0,0,1,0,0,1,0,0,0,0,0,0,0,1,1
34,70966.11,5000.0,6,10,1,9.06,0.0704561656260995,2024,8,3,5,1,0,1,0,0,1,0,0,0,0,0,0,0,0,1,0,0
30,11595.22,4593.44,9,1,0,9.91,0.3961494477896926,2023,1,4,2,0,0,0,1,0,0,0,1,0,0,1,0,0,0,0,0,1
52,41823.42,5000.0,6,4,1,3.94,0.1195502424239815,2024,8,26,0,0,0,1,0,0,0,0,1,0,0,0,1,0,0,0,0,1
55,109087.69,5000.0,9,3,0,2.96,0.0458346858385212,2023,6,9,4,0,0,1,0,0,0,0,0,0,1,0,1,0,0,0,0,0
21,8831.01,1167.62,6,14,1,3.58,0.1322181721003599,2023,1,3,1,0,0,0,0,1,1,0,0,0,0,0,0,1,0,0,0,1
59,44793.89,5000.0,12,0,0,9.12,0.1116223663539826,2023,6,2,4,0,1,0,0,0,1,0,0,0,0,0,1,0,0,0,0,0
45,5000.0,1725.52,9,17,1,9.72,0.345104,2024,8,5,0,0,0,0,1,0,1,0,0,0,0,0,0,0,1,0,0,0
47,10827.17,5000.0,9,2,0,5.95,0.461801190892911,2023,3,29,2,0,0,0,0,1,0,1,0,0,0,1,0,0,0,0,0,1
38,79664.36,5000.0,3,17,1,6.04,0.0627633235238442,2023,1,16,0,0,0,1,0,0,0,0,1,0,0,0,0,0,1,0,0,0
50,5000.0,2491.91,6,0,0,2.99,0.498382,2023,6,28,2,0,0,0,1,0,0,1,0,0,0,0,0,0,0,1,0,0
20,46071.74,5000.0,6,17,1,9.74,0.1085263981781456,2024,9,18,2,0,1,0,0,0,0,1,0,0,0,0,1,0,0,0,0,1
30,5000.0,1518.89,6,0,0,2.54,0.303778,2023,1,28,5,1,0,0,0,1,0,0,0,0,1,1,0,0,0,0,0,1
24,33194.27,5000.0,12,0,2,8.09,0.1506284066497019,2023,5,11,3,0,0,1,0,0,0,1,0,0,0,0,0,0,1,0,0,1
31,31046.12,805.17,3,2,0,2.46,0.0259346417523349,2024,8,1,3,0,1,0,0,0,0,0,0,0,1,1,0,0,0,0,0,0
49,64625.35,5000.0,3,2,0,7.72,0.0773690200517289,2023,5,23,1,0,1,0,0,0,0,0,0,0,1,0,0,0,0,1,0,0
52,80807.06,5000.0,3,8,1,9.02,0.0618757816458116,2023,6,20,1,0,1,0,0,0,0,0,1,0,0,1,0,0,0,0,0,0
29,27103.87,5000.0,6,10,2,6.26,0.1844755011000274,2023,6,10,5,1,1,0,0,0,1,0,0,0,0,1,0,0,0,0,0,0
46,19722.96,5000.0,3,3,2,9.01,0.2535116432827527,2024,8,20,1,0,0,0,1,0,0,1,0,0,0,0,0,1,0,0,0,0
31,12165.48,1908.44,3,6,2,1.83,0.156873382718972,2024,10,4,4,0,0,0,1,0,0,0,1,0,0,1,0,0,0,0,0,0
22,5000.0,293.21,12,2,0,6.88,0.0586419999999999,2024,9,13,4,0,0,0,1,0,0,1,0,0,0,0,1,0,0,0,0,0
41,21103.3,5000.0,6,19,4,6.46,0.2369297692777907,2024,10,19,5,1,0,0,1,0,0,1,0,0,0,0,0,0,0,0,1,1
47,10750.43,3747.07,6,20,1,2.76,0.3485507091344253,2023,3,1,2,0,0,0,1,0,1,0,0,0,0,0,0,0,1,0,0,0
40,56455.77,5000.0,9,21,1,1.61,0.0885649066517027,2023,4,20,3,0,1,0,0,0,1,0,0,0,0,0,0,0,0,1,0,1
22,7467.1,3318.94,9,23,2,1.86,0.4444750974273814,2023,3,15,2,0,0,0,0,1,1,0,0,0,0,0,0,0,0,0,1,1
56,95311.58,5000.0,9,0,0,6.74,0.052459522756836,2024,12,2,0,0,0,1,0,0,0,1,0,0,0,0,0,0,0,1,0,0
20,8651.69,2761.76,12,8,2,8.73,0.3192162456121289,2023,4,23,6,1,0,0,0,1,1,0,0,0,0,0,0,1,0,0,0,0
36,51925.78,5000.0,12,3,0,1.65,0.0962912834434071,2023,1,17,1,0,1,0,0,0,0,0,0,1,0,1,0,0,0,0,0,0
45,85694.71,5000.0,12,0,0,5.98,0.0583466587377447,2024,10,29,1,0,0,1,0,0,1,0,0,0,0,1,0,0,0,0,0,0
35,12994.72,4646.58,9,14,2,5.24,0.3575744610118571,2023,2,11,5,1,0,0,0,1,0,0,0,1,0,0,1,0,0,0,0,0
21,8909.72,2535.19,12,15,1,2.62,0.2845420507041748,2023,4,11,1,0,0,0,0,1,0,0,1,0,0,0,1,0,0,0,0,0
27,15702.11,5000.0,3,20,1,4.89,0.3184285424060842,2023,6,24,5,1,0,0,0,1,0,0,0,0,1,0,0,0,0,1,0,1
33,85248.15,5000.0,6,14,4,9.11,0.0586522991994547,2024,12,12,3,0,0,1,0,0,0,0,0,0,1,0,1,0,0,0,0,0
46,14620.32,5000.0,6,0,0,4.66,0.3419897786094969,2024,11,26,1,0,0,0,0,1,0,0,1,0,0,0,1,0,0,0,0,0
25,73014.12,5000.0,6,7,2,9.93,0.0684799049827622,2024,9,11,2,0,0,1,0,0,0,0,0,0,1,0,0,1,0,0,0,0
45,6600.35,3245.09,9,4,1,1.71,0.4916542304574757,2024,7,23,1,0,0,0,0,1,1,0,0,0,0,0,0,1,0,0,0,0
32,53668.78,100.0,12,1,0,8.5,0.0018632806633577,2023,2,16,3,0,1,0,0,0,0,0,1,0,0,0,0,0,0,0,1,0
37,8847.87,4517.4,12,26,2,8.92,0.5105635593651352,2023,6,19,0,0,0,0,0,1,0,0,0,0,1,0,0,1,0,0,0,0
56,65634.49,3086.95,9,3,0,2.81,0.047032436756955,2024,8,16,4,0,1,0,0,0,0,0,0,1,0,0,0,0,0,0,1,0
56,58886.3,100.0,9,10,2,2.46,0.0016981878637306,2024,7,30,1,0,1,0,0,0,1,0,0,0,0,0,0,1,0,0,0,0
26,56227.31,5000.0,6,17,1,6.02,0.0889247591606285,2023,5,29,0,0,1,0,0,0,0,0,1,0,0,1,0,0,0,0,0,1
24,19885.82,5000.0,9,1,0,4.11,0.2514354449552495,2024,8,13,1,0,1,0,0,0,0,0,1,0,0,0,1,0,0,0,0,1
31,16833.03,5000.0,12,5,0,1.58,0.297035055483178,2024,7,3,2,0,0,0,1,0,0,0,1,0,0,1,0,0,0,0,0,1
45,12764.02,4179.39,3,12,1,1.01,0.327435243755494,2023,5,22,0,0,0,0,0,1,0,0,1,0,0,0,0,1,0,0,0,0
32,55295.82,5000.0,12,12,2,1.32,0.0904227480485866,2023,4,2,6,1,1,0,0,0,0,0,1,0,0,1,0,0,0,0,0,0
44,59973.54,5000.0,9,5,1,2.05,0.0833700995472336,2023,6,4,6,1,1,0,0,0,0,1,0,0,0,0,0,0,0,0,1,0
40,10328.73,4887.14,3,18,2,6.74,0.4731598173250729,2023,2,16,3,0,0,0,1,0,1,0,0,0,0,1,0,0,0,0,0,1
27,62467.1,5000.0,6,1,0,3.51,0.080042134179432,2024,9,10,1,0,0,1,0,0,0,1,0,0,0,0,0,1,0,0,0,0
35,15945.67,5000.0,9,11,2,9.24,0.3135647482984409,2023,6,8,3,0,0,0,1,0,0,0,0,1,0,0,0,0,0,0,1,0
18,6740.14,763.37,6,20,3,3.88,0.1132572913915734,2023,2,15,2,0,0,0,0,1,0,1,0,0,0,0,0,0,0,1,0,1
52,20420.07,5000.0,3,11,1,4.55,0.2448571429970612,2023,2,1,2,0,0,0,1,0,0,1,0,0,0,0,0,0,1,0,0,1
36,61508.1,5000.0,12,12,1,6.95,0.0812901065062975,2024,9,14,5,1,1,0,0,0,0,0,0,0,1,0,0,1,0,0,0,0
33,6138.16,2391.04,9,13,3,3.8,0.3895369296336361,2023,4,16,6,1,0,0,0,1,0,1,0,0,0,0,0,0,1,0,0,1
42,112340.69,5000.0,12,13,1,2.87,0.0445074709795711,2024,12,16,0,0,1,0,0,0,0,0,1,0,0,0,0,0,0,1,0,0
51,78631.08,5000.0,6,0,0,2.62,0.0635880875602878,2023,2,17,4,0,0,1,0,0,0,0,0,1,0,0,1,0,0,0,0,0
44,84860.44,5000.0,9,4,0,4.5,0.05892026956259,2023,3,21,1,0,0,1,0,0,0,1,0,0,0,0,0,0,1,0,0,0
31,39982.77,5000.0,9,9,1,2.88,0.1250538669531901,2024,7,26,4,0,1,0,0,0,0,0,1,0,0,1,0,0,0,0,0,0
27,53551.86,5000.0,9,5,1,4.33,0.0933674385913019,2024,9,13,4,0,1,0,0,0,1,0,0,0,0,0,0,0,0,0,1,0
22,45266.73,5000.0,9,0,0,5.55,0.1104563992141689,2023,3,26,6,1,1,0,0,0,0,0,0,0,1,0,0,0,0,0,1,1
59,15402.54,1656.62,9,12,2,8.14,0.1075549876838495,2023,6,26,0,0,0,0,0,1,0,0,1,0,0,0,1,0,0,0,0,1
30,50982.26,5000.0,12,0,0,7.75,0.0980733298210004,2024,8,26,0,0,0,1,0,0,0,0,1,0,0,1,0,0,0,0,0,0
39,16011.1,3422.23,3,15,4,7.06,0.2137410921173436,2024,10,6,6,1,0,0,1,0,0,1,0,0,0,1,0,0,0,0,0,1
36,50004.29,5000.0,12,19,1,6.72,0.0999914207361008,2024,10,24,3,0,1,0,0,0,0,0,1,0,0,0,0,0,0,0,1,1
27,17933.12,5000.0,9,5,0,7.05,0.278813725665138,2024,11,15,4,0,0,0,1,0,0,0,0,1,0,0,0,1,0,0,0,0
30,12432.87,5000.0,3,20,2,7.0,0.4021597587684902,2023,6,11,6,1,0,0,0,1,1,0,0,0,0,0,0,0,0,0,1,0
30,84041.92,5000.0,3,1,0,4.41,0.0594941191253127,2023,3,29,2,0,0,1,0,0,0,0,0,1,0,1,0,0,0,0,0,0
28,79652.09,5000.0,12,14,1,5.74,0.0627729918951279,2023,6,21,2,0,0,1,0,0,0,0,0,1,0,0,1,0,0,0,0,0
39,8728.72,1688.45,12,19,3,7.32,0.1934361510049583,2024,9,22,6,1,0,0,1,0,0,1,0,0,0,0,0,0,0,1,0,1
38,15785.16,2733.39,9,13,2,3.87,0.1731620078605475,2023,2,11,5,1,0,0,1,0,0,1,0,0,0,0,0,0,0,1,0,1
20,43635.41,5000.0,6,14,1,3.52,0.1145858375113239,2023,1,26,3,0,0,1,0,0,0,0,1,0,0,0,1,0,0,0,0,0
58,17509.58,5000.0,6,8,2,2.97,0.2855579631264713,2024,7,23,1,0,0,0,1,0,0,0,1,0,0,0,0,0,1,0,0,0
22,5000.0,2413.32,9,1,0,4.83,0.482664,2023,2,23,3,0,0,0,0,1,1,0,0,0,0,0,0,0,0,1,0,0
49,17893.55,5000.0,6,16,1,5.49,0.2794302975094377,2023,3,26,6,1,0,0,1,0,1,0,0,0,0,0,1,0,0,0,0,1
38,43922.62,5000.0,6,3,0,8.82,0.1138365607516127,2024,12,16,0,0,0,1,0,0,0,0,0,1,0,0,1,0,0,0,0,0
25,12324.08,2888.24,12,12,1,8.31,0.2343574530512622,2024,9,28,5,1,0,0,1,0,0,0,1,0,0,0,0,0,0,0,1,1
57,20094.52,5000.0,3,4,0,6.74,0.2488240575042349,2024,8,27,1,0,0,0,1,0,0,0,0,1,0,0,0,0,0,1,0,1
48,72501.9,5000.0,6,0,0,6.19,0.0689637099165677,2024,12,13,4,0,1,0,0,0,0,0,1,0,0,0,0,0,0,1,0,0
59,56656.95,5000.0,9,9,2,5.67,0.0882504264701859,2023,6,25,6,1,0,1,0,0,0,1,0,0,0,0,0,0,0,0,1,0
27,62089.33,5000.0,3,8,2,6.04,0.0805291343939449,2024,7,14,6,1,0,1,0,0,1,0,0,0,0,0,1,0,0,0,0,0
19,49932.76,5000.0,12,19,1,5.95,0.1001346610922368,2024,11,30,5,1,1,0,0,0,0,1,0,0,0,0,0,0,0,0,1,0
19,11457.52,2125.5,3,0,0,5.77,0.1855113497510805,2023,3,30,3,0,0,0,1,0,0,0,0,0,1,0,0,0,0,0,1,0
53,62920.91,5000.0,3,1,0,4.11,0.0794648392720321,2024,7,12,4,0,0,1,0,0,0,0,0,0,1,0,1,0,0,0,0,0
23,8110.03,3224.31,3,11,1,7.9,0.3975706625006319,2023,2,20,0,0,0,0,1,0,1,0,0,0,0,0,0,0,0,1,0,0
47,10896.91,3130.75,6,3,0,6.35,0.2873062180012499,2023,3,29,2,0,0,0,0,1,0,0,0,1,0,1,0,0,0,0,0,1
42,11361.66,4774.02,6,0,0,7.88,0.4201868388950207,2023,5,10,2,0,0,0,0,1,0,0,1,0,0,0,1,0,0,0,0,1
41,28684.13,5000.0,6,2,0,5.8,0.1743124159596264,2024,9,23,0,0,0,0,1,0,0,0,1,0,0,0,0,0,1,0,0,1
56,41504.47,5000.0,12,16,1,2.74,0.120468951898434,2024,11,13,2,0,1,0,0,0,1,0,0,0,0,0,0,0,0,1,0,1
39,16545.49,1953.19,6,1,0,3.86,0.1180496920913191,2024,9,25,2,0,0,0,1,0,1,0,0,0,0,1,0,0,0,0,0,1
44,79271.1,5000.0,9,0,0,9.18,0.0630746892625433,2023,6,1,3,0,0,1,0,0,1,0,0,0,0,0,0,0,1,0,0,0
21,5604.79,100.0,6,14,1,7.62,0.0178418816762091,2023,3,21,1,0,0,0,0,1,0,0,0,1,0,0,0,0,0,1,0,0
23,5271.61,827.82,9,11,3,7.37,0.1570336197101075,2023,2,15,2,0,0,0,0,1,0,1,0,0,0,0,0,0,0,0,1,1
21,50412.38,5000.0,3,1,1,8.15,0.0991819866469307,2024,11,2,5,1,0,1,0,0,0,0,1,0,0,0,0,0,0,1,0,0
19,27082.24,5000.0,12,12,1,6.31,0.1846228376973248,2024,9,27,4,0,1,0,0,0,1,0,0,0,0,0,0,0,0,0,1,0
23,38670.82,5000.0,12,4,0,1.3,0.1292964566047474,2024,11,4,0,0,0,1,0,0,1,0,0,0,0,0,0,0,0,1,0,0
47,63371.48,5000.0,9,18,2,7.35,0.0788998457981413,2024,9,16,0,0,1,0,0,0,1,0,0,0,0,0,0,0,1,0,0,0
21,8223.82,3001.53,6,14,2,3.79,0.3649800214498858,2024,10,23,2,0,0,0,0,1,0,0,0,0,1,0,0,0,0,1,0,1
45,9543.71,1787.65,9,4,0,1.37,0.1873118525185698,2024,12,1,6,1,0,0,0,1,1,0,0,0,0,0,0,0,0,1,0,0
29,50297.9,5000.0,9,14,2,4.8,0.099407728752095,2023,4,16,6,1,1,0,0,0,0,1,0,0,0,0,0,0,0,1,0,0
31,37785.14,5000.0,3,2,0,8.76,0.1323271529495457,2024,12,27,4,0,1,0,0,0,0,1,0,0,0,0,0,0,0,1,0,0
48,11579.79,4056.53,3,3,0,6.32,0.3503111887175846,2023,2,20,0,0,0,0,0,1,0,0,1,0,0,0,0,0,0,0,1,0
49,14696.4,2275.34,9,8,1,7.48,0.1548229498380555,2023,3,12,6,1,0,0,0,1,0,0,0,0,1,0,1,0,0,0,0,1
49,78387.99,5000.0,9,13,1,8.57,0.0637852813932338,2024,9,23,0,0,0,1,0,0,1,0,0,0,0,0,0,1,0,0,0,0
52,73934.37,5000.0,9,14,3,9.57,0.0676275458896856,2023,1,10,1,0,1,0,0,0,0,1,0,0,0,1,0,0,0,0,0,1
45,60384.4,5000.0,9,4,0,3.91,0.0828028431184213,2024,8,13,1,0,0,1,0,0,1,0,0,0,0,0,0,0,0,1,0,0
45,13993.32,3389.84,3,17,3,1.41,0.242247015004302,2023,4,28,4,0,0,0,1,0,1,0,0,0,0,1,0,0,0,0,0,0
38,58242.65,5000.0,6,2,0,7.59,0.0858477421614572,2024,9,12,3,0,1,0,0,0,0,0,0,0,1,0,0,1,0,0,0,0
24,6355.65,383.1,9,12,2,2.25,0.0602770763021878,2023,4,12,2,0,0,0,0,1,0,1,0,0,0,0,0,0,0,1,0,0
42,52873.89,5000.0,6,11,2,5.11,0.0945646329407577,2024,10,25,4,0,1,0,0,0,0,0,0,0,1,0,1,0,0,0,0,0
29,19185.44,5000.0,9,0,0,1.77,0.2606142991768758,2023,2,4,5,1,0,0,1,0,1,0,0,0,0,0,0,0,0,0,1,0
47,74738.51,5000.0,6,0,0,8.92,0.0668999154518868,2024,10,24,3,0,1,0,0,0,0,0,1,0,0,0,0,0,0,1,0,0
19,60165.62,5000.0,12,0,0,3.85,0.0831039387610399,2024,8,15,3,0,0,1,0,0,1,0,0,0,0,0,0,0,0,0,1,0
29,17227.2,2389.75,3,7,2,9.6,0.1387195829850468,2023,6,11,6,1,1,0,0,0,0,0,0,1,0,0,0,0,0,0,1,0
24,32788.96,5000.0,6,18,3,1.65,0.152490350410626,2024,7,11,3,0,1,0,0,0,0,0,1,0,0,0,0,1,0,0,0,1
28,8292.23,3097.14,3,3,0,9.48,0.3734990466979329,2023,2,28,1,0,0,0,1,0,0,0,1,0,0,0,0,0,1,0,0,0
28,70778.78,5000.0,3,15,1,4.02,0.0706426417635342,2024,9,29,6,1,1,0,0,0,1,0,0,0,0,0,0,1,0,0,0,0
24,5000.0,998.73,6,7,2,3.82,0.199746,2024,10,19,5,1,0,0,0,1,0,0,1,0,0,0,0,0,0,0,1,1
41,75526.73,5000.0,12,12,2,5.28,0.0662017275208393,2023,5,11,3,0,1,0,0,0,0,1,0,0,0,1,0,0,0,0,0,0
20,38377.49,5000.0,3,12,1,4.18,0.1302847059565386,2024,7,11,3,0,1,0,0,0,0,1,0,0,0,0,0,0,1,0,0,0
32,45854.82,5000.0,9,0,0,7.61,0.1090397912367772,2024,7,23,1,0,1,0,0,0,0,0,1,0,0,0,0,0,0,1,0,1
35,12577.83,2347.45,9,15,1,5.78,0.1866339424209104,2024,11,24,6,1,0,0,0,1,0,0,0,0,1,1,0,0,0,0,0,0
39,68230.6,5000.0,3,2,0,5.82,0.0732809032897263,2023,4,17,0,0,0,1,0,0,0,0,0,1,0,0,0,1,0,0,0,0
47,66521.41,5000.0,12,4,0,6.35,0.0751637705815315,2024,10,16,2,0,1,0,0,0,0,0,0,1,0,0,0,1,0,0,0,0
29,13561.23,4239.27,9,6,1,1.12,0.3126021754663847,2023,2,21,1,0,0,0,0,1,0,0,0,1,0,0,1,0,0,0,0,1
22,40002.84,5000.0,6,4,0,4.93,0.1249911256300802,2023,6,2,4,0,0,1,0,0,0,0,0,1,0,0,0,0,1,0,0,0
30,15023.12,4867.05,3,0,0,2.06,0.3239706532331499,2023,6,1,3,0,0,1,0,0,0,0,0,0,1,1,0,0,0,0,0,1
24,44622.1,5000.0,12,10,3,9.4,0.1120520997442971,2024,7,30,1,0,1,0,0,0,0,1,0,0,0,0,0,0,0,1,0,1
31,17565.5,4534.51,3,24,3,6.52,0.2581486436480601,2024,8,7,2,0,0,0,1,0,1,0,0,0,0,0,0,0,0,0,1,1
18,5265.13,496.22,9,4,0,5.91,0.0942464858417551,2023,4,18,1,0,0,0,0,1,0,0,1,0,0,0,0,0,0,0,1,0
56,75293.23,5000.0,9,0,0,8.96,0.066407032876661,2024,9,19,3,0,0,1,0,0,0,1,0,0,0,0,1,0,0,0,0,0
53,91191.0,5000.0,9,2,0,7.14,0.054829972256034,2023,6,8,3,0,0,1,0,0,0,1,0,0,0,0,1,0,0,0,0,0
43,12079.02,5000.0,12,5,0,6.74,0.4139408660636376,2024,9,3,1,0,0,0,0,1,0,0,0,0,1,0,0,0,1,0,0,1
42,66416.59,5000.0,12,14,2,5.88,0.0752823955580977,2024,10,28,0,0,1,0,0,0,0,1,0,0,0,0,0,0,0,1,0,0
32,7779.91,3210.0,12,9,2,8.84,0.4126011740495712,2023,4,10,0,0,0,0,0,1,0,1,0,0,0,0,0,0,1,0,0,0
45,23896.36,5000.0,12,21,1,1.72,0.209236887961179,2023,2,26,6,1,0,0,1,0,0,1,0,0,0,0,0,1,0,0,0,1
30,5000.0,1179.11,3,0,0,9.99,0.2358219999999999,2024,8,27,1,0,0,0,0,1,0,0,0,1,0,0,0,1,0,0,0,1
42,22533.32,5000.0,3,5,1,5.64,0.2218936224222618,2023,1,31,1,0,0,0,1,0,0,0,1,0,0,0,0,0,0,1,0,0
22,54935.6,5000.0,6,10,2,9.63,0.0910156619751126,2024,8,8,3,0,0,1,0,0,0,0,0,1,0,0,1,0,0,0,0,0
59,20705.6,4641.86,6,5,1,1.73,0.224183795688123,2024,10,17,3,0,0,0,0,1,0,0,0,1,0,0,0,0,1,0,0,1
37,11609.58,4607.53,6,4,0,3.35,0.3968730996297885,2024,9,14,5,1,0,1,0,0,0,0,1,0,0,0,0,0,0,1,0,0
59,74844.02,5000.0,12,16,1,8.42,0.0668056045092179,2023,2,14,1,0,0,1,0,0,0,1,0,0,0,0,0,0,0,0,1,0
25,5000.0,542.88,3,14,2,9.17,0.108576,2024,11,15,4,0,0,0,0,1,0,0,0,1,0,0,0,0,1,0,0,0
50,11603.98,2402.76,12,5,0,1.98,0.2070634385788324,2024,9,26,3,0,0,0,1,0,0,0,0,1,0,0,0,1,0,0,0,0
58,12595.0,861.71,9,9,2,5.09,0.0684168320762207,2024,9,3,1,0,0,0,0,1,0,0,0,0,1,0,0,0,0,1,0,1
55,17323.66,3728.13,12,9,1,5.0,0.2152045237553727,2023,6,5,0,0,0,0,0,1,0,1,0,0,0,0,1,0,0,0,0,0
48,9839.67,3564.8,6,9,1,5.86,0.3622885726858726,2024,8,10,5,1,0,0,1,0,1,0,0,0,0,0,1,0,0,0,0,0
18,28672.56,5000.0,9,15,2,1.41,0.174382754801106,2023,5,10,2,0,1,0,0,0,0,0,0,1,0,0,0,0,1,0,0,0
19,8275.76,2319.33,12,9,1,4.37,0.2802558314885883,2024,12,7,5,1,0,0,1,0,0,0,0,0,1,0,0,1,0,0,0,0
55,5000.0,927.15,9,6,0,7.38,0.1854299999999999,2024,7,11,3,0,0,0,0,1,0,0,0,1,0,0,1,0,0,0,0,0
18,25476.75,2315.65,12,13,1,3.09,0.0908926766561669,2024,8,17,5,1,1,0,0,0,0,1,0,0,0,0,0,0,0,1,0,1
21,5671.87,919.83,12,1,0,4.19,0.1621740272608504,2024,10,8,1,0,0,0,1,0,1,0,0,0,0,1,0,0,0,0,0,0
24,5945.61,2330.2,3,13,2,8.99,0.3919194161742865,2024,10,26,5,1,0,0,0,1,0,0,0,0,1,0,0,0,1,0,0,0
58,25459.15,5000.0,12,4,1,3.39,0.1963930453294788,2023,2,15,2,0,0,0,1,0,0,0,1,0,0,0,0,0,1,0,0,1
47,18099.29,4231.04,3,10,1,7.7,0.2337682859382881,2023,3,13,0,0,0,0,0,1,0,0,0,1,0,1,0,0,0,0,0,0
29,18193.01,5000.0,9,10,3,9.53,0.274830827883896,2024,8,22,3,0,0,0,1,0,0,1,0,0,0,0,0,0,0,0,1,1
54,13922.18,2669.22,3,11,1,2.71,0.1917242845588837,2024,11,7,3,0,0,0,1,0,1,0,0,0,0,0,0,1,0,0,0,1
40,5217.2,624.73,12,2,0,5.56,0.1197443072912673,2023,4,10,0,0,0,0,0,1,0,0,1,0,0,0,0,0,0,1,0,1
44,61903.76,5000.0,9,8,1,7.35,0.0807705380093228,2023,1,3,1,0,1,0,0,0,1,0,0,0,0,0,0,1,0,0,0,0
40,5000.0,1498.7,6,11,1,4.49,0.29974,2023,2,12,6,1,0,0,0,1,0,0,0,1,0,1,0,0,0,0,0,1
30,55129.79,5000.0,3,2,0,9.41,0.0906950670408866,2024,9,6,4,0,0,1,0,0,0,0,0,1,0,0,0,1,0,0,0,0
45,13546.32,3681.15,12,11,1,1.54,0.2717453891536595,2023,2,19,6,1,0,0,1,0,0,0,1,0,0,0,0,0,0,0,1,0
50,106242.37,5000.0,12,11,2,1.47,0.0470622031492708,2024,12,6,4,0,0,1,0,0,0,0,0,0,1,0,1,0,0,0,0,0
40,7735.11,1595.75,12,14,2,5.51,0.2062995872069046,2024,10,19,5,1,0,0,0,1,0,0,0,1,0,0,0,0,1,0,0,0
32,13016.82,5000.0,12,9,1,2.21,0.3841183945080288,2023,4,20,3,0,0,0,0,1,0,0,0,1,0,0,1,0,0,0,0,0
54,9855.3,4350.93,3,6,1,1.44,0.4414812334479925,2023,3,22,2,0,0,0,0,1,0,0,1,0,0,0,0,0,0,1,0,1
28,14719.25,5000.0,3,10,1,7.8,0.3396912206804015,2024,12,25,2,0,0,0,1,0,0,0,1,0,0,0,0,1,0,0,0,0
38,10517.32,4369.17,6,11,1,8.74,0.4154261732076232,2024,12,9,0,0,0,0,0,1,1,0,0,0,0,0,0,0,1,0,0,1
47,8804.51,1938.19,3,24,2,3.71,0.2201360439138578,2024,9,15,6,1,0,0,0,1,0,0,1,0,0,0,0,1,0,0,0,1
43,82290.6,5000.0,3,0,1,4.84,0.0607602812471898,2024,8,2,4,0,1,0,0,0,0,1,0,0,0,0,0,0,1,0,0,0
33,12868.4,3365.24,12,6,1,3.29,0.2615119206738988,2023,6,17,5,1,0,0,0,1,0,1,0,0,0,1,0,0,0,0,0,1
46,89190.32,5000.0,6,9,2,9.08,0.0560598952890851,2023,1,3,1,0,0,1,0,0,0,1,0,0,0,0,0,0,0,1,0,0
24,18080.58,5000.0,3,15,1,3.13,0.2765398012674372,2023,4,8,5,1,0,0,1,0,0,1,0,0,0,1,0,0,0,0,0,0
55,28629.38,5000.0,9,1,0,5.45,0.1746457659928367,2023,5,13,5,1,1,0,0,0,0,0,0,1,0,1,0,0,0,0,0,0
51,10216.0,3728.4,12,20,3,2.15,0.3649569303054032,2023,3,11,5,1,0,0,0,1,0,1,0,0,0,0,0,0,0,0,1,1
54,76958.91,5000.0,9,17,1,2.32,0.0649697351482758,2023,6,5,0,0,0,1,0,0,0,0,1,0,0,0,0,0,0,0,1,0
42,13464.97,4527.65,9,0,0,9.9,0.3362539983379094,2024,9,25,2,0,0,0,1,0,0,0,1,0,0,0,1,0,0,0,0,0
56,80489.82,5000.0,12,1,0,2.79,0.0621196568708937,2024,9,26,3,0,1,0,0,0,0,0,1,0,0,0,0,0,1,0,0,0
29,39713.47,5000.0,6,20,4,9.72,0.1259018665455323,2024,12,17,1,0,1,0,0,0,0,0,0,1,0,0,0,1,0,0,0,1
38,42282.57,5000.0,3,14,1,8.73,0.118252036240938,2023,6,9,4,0,0,0,1,0,0,1,0,0,0,0,1,0,0,0,0,0
38,8505.23,3557.99,3,10,1,5.35,0.418329663042622,2024,11,19,1,0,0,0,0,1,0,0,0,1,0,0,1,0,0,0,0,0
57,79537.77,5000.0,3,1,0,2.65,0.0628632158030078,2024,11,28,3,0,1,0,0,0,0,1,0,0,0,0,0,0,1,0,0,0
51,18137.97,2703.47,6,11,2,7.28,0.1490503071732944,2024,9,25,2,0,0,0,1,0,0,1,0,0,0,0,0,0,0,0,1,0
56,10347.11,649.34,12,5,1,9.51,0.0627556873368505,2024,10,13,6,1,0,0,0,1,0,0,1,0,0,0,0,0,0,1,0,1
44,43232.53,4826.05,12,14,2,9.47,0.1116300619001478,2023,3,14,1,0,1,0,0,0,0,0,1,0,0,0,0,1,0,0,0,0
22,24716.17,5000.0,9,16,1,8.74,0.2022967150654814,2023,1,25,2,0,1,0,0,0,0,0,0,1,0,0,0,1,0,0,0,0
48,8647.1,3971.83,9,2,0,5.1,0.4593250916492234,2023,4,26,2,0,0,0,0,1,0,0,0,0,1,0,0,0,1,0,0,1
37,8878.54,2997.62,3,8,1,6.43,0.337625330290791,2023,1,25,2,0,0,0,0,1,0,1,0,0,0,0,1,0,0,0,0,0
39,13404.7,4261.85,3,12,1,7.84,0.3179369922489873,2024,11,1,4,0,0,0,1,0,1,0,0,0,0,0,0,0,1,0,0,0
20,50401.98,5000.0,12,15,2,9.44,0.0992024519671647,2023,4,1,5,1,1,0,0,0,0,0,1,0,0,0,0,0,1,0,0,0
39,14342.39,674.27,6,8,1,5.9,0.0470123877540633,2024,7,1,0,0,0,0,1,0,0,0,0,1,0,0,0,0,1,0,0,0
58,7535.49,2413.88,6,12,2,4.75,0.3203348421934074,2024,8,23,4,0,0,0,0,1,0,1,0,0,0,0,0,1,0,0,0,1
32,7332.38,4173.55,12,3,0,4.59,0.5691944498239316,2023,6,3,5,1,0,0,0,1,0,1,0,0,0,0,0,0,0,0,1,1
42,91673.3,5000.0,6,15,2,5.0,0.0545415077236229,2024,12,13,4,0,1,0,0,0,1,0,0,0,0,0,0,1,0,0,0,0
49,13253.7,1289.3,3,2,0,8.03,0.0972784958162626,2023,4,22,5,1,0,0,1,0,0,0,0,0,1,0,0,1,0,0,0,1
30,7905.84,2949.72,9,12,3,5.94,0.3731064630703378,2024,10,18,4,0,0,0,0,1,1,0,0,0,0,0,0,0,1,0,0,1
25,55767.28,5000.0,6,13,1,1.61,0.0896583085995946,2023,3,19,6,1,0,1,0,0,0,0,0,0,1,0,0,0,0,0,1,1
53,22156.89,5000.0,6,17,1,9.21,0.2256634392281588,2024,11,21,3,0,0,0,1,0,0,0,0,0,1,0,1,0,0,0,0,1
38,42734.25,5000.0,12,3,1,6.66,0.1170021703902607,2024,7,5,4,0,0,1,0,0,0,0,0,1,0,0,1,0,0,0,0,1
57,14118.97,100.0,6,7,2,6.14,0.0070826696281669,2024,7,26,4,0,0,0,0,1,0,1,0,0,0,0,0,1,0,0,0,0
28,12973.35,5000.0,12,5,0,7.31,0.3854054658203162,2024,11,11,0,0,0,0,1,0,0,1,0,0,0,0,0,0,1,0,0,0
48,79878.97,5000.0,3,16,1,7.15,0.0625946979536666,2024,10,6,6,1,0,1,0,0,0,1,0,0,0,0,1,0,0,0,0,0
39,75485.21,5000.0,12,24,2,2.56,0.066238141219982,2023,3,16,3,0,0,1,0,0,1,0,0,0,0,0,1,0,0,0,0,1
54,20319.38,5000.0,9,12,2,1.16,0.2460705001825843,2023,1,13,4,0,0,0,1,0,0,1,0,0,0,0,0,0,0,0,1,0
27,74907.21,5000.0,12,2,0,4.79,0.0667492488373282,2024,9,3,1,0,0,1,0,0,0,0,0,1,0,0,0,0,0,1,0,0
32,15115.13,5000.0,6,1,0,3.96,0.3307943762309686,2024,8,21,2,0,0,0,1,0,0,0,0,1,0,0,1,0,0,0,0,0
29,15227.31,3494.75,12,15,1,2.65,0.2295054083748213,2023,1,15,6,1,0,0,1,0,0,0,0,1,0,0,1,0,0,0,0,0
34,8862.46,974.75,12,17,1,4.61,0.1099863920401333,2023,3,8,2,0,0,0,0,1,0,0,0,1,0,0,1,0,0,0,0,1
34,14893.06,3186.74,9,17,2,2.27,0.2139748312301165,2024,9,28,5,1,0,0,0,1,0,0,0,1,0,0,0,0,0,1,0,1
45,18086.09,3268.58,6,10,1,3.7,0.1807234178310513,2023,1,16,0,0,0,0,1,0,0,1,0,0,0,0,0,0,1,0,0,0
52,17815.65,5000.0,3,19,2,1.31,0.2806521232736386,2024,12,28,5,1,0,0,0,1,0,0,0,1,0,1,0,0,0,0,0,1
47,16104.43,5000.0,9,4,0,9.07,0.3104735777671112,2023,4,16,6,1,0,0,0,1,0,1,0,0,0,0,1,0,0,0,0,0
46,73307.29,5000.0,9,0,0,6.56,0.0682060406270645,2023,1,10,1,0,1,0,0,0,0,0,0,0,1,0,0,0,0,0,1,0
54,16045.34,4247.98,3,0,0,8.67,0.2647485188846107,2023,4,17,0,0,1,0,0,0,0,0,1,0,0,0,0,1,0,0,0,0
21,42689.65,5000.0,6,10,1,8.67,0.1171244083753322,2023,4,25,1,0,0,1,0,0,1,0,0,0,0,0,0,0,0,1,0,0
59,19403.76,5000.0,12,10,1,9.4,0.2576820162690118,2024,7,21,6,1,0,0,1,0,1,0,0,0,0,0,0,0,1,0,0,0
49,74186.18,5000.0,12,3,0,6.56,0.0673979978481167,2024,11,2,5,1,0,1,0,0,0,0,1,0,0,0,0,0,0,0,1,0
44,50110.29,5000.0,12,4,2,9.74,0.0997799054844823,2024,7,22,0,0,1,0,0,0,1,0,0,0,0,0,0,0,0,0,1,1
23,38474.02,5000.0,12,2,0,9.72,0.1299578260862784,2023,6,13,1,0,1,0,0,0,0,1,0,0,0,0,1,0,0,0,0,1
43,42622.9,100.0,12,0,0,1.93,0.0023461566434944,2024,11,29,4,0,1,0,0,0,0,1,0,0,0,0,0,0,0,1,0,0
26,75293.87,5000.0,9,16,2,5.21,0.066406468415025,2024,10,7,0,0,0,1,0,0,0,1,0,0,0,0,0,0,0,1,0,0
50,61077.87,5000.0,12,1,0,2.77,0.0818627106675461,2023,2,3,4,0,0,1,0,0,0,0,0,1,0,0,0,0,1,0,0,0
28,8163.75,1431.67,3,8,1,3.13,0.1753691624559792,2024,12,27,4,0,0,0,0,1,0,0,0,0,1,0,1,0,0,0,0,1
39,18965.85,3502.82,12,9,1,8.67,0.1846909049686673,2024,11,9,5,1,0,0,1,0,1,0,0,0,0,1,0,0,0,0,0,0
28,22121.97,100.0,9,0,0,1.27,0.0045203930753002,2023,4,13,3,0,0,0,1,0,0,0,0,0,1,0,0,1,0,0,0,1
55,54539.98,1871.23,3,8,1,1.75,0.0343093268461044,2023,2,8,2,0,1,0,0,0,1,0,0,0,0,1,0,0,0,0,0,0
40,5000.0,489.27,9,0,0,5.62,0.097854,2023,4,27,3,0,0,0,0,1,0,0,0,0,1,0,0,1,0,0,0,1
18,41582.86,5000.0,3,18,2,3.87,0.1202418496467054,2024,11,19,1,0,0,1,0,0,0,0,0,0,1,0,0,0,1,0,0,1
28,11073.33,2191.21,3,0,0,2.34,0.1978817573394814,2023,5,29,0,0,0,0,0,1,0,0,0,1,0,0,0,0,0,0,1,0
30,5000.0,1276.21,9,22,2,5.63,0.255242,2024,12,20,4,0,0,0,0,1,1,0,0,0,0,0,0,0,1,0,0,1
42,15189.57,100.0,9,18,3,1.37,0.0065834648380434,2024,12,2,0,0,0,0,0,1,0,0,0,1,0,0,0,0,0,1,0,1
41,8940.51,4875.71,12,0,0,7.37,0.5453503211785458,2023,4,23,6,1,0,0,0,1,0,0,1,0,0,0,0,0,0,0,1,0
19,8939.65,3254.7,6,4,0,6.53,0.3640746561666284,2023,1,12,3,0,0,0,1,0,0,0,0,1,0,0,0,0,1,0,0,0
41,14336.64,5000.0,12,1,0,7.54,0.3487567519307173,2023,4,5,2,0,0,0,1,0,0,0,0,1,0,0,0,1,0,0,0,1
40,44180.56,5000.0,9,0,1,1.74,0.1131719471188233,2024,12,14,5,1,0,1,0,0,0,1,0,0,0,0,0,0,1,0,0,1
49,7013.05,2687.29,6,2,0,6.3,0.3831842065862927,2024,12,29,6,1,0,0,1,0,0,1,0,0,0,0,0,0,1,0,0,0
56,5074.91,1960.21,9,11,1,1.64,0.3862551257066628,2023,4,22,5,1,0,0,0,1,0,0,0,1,0,0,0,0,0,0,1,0
49,19986.45,5000.0,3,1,0,1.1,0.2501694898293594,2024,8,9,4,0,0,0,1,0,0,1,0,0,0,0,1,0,0,0,0,1
28,55370.7,5000.0,6,15,1,1.47,0.0903004657698024,2023,3,5,6,1,1,0,0,0,0,0,0,0,1,1,0,0,0,0,0,0
18,42037.79,5000.0,12,3,0,2.75,0.1189406008260662,2024,8,14,2,0,0,1,0,0,0,0,1,0,0,0,1,0,0,0,0,1
42,8803.79,3618.5,12,3,0,7.13,0.4110161646290972,2023,5,20,5,1,0,0,0,1,0,0,0,1,0,0,1,0,0,0,0,1
35,58588.36,5000.0,6,1,0,1.12,0.085341183811938,2023,1,14,5,1,1,0,0,0,0,0,1,0,0,0,1,0,0,0,0,0
55,106111.04,5000.0,12,4,1,3.93,0.0471204504262704,2024,12,13,4,0,0,1,0,0,0,0,0,0,1,0,1,0,0,0,0,0
48,26077.39,4081.54,6,16,2,4.04,0.1565164305170111,2024,9,3,1,0,0,0,1,0,0,1,0,0,0,0,0,0,1,0,0,1
49,13177.13,5000.0,9,13,2,9.52,0.3794452965099381,2024,12,19,3,0,0,0,0,1,0,1,0,0,0,0,0,0,0,1,0,0
51,48181.79,5000.0,9,18,3,9.1,0.103773645603453,2024,8,9,4,0,1,0,0,0,0,0,1,0,0,0,0,0,1,0,0,1
49,10786.19,2839.86,9,2,0,6.33,0.2632866656344826,2023,3,30,3,0,0,0,0,1,1,0,0,0,0,0,1,0,0,0,0,0
39,11754.63,4910.03,3,21,3,2.17,0.417710297984709,2023,1,31,1,0,0,0,1,0,0,0,1,0,0,0,0,0,0,0,1,1
41,7377.53,560.34,12,6,1,5.43,0.0759522496011537,2024,7,17,2,0,0,0,0,1,1,0,0,0,0,0,0,0,0,0,1,0
42,5000.0,201.55,12,10,1,2.57,0.04031,2023,5,13,5,1,0,0,0,1,0,0,0,1,0,0,0,1,0,0,0,0
35,54343.85,5000.0,3,7,2,5.25,0.0920067312124555,2024,11,26,1,0,0,1,0,0,0,1,0,0,0,1,0,0,0,0,0,0
37,7676.93,2355.46,9,16,2,5.81,0.3068231701995459,2023,1,28,5,1,0,0,0,1,0,1,0,0,0,0,0,0,0,0,1,0
45,14338.82,5000.0,9,18,1,9.82,0.3487037287587123,2023,2,5,6,1,0,0,1,0,0,1,0,0,0,0,0,1,0,0,0,1
33,24506.83,5000.0,9,3,0,5.79,0.2040247555477391,2023,6,3,5,1,0,0,1,0,0,0,0,0,1,0,0,0,0,1,0,0
22,39810.41,5000.0,12,13,2,4.62,0.1255952902770908,2024,8,7,2,0,1,0,0,0,0,1,0,0,0,0,0,1,0,0,0,0
29,58662.66,5000.0,9,4,1,3.34,0.0852330937601533,2024,7,24,2,0,0,1,0,0,0,0,0,1,0,0,0,1,0,0,0,0
23,48111.42,1121.65,3,4,0,5.08,0.0233135916586955,2023,4,27,3,0,0,1,0,0,1,0,0,0,0,0,0,1,0,0,0,0
57,21388.3,5000.0,3,11,1,9.22,0.2337726701046834,2023,4,2,6,1,0,0,1,0,0,0,0,0,1,0,0,1,0,0,0,1
22,5000.0,1419.91,6,6,1,1.21,0.283982,2023,1,7,5,1,0,0,0,1,0,1,0,0,0,0,0,0,1,0,0,1
51,50904.47,5000.0,3,2,0,3.58,0.0982232012237825,2024,8,27,1,0,0,1,0,0,0,0,1,0,0,0,1,0,0,0,0,0
36,5495.79,2300.75,9,9,3,4.79,0.4186386306609241,2023,2,2,3,0,0,0,0,1,0,0,0,1,0,0,0,0,0,1,0,0
44,29128.45,5000.0,12,10,1,5.49,0.1716534865397918,2024,11,14,3,0,0,0,1,0,0,0,0,0,1,0,0,0,1,0,0,1
39,29217.25,5000.0,6,19,3,5.95,0.1711317800272099,2023,4,17,0,0,0,0,1,0,1,0,0,0,0,0,1,0,0,0,0,1
31,38128.77,5000.0,9,14,1,3.51,0.1311345737090391,2023,5,18,3,0,1,0,0,0,0,0,1,0,0,1,0,0,0,0,0,0
32,80494.63,5000.0,3,16,1,1.25,0.0621159448773166,2024,10,25,4,0,0,1,0,0,0,1,0,0,0,0,0,0,0,0,1,0
27,47787.92,5000.0,12,6,1,7.36,0.1046289522540424,2024,7,3,2,0,0,1,0,0,0,1,0,0,0,0,0,0,0,0,1,0
59,107786.48,5000.0,12,20,1,6.85,0.046388007104416,2023,1,4,2,0,0,1,0,0,0,0,0,1,0,0,1,0,0,0,0,1
51,5000.0,588.04,3,10,1,4.98,0.1176079999999999,2024,12,16,0,0,0,0,0,1,0,1,0,0,0,0,0,0,0,1,0,0
50,19210.85,5000.0,3,0,0,1.64,0.2602695872384616,2023,6,4,6,1,0,0,0,1,0,0,0,1,0,0,1,0,0,0,0,1
57,45459.55,5000.0,9,14,1,4.3,0.1099878903332743,2024,11,29,4,0,1,0,0,0,0,0,0,1,0,1,0,0,0,0,0,1
40,43739.5,5000.0,12,1,0,6.24,0.1143131494415802,2024,10,20,6,1,1,0,0,0,0,0,0,0,1,0,0,0,1,0,0,0
52,25637.49,5000.0,12,8,3,4.65,0.1950268922581734,2023,3,15,2,0,0,0,1,0,0,0,0,1,0,0,0,0,1,0,0,1
26,33652.3,5000.0,12,7,1,7.04,0.1485782546809579,2024,10,22,1,0,1,0,0,0,0,1,0,0,0,1,0,0,0,0,0,1
58,42668.12,5000.0,12,15,2,6.8,0.1171835084367438,2024,12,29,6,1,1,0,0,0,0,1,0,0,0,0,0,0,0,1,0,0
59,73616.27,5000.0,12,0,0,2.75,0.0679197682794849,2024,11,11,0,0,1,0,0,0,0,0,0,0,1,1,0,0,0,0,0,0
24,11497.07,3514.01,3,3,0,1.5,0.3056439597219118,2024,8,4,6,1,0,0,1,0,0,0,0,1,0,0,0,0,1,0,0,0
48,18690.41,4842.53,6,23,3,3.46,0.2590916946177211,2023,2,27,0,0,1,0,0,0,0,1,0,0,0,0,0,0,0,1,0,1
50,11532.97,1549.41,3,8,3,1.91,0.1343461398061384,2024,10,13,6,1,0,0,0,1,0,0,0,0,1,0,0,0,0,0,1,1
21,12611.62,4374.45,12,12,3,2.8,0.3468586906360958,2024,7,22,0,0,0,0,1,0,0,0,0,0,1,0,1,0,0,0,0,1
19,40317.42,125.2,3,11,1,7.65,0.003105357436066,2023,6,12,0,0,1,0,0,0,0,0,0,0,1,0,0,0,1,0,0,0
55,66758.7,5000.0,6,21,1,4.74,0.074896605236471,2023,1,2,0,0,0,1,0,0,0,0,0,1,0,1,0,0,0,0,0,0
32,6132.25,911.57,9,23,1,5.14,0.1486517999103102,2024,8,2,4,0,0,0,0,1,0,0,1,0,0,0,0,0,0,1,0,0
40,57536.17,5000.0,9,17,1,6.58,0.0869018566929289,2023,4,15,5,1,1,0,0,0,0,0,1,0,0,0,1,0,0,0,0,1
59,110699.61,5000.0,6,12,1,8.79,0.0451672774637598,2023,6,1,3,0,0,1,0,0,1,0,0,0,0,0,0,0,0,1,0,0
54,14027.76,2681.87,9,17,1,6.76,0.1911830541725835,2023,2,18,5,1,0,0,1,0,0,1,0,0,0,0,1,0,0,0,0,1
33,16221.99,5000.0,9,5,0,8.75,0.3082235903239985,2024,7,16,1,0,0,0,1,0,0,0,0,0,1,0,0,0,0,1,0,1
30,50771.77,5000.0,6,15,1,3.89,0.0984799229965786,2024,12,30,0,0,1,0,0,0,0,0,0,1,0,0,0,0,1,0,0,1
18,37377.03,2343.02,6,15,1,6.9,0.0626860935713725,2023,1,12,3,0,1,0,0,0,0,0,0,0,1,0,0,0,0,0,1,1
51,49723.76,4799.06,6,6,1,6.1,0.096514422883547,2023,3,1,2,0,0,1,0,0,0,0,0,1,0,1,0,0,0,0,0,0
51,87892.19,5000.0,3,1,0,8.25,0.0568878759307283,2024,12,8,6,1,0,1,0,0,0,0,0,0,1,0,0,0,0,1,0,0
39,40609.78,5000.0,9,1,0,5.65,0.1231230506543005,2024,9,16,0,0,0,1,0,0,1,0,0,0,0,0,0,0,1,0,0,0
19,9715.81,5000.0,3,12,3,5.77,0.5146251316153775,2023,3,14,1,0,0,0,1,0,0,0,1,0,0,1,0,0,0,0,0,1
26,14578.76,3848.33,12,2,0,1.85,0.2639682661625542,2023,5,14,6,1,0,0,1,0,0,0,1,0,0,0,0,0,0,0,1,0
44,5000.0,2094.99,9,11,2,4.17,0.418998,2023,1,14,5,1,0,0,0,1,0,1,0,0,0,0,0,0,0,0,1,0
50,23627.46,100.0,9,18,4,6.74,0.0042323635295541,2023,3,23,3,0,0,0,1,0,0,0,0,1,0,1,0,0,0,0,0,0
50,12755.98,100.0,6,3,0,8.46,0.0078394603942621,2024,9,11,2,0,0,0,1,0,0,0,1,0,0,0,0,1,0,0,0,0
22,10965.01,100.0,3,10,1,8.53,0.0091199187232843,2023,5,11,3,0,0,0,1,0,1,0,0,0,0,0,0,1,0,0,0,0
39,16341.62,1939.84,3,0,0,8.82,0.1187054894190416,2023,1,4,2,0,0,0,0,1,0,1,0,0,0,0,0,0,1,0,0,1
21,8449.4,3138.31,12,5,1,1.09,0.371424006438327,2023,3,5,6,1,0,0,1,0,0,0,0,1,0,0,0,0,0,0,1,1
28,53415.73,5000.0,3,6,0,2.7,0.0936053855296932,2024,12,21,5,1,1,0,0,0,0,0,0,0,1,1,0,0,0,0,0,0
57,47585.85,5000.0,12,3,1,5.45,0.1050732518175045,2024,10,25,4,0,1,0,0,0,0,0,0,1,0,0,1,0,0,0,0,1
21,52722.4,5000.0,3,6,1,7.2,0.0948363503937605,2023,2,10,4,0,1,0,0,0,0,0,0,0,1,1,0,0,0,0,0,1
51,18527.66,100.0,9,11,2,5.47,0.0053973356592251,2024,8,2,4,0,0,0,1,0,0,0,0,1,0,0,0,0,0,1,0,0
51,14064.77,5000.0,9,10,2,1.17,0.3554981702509177,2023,2,22,2,0,0,0,0,1,0,0,0,0,1,1,0,0,0,0,0,0
55,19312.01,5000.0,9,11,2,1.56,0.2589062453882325,2023,2,16,3,0,0,0,1,0,0,0,0,0,1,0,0,0,1,0,0,1
54,49604.85,5000.0,12,17,2,9.93,0.1007965954941906,2023,2,28,1,0,1,0,0,0,1,0,0,0,0,0,0,0,0,1,0,0
43,9245.31,1895.25,6,18,2,4.64,0.2049958303182911,2024,8,24,5,1,0,0,0,1,0,0,0,0,1,1,0,0,0,0,0,0
18,60741.56,5000.0,3,11,1,7.94,0.0823159629090856,2024,11,27,2,0,0,1,0,0,1,0,0,0,0,0,0,1,0,0,0,0
36,54631.92,5000.0,3,16,1,4.69,0.091521586647513,2024,7,11,3,0,0,1,0,0,0,1,0,0,0,0,0,0,1,0,0,0
42,66198.33,5000.0,9,7,2,9.1,0.0755306062856872,2024,11,23,5,1,1,0,0,0,0,0,0,1,0,0,0,0,0,1,0,0
49,22489.87,5000.0,9,8,2,7.62,0.2223223166696828,2024,11,21,3,0,0,0,1,0,0,0,1,0,0,0,0,0,0,0,1,0
27,29961.54,5000.0,9,7,1,1.88,0.166880607605617,2023,3,22,2,0,1,0,0,0,0,1,0,0,0,0,0,1,0,0,0,1
54,99692.5,5000.0,9,0,0,3.3,0.0501542242395365,2023,6,7,2,0,0,1,0,0,1,0,0,0,0,0,0,1,0,0,0,0
56,5000.0,1496.04,3,2,0,8.21,0.299208,2023,2,5,6,1,0,0,0,1,0,1,0,0,0,0,0,0,1,0,0,0
56,17347.79,5000.0,9,3,1,1.38,0.2882211509362287,2023,6,14,2,0,0,1,0,0,0,0,0,1,0,0,0,0,0,0,1,0
58,5363.61,2113.48,12,14,1,7.81,0.3940405808774314,2024,11,28,3,0,0,0,0,1,0,0,1,0,0,0,0,0,0,1,0,1
35,7761.38,1282.39,6,10,1,8.61,0.1652270601362129,2023,1,13,4,0,0,0,0,1,0,0,1,0,0,0,0,0,1,0,0,0
34,77470.33,5000.0,3,10,1,1.09,0.0645408377633088,2023,6,16,4,0,0,1,0,0,0,0,0,1,0,0,0,0,1,0,0,0
33,41251.31,5000.0,12,16,2,6.46,0.1212082719312429,2023,2,9,3,0,1,0,0,0,0,0,1,0,0,0,0,1,0,0,0,0
45,62903.59,5000.0,6,12,2,9.89,0.079486719279456,2024,7,5,4,0,1,0,0,0,0,0,1,0,0,0,0,1,0,0,0,0
41,20623.57,5000.0,6,12,1,6.09,0.2424410516704915,2023,1,8,6,1,0,0,1,0,0,1,0,0,0,0,0,1,0,0,0,0
37,65916.37,5000.0,6,8,1,5.08,0.0758536915791934,2024,8,7,2,0,1,0,0,0,0,1,0,0,0,1,0,0,0,0,0,0
39,78481.96,5000.0,6,7,1,2.55,0.0637089083911767,2024,10,5,5,1,0,1,0,0,0,1,0,0,0,0,0,1,0,0,0,0
44,19921.92,5000.0,6,9,1,9.66,0.2509798252377281,2023,1,1,6,1,0,0,1,0,0,1,0,0,0,0,0,0,0,0,1,0
59,21187.07,5000.0,9,9,1,4.0,0.2359929900642231,2023,5,27,5,1,0,0,1,0,0,0,1,0,0,0,0,0,0,1,0,0
50,96645.4,5000.0,12,14,1,8.95,0.0517355197453784,2024,11,24,6,1,0,1,0,0,0,1,0,0,0,0,0,1,0,0,0,0
22,50007.1,5000.0,12,0,0,1.77,0.0999858020161137,2023,1,1,6,1,0,1,0,0,0,1,0,0,0,0,0,1,0,0,0,1
29,26980.36,100.0,6,16,1,5.17,0.0037063997663485,2024,7,25,3,0,1,0,0,0,0,0,1,0,0,1,0,0,0,0,0,1
24,5766.24,2166.52,3,12,1,5.9,0.3757249091262243,2023,4,18,1,0,0,0,1,0,0,1,0,0,0,0,0,1,0,0,0,0
46,17973.47,5000.0,12,21,1,9.93,0.2781877956788533,2024,9,9,0,0,0,0,1,0,0,1,0,0,0,0,0,0,0,1,0,1
45,14527.89,3848.68,6,0,0,3.89,0.264916653416291,2023,1,14,5,1,0,0,0,1,0,0,1,0,0,0,0,0,1,0,0,1
20,16410.24,5000.0,6,7,1,8.55,0.3046878046878046,2023,5,28,6,1,0,0,1,0,0,0,0,0,1,1,0,0,0,0,0,0
23,29612.53,5000.0,6,16,2,5.99,0.1688474439705084,2024,9,29,6,1,1,0,0,0,0,1,0,0,0,0,0,0,0,0,1,1
38,42925.58,5000.0,12,2,0,3.78,0.1164806625792825,2023,2,10,4,0,1,0,0,0,0,0,1,0,0,0,0,0,0,1,0,0
41,68699.12,5000.0,3,14,2,8.33,0.0727811360611315,2023,1,12,3,0,1,0,0,0,0,0,0,1,0,0,0,0,0,1,0,0
57,9468.86,3119.58,9,16,5,7.43,0.3294567667068686,2023,3,1,2,0,0,0,0,1,0,0,1,0,0,0,0,0,0,0,1,1
53,85203.08,5000.0,3,6,1,7.05,0.0586833245934301,2023,6,6,1,0,0,1,0,0,1,0,0,0,0,0,0,1,0,0,0,0
44,5000.0,1527.12,3,5,1,5.24,0.305424,2023,3,29,2,0,0,0,0,1,0,1,0,0,0,0,0,0,1,0,0,0
47,56769.29,5000.0,9,11,1,4.88,0.0880757888640143,2023,6,17,5,1,0,1,0,0,0,1,0,0,0,0,0,0,0,0,1,0
54,34131.59,4246.77,12,3,0,9.77,0.1244234446739809,2023,4,25,1,0,0,1,0,0,0,0,1,0,0,0,0,0,0,1,0,1
26,73623.27,5000.0,6,16,1,1.79,0.067913310560642,2024,7,17,2,0,0,1,0,0,0,1,0,0,0,0,0,0,1,0,0,0
42,41742.29,5000.0,9,1,0,9.56,0.1197825993734411,2023,4,27,3,0,0,1,0,0,1,0,0,0,0,0,0,0,1,0,0,0
20,11657.64,1977.33,12,5,2,8.85,0.1696166634070017,2023,5,14,6,1,0,0,1,0,0,1,0,0,0,0,0,1,0,0,0,0
34,42896.86,5000.0,12,2,0,9.74,0.1165586478823857,2023,6,3,5,1,1,0,0,0,1,0,0,0,0,0,0,1,0,0,0,1
45,16047.55,5000.0,12,2,0,9.18,0.3115740408972086,2024,10,4,4,0,0,0,1,0,0,0,0,0,1,1,0,0,0,0,0,1
50,90764.9,5000.0,6,1,0,6.33,0.0550873740840346,2024,10,25,4,0,1,0,0,0,0,0,0,1,0,0,1,0,0,0,0,0
51,45387.59,5000.0,3,23,1,5.53,0.1101622712287654,2024,7,5,4,0,0,1,0,0,0,0,0,1,0,0,1,0,0,0,0,0
36,52559.3,1196.16,12,24,2,6.62,0.0227582939651022,2024,9,11,2,0,0,1,0,0,0,0,0,0,1,0,0,0,0,1,0,1
20,25704.15,2030.69,6,0,0,4.04,0.079002417897499,2024,9,26,3,0,0,1,0,0,1,0,0,0,0,0,0,0,0,1,0,0
23,5000.0,1623.3,12,11,2,6.48,0.32466,2023,5,18,3,0,0,0,0,1,0,0,0,1,0,0,0,1,0,0,0,0
49,16435.46,5000.0,6,19,2,4.46,0.3042202652070584,2023,5,25,3,0,0,0,0,1,0,0,0,1,0,0,0,1,0,0,0,1
56,73354.24,5000.0,3,3,0,6.33,0.0681623857053116,2023,5,17,2,0,1,0,0,0,0,1,0,0,0,0,0,0,0,0,1,0
47,13593.98,5000.0,12,8,1,9.24,0.3678098687801512,2023,3,9,3,0,0,0,0,1,0,1,0,0,0,0,0,0,0,1,0,0
20,14160.78,697.14,6,10,1,4.41,0.0492303390067496,2024,10,2,2,0,0,0,0,1,0,1,0,0,0,0,1,0,0,0,0,1
40,52619.07,4371.09,3,8,1,9.07,0.0830704533546488,2024,9,9,0,0,1,0,0,0,1,0,0,0,0,0,1,0,0,0,0,0
54,45690.14,5000.0,12,9,1,7.45,0.109432801037598,2024,11,22,4,0,0,1,0,0,0,0,1,0,0,0,0,0,0,0,1,1
40,10861.86,5000.0,6,18,3,3.66,0.4603263161189704,2023,3,4,5,1,0,0,0,1,1,0,0,0,0,0,0,0,1,0,0,1
22,20097.43,5000.0,3,4,0,6.71,0.2487880291161606,2024,12,1,6,1,0,1,0,0,1,0,0,0,0,0,0,0,1,0,0,0
36,27187.31,5000.0,9,2,1,6.33,0.1839093312284297,2023,1,1,6,1,0,1,0,0,0,0,0,0,1,0,0,1,0,0,0,0
52,76882.91,3605.54,9,11,4,9.49,0.046896507949556,2023,3,3,4,0,1,0,0,0,0,1,0,0,0,0,0,0,0,0,1,1
31,22471.67,3032.37,9,1,0,2.93,0.1349419068542747,2024,12,31,1,0,0,0,1,0,0,0,0,0,1,0,0,0,1,0,0,0
56,66135.35,5000.0,12,3,0,1.94,0.0756025332896854,2023,6,13,1,0,0,1,0,0,0,0,0,0,1,1,0,0,0,0,0,0
55,12749.63,2915.56,6,4,0,5.51,0.2286780086951543,2023,2,2,3,0,0,0,0,1,0,1,0,0,0,0,0,0,0,1,0,0
25,5000.0,1406.68,6,7,1,5.12,0.281336,2024,7,9,1,0,0,0,0,1,0,0,0,1,0,0,0,0,1,0,0,0
27,6484.39,1160.03,3,15,1,5.72,0.1788957789398848,2023,5,9,1,0,0,0,0,1,0,0,0,0,1,0,1,0,0,0,0,0
49,17904.93,5000.0,3,11,1,8.05,0.2792526974414309,2023,6,4,6,1,0,0,0,1,0,0,1,0,0,0,0,0,1,0,0,0
45,84583.81,5000.0,3,0,0,4.07,0.059112967363376,2023,5,11,3,0,0,1,0,0,0,0,1,0,0,0,0,1,0,0,0,0
35,10045.14,344.97,12,0,0,5.32,0.0343419803009216,2023,2,8,2,0,0,0,0,1,0,0,0,0,1,0,0,1,0,0,0,1
56,19407.31,5000.0,9,11,1,4.55,0.2576348808773601,2023,2,17,4,0,0,0,1,0,1,0,0,0,0,0,0,0,1,0,0,0
38,36186.48,5000.0,12,17,1,6.81,0.1381731519617271,2024,8,25,6,1,1,0,0,0,0,0,1,0,0,0,0,0,0,0,1,0
23,6177.02,2364.08,12,4,0,4.9,0.3827217655115249,2024,11,7,3,0,0,0,1,0,0,0,1,0,0,0,0,1,0,0,0,0
24,10117.54,891.42,3,19,2,4.78,0.0881063974049027,2023,1,7,5,1,0,0,1,0,0,0,1,0,0,0,0,1,0,0,0,0
41,81794.3,5000.0,3,10,1,1.08,0.0611289539735653,2024,11,30,5,1,1,0,0,0,0,1,0,0,0,0,0,0,0,1,0,0
28,75508.19,5000.0,9,13,1,1.12,0.0662179824466723,2024,7,3,2,0,0,1,0,0,0,0,0,1,0,0,0,0,1,0,0,0
29,40164.87,5000.0,12,13,3,9.86,0.124486896135852,2023,4,17,0,0,0,1,0,0,0,1,0,0,0,1,0,0,0,0,0,1
54,90910.89,5000.0,3,1,0,6.27,0.05499891157154,2023,4,18,1,0,0,1,0,0,0,0,0,1,0,1,0,0,0,0,0,0
33,60229.89,5000.0,3,11,2,2.79,0.0830152603632515,2023,1,7,5,1,1,0,0,0,0,0,0,1,0,0,0,0,1,0,0,1
20,30287.56,5000.0,3,0,0,6.92,0.1650842788260262,2023,2,28,1,0,1,0,0,0,0,0,1,0,0,0,1,0,0,0,0,0
45,64477.12,5000.0,12,0,0,5.75,0.0775468879503302,2023,6,12,0,0,0,1,0,0,0,0,1,0,0,1,0,0,0,0,0,0
54,12278.5,3021.08,12,4,0,7.65,0.2460463411654518,2024,11,3,6,1,0,0,0,1,0,0,0,0,1,0,0,0,0,1,0,0
23,52112.52,5000.0,12,13,3,7.39,0.0959462332660174,2024,7,18,3,0,0,1,0,0,0,0,0,0,1,0,1,0,0,0,0,1
58,5000.0,504.0,3,17,1,6.11,0.1008,2024,11,9,5,1,0,0,1,0,0,0,1,0,0,0,1,0,0,0,0,0
42,16183.15,1853.93,9,15,2,8.69,0.1145592792503313,2023,2,6,0,0,0,0,1,0,0,1,0,0,0,0,0,0,0,0,1,1
52,18882.71,5000.0,12,19,2,9.35,0.2647925006527135,2023,3,19,6,1,0,0,0,1,0,0,1,0,0,1,0,0,0,0,0,1
39,12924.59,3135.05,9,8,2,4.63,0.242564754471902,2023,5,8,0,0,0,0,1,0,1,0,0,0,0,0,0,0,1,0,0,1
28,38651.93,100.0,12,26,4,3.43,0.0025871929293052,2024,7,30,1,0,0,1,0,0,0,1,0,0,0,1,0,0,0,0,0,1
54,49402.26,5000.0,12,3,0,5.79,0.101209944646257,2024,10,31,3,0,0,1,0,0,0,0,1,0,0,0,0,1,0,0,0,0
26,14389.1,5000.0,9,0,0,4.23,0.3474852492511693,2023,3,27,0,0,0,0,1,0,0,0,0,1,0,0,0,0,1,0,0,0
48,61498.84,5000.0,9,15,1,4.94,0.0813023465158042,2024,8,16,4,0,1,0,0,0,0,0,1,0,0,0,0,0,1,0,0,0
35,13124.44,2517.61,3,0,0,3.76,0.1918260893417167,2023,6,5,0,0,0,0,1,0,0,0,0,0,1,1,0,0,0,0,0,0
19,17666.79,5000.0,12,12,2,4.61,0.2830168921462246,2023,3,19,6,1,0,0,1,0,0,1,0,0,0,0,0,1,0,0,0,0
45,53019.64,5000.0,3,12,2,1.4,0.0943046765311873,2024,12,14,5,1,1,0,0,0,0,0,0,0,1,0,0,0,1,0,0,1
23,36622.18,5000.0,9,4,0,8.76,0.1365292836199265,2024,8,27,1,0,1,0,0,0,0,0,0,1,0,0,0,1,0,0,0,0
32,9386.5,4656.87,12,15,2,3.46,0.4961242209556277,2023,1,31,1,0,0,0,0,1,0,0,0,0,1,0,1,0,0,0,0,0
18,12207.02,2406.41,3,2,0,3.05,0.197133288878039,2024,11,8,4,0,0,0,1,0,0,1,0,0,0,0,0,1,0,0,0,0
50,83799.22,5000.0,9,19,1,3.81,0.0596664264894112,2023,6,3,5,1,1,0,0,0,1,0,0,0,0,0,0,1,0,0,0,1
45,92443.1,5000.0,9,13,3,8.35,0.0540873250680688,2024,9,9,0,0,0,1,0,0,0,1,0,0,0,0,0,0,0,1,0,1
56,81094.23,5000.0,9,11,2,9.09,0.0616566678048487,2023,1,22,6,1,1,0,0,0,0,1,0,0,0,1,0,0,0,0,0,0
23,31032.93,5000.0,6,14,1,9.32,0.1611191724403722,2024,11,5,1,0,0,1,0,0,0,0,1,0,0,0,0,0,0,1,0,1
24,30946.92,5000.0,6,20,2,5.42,0.161566966922718,2024,12,20,4,0,0,1,0,0,0,1,0,0,0,0,0,0,1,0,0,0
54,124038.48,5000.0,3,12,1,8.26,0.0403100715197412,2023,2,27,0,0,0,1,0,0,1,0,0,0,0,0,0,0,0,0,1,0
32,14964.63,4700.56,3,15,1,8.63,0.3141113412092381,2024,9,26,3,0,0,0,1,0,0,0,0,0,1,0,0,0,1,0,0,0
24,65516.15,5000.0,12,0,0,2.65,0.0763170607552489,2024,9,21,5,1,0,1,0,0,1,0,0,0,0,0,1,0,0,0,0,0
47,83281.3,5000.0,3,0,0,1.6,0.060037487407137,2024,11,12,1,0,0,1,0,0,0,1,0,0,0,0,0,0,1,0,0,0
37,46048.12,4084.67,12,1,0,6.02,0.0887043814166571,2024,9,14,5,1,1,0,0,0,0,1,0,0,0,1,0,0,0,0,0,0
54,62401.55,5000.0,9,9,2,4.75,0.0801262148135743,2024,9,26,3,0,0,1,0,0,0,0,0,1,0,0,1,0,0,0,0,0
56,84310.32,3600.0,9,3,0,7.66,0.0426993990771236,2023,3,27,0,0,0,1,0,0,0,0,0,0,1,1,0,0,0,0,0,0
42,7928.97,1570.14,3,14,1,3.74,0.1980257208691671,2024,7,14,6,1,0,0,0,1,0,0,1,0,0,0,0,0,1,0,0,0
54,16910.55,5000.0,9,17,2,2.26,0.2956734109771711,2023,5,15,0,0,0,0,1,0,0,1,0,0,0,0,0,0,0,1,0,1
44,66522.71,5000.0,3,16,1,6.08,0.0751623017162109,2023,5,20,5,1,1,0,0,0,0,0,1,0,0,0,0,0,0,1,0,1
45,18328.62,5000.0,12,11,1,2.39,0.2727974064604973,2023,2,28,1,0,0,0,1,0,1,0,0,0,0,1,0,0,0,0,0,0
49,72177.6,5000.0,12,1,0,5.29,0.069273569639334,2023,2,6,0,0,0,1,0,0,1,0,0,0,0,0,0,0,1,0,0,0
52,7301.92,1720.49,9,9,2,8.83,0.2356215899379889,2024,9,5,3,0,0,0,0,1,0,0,0,1,0,0,0,0,1,0,0,1
24,8485.16,2778.04,3,1,0,2.52,0.3273998368917027,2023,6,20,1,0,0,0,1,0,0,0,0,1,0,0,0,0,0,1,0,1
55,17125.82,3293.49,12,9,1,5.03,0.1923113754553066,2023,6,7,2,0,0,0,1,0,1,0,0,0,0,0,0,0,0,0,1,1
44,65803.8,5000.0,3,5,0,7.59,0.0759834538430911,2023,1,5,3,0,0,1,0,0,0,0,0,0,1,0,0,0,0,0,1,0
49,71630.18,5000.0,9,8,2,1.29,0.0698029796937547,2024,8,1,3,0,1,0,0,0,1,0,0,0,0,0,0,1,0,0,0,0
27,47737.13,5000.0,6,0,0,5.74,0.1047402724043108,2024,11,3,6,1,1,0,0,0,0,0,1,0,0,0,0,0,1,0,0,1
34,10380.48,1661.35,3,0,0,1.61,0.1600455855605906,2024,9,25,2,0,0,0,0,1,0,0,1,0,0,0,0,0,1,0,0,0
38,9824.42,3044.31,6,5,0,7.05,0.3098717277966536,2024,9,23,0,0,0,0,0,1,0,0,0,1,0,0,0,0,0,0,1,0
35,110105.3,5000.0,3,18,1,5.45,0.0454110746712465,2023,4,27,3,0,0,1,0,0,0,1,0,0,0,0,0,1,0,0,0,0
19,8786.88,3064.7,6,17,1,3.44,0.3487813649440985,2024,11,17,6,1,0,0,0,1,1,0,0,0,0,0,1,0,0,0,0,1
39,14727.13,4527.71,12,1,0,9.07,0.3074400782773018,2023,6,16,4,0,0,0,1,0,1,0,0,0,0,0,0,0,1,0,0,0
19,37034.2,5000.0,9,11,1,6.76,0.1350103417921813,2024,8,3,5,1,0,1,0,0,0,1,0,0,0,0,0,0,0,1,0,0
28,66719.81,5000.0,9,17,1,2.26,0.0749402613706484,2023,1,3,1,0,0,1,0,0,0,1,0,0,0,0,0,1,0,0,0,1
19,28039.75,5000.0,9,0,0,3.92,0.1783182802985048,2024,7,24,2,0,1,0,0,0,0,0,0,1,0,0,0,0,1,0,0,0
25,12518.93,2368.92,3,3,0,6.14,0.1892270345788338,2024,9,30,0,0,0,0,0,1,0,1,0,0,0,0,0,0,0,0,1,1
26,14647.75,263.2,3,9,2,1.53,0.0179686299943677,2023,6,16,4,0,0,0,0,1,1,0,0,0,0,0,0,1,0,0,0,0
26,6561.67,2677.91,3,2,2,2.44,0.4081140929062266,2023,4,16,6,1,0,0,0,1,0,1,0,0,0,0,0,0,0,0,1,1
57,70624.94,5000.0,3,4,0,1.94,0.0707965203227075,2023,6,7,2,0,1,0,0,0,0,1,0,0,0,1,0,0,0,0,0,0
48,15568.26,4625.52,6,0,0,3.41,0.2971122013635435,2024,10,5,5,1,0,0,1,0,1,0,0,0,0,0,0,0,0,1,0,1
43,16331.4,5000.0,3,2,0,2.95,0.3061586881712529,2023,5,4,3,0,0,0,0,1,0,0,0,0,1,0,0,0,1,0,0,1
44,11356.88,1926.71,3,1,0,5.43,0.1696513479054106,2024,7,5,4,0,0,0,0,1,0,0,0,1,0,1,0,0,0,0,0,1
47,54189.22,5000.0,9,2,0,3.91,0.0922692742209612,2023,4,21,4,0,1,0,0,0,1,0,0,0,0,0,0,0,0,0,1,0
49,52257.26,5000.0,9,0,0,7.83,0.0956804853526572,2024,12,10,1,0,1,0,0,0,0,1,0,0,0,0,0,1,0,0,0,0
29,13556.69,636.77,3,17,3,1.13,0.0469709051398239,2023,1,4,2,0,0,0,1,0,0,0,1,0,0,0,0,0,0,0,1,1
41,58300.94,5000.0,6,2,1,4.47,0.0857619105283722,2024,9,20,4,0,0,1,0,0,0,0,0,1,0,0,0,0,0,0,1,0
43,25785.18,5000.0,12,16,1,8.61,0.1939098350292687,2023,5,19,4,0,0,0,1,0,0,0,1,0,0,0,1,0,0,0,0,1
44,9947.88,2688.39,9,17,2,9.3,0.2702475301270221,2023,4,30,6,1,1,0,0,0,0,0,0,1,0,0,0,0,0,0,1,0
42,102732.24,5000.0,12,2,0,7.58,0.0486702129730647,2023,5,24,2,0,0,1,0,0,0,0,1,0,0,0,0,0,0,0,1,0
52,46090.68,5000.0,3,1,0,6.42,0.108481801526903,2024,9,4,2,0,1,0,0,0,0,0,0,0,1,1,0,0,0,0,0,0
50,16340.41,4486.13,3,11,1,2.6,0.2745420708537913,2023,2,12,6,1,0,0,0,1,1,0,0,0,0,0,0,0,1,0,0,1
32,5215.66,1850.51,6,8,1,2.0,0.3547988174075764,2023,5,22,0,0,0,0,0,1,0,0,1,0,0,0,0,0,1,0,0,1
51,19313.87,1828.67,9,0,2,4.66,0.0946816976608002,2024,8,14,2,0,0,0,0,1,0,0,0,0,1,1,0,0,0,0,0,0
51,13194.76,2735.63,6,4,1,1.26,0.2073269995058644,2023,5,16,1,0,0,0,0,1,0,0,1,0,0,0,0,1,0,0,0,0
20,8948.07,3111.1,3,4,0,8.38,0.3476839139613347,2024,7,20,5,1,0,0,0,1,0,0,0,1,0,0,1,0,0,0,0,1
20,37557.24,5000.0,12,9,1,8.31,0.1331301235128034,2024,7,3,2,0,0,1,0,0,0,0,0,1,0,0,0,0,1,0,0,1
38,14874.27,4269.28,12,16,1,7.3,0.2870245060766007,2023,2,23,3,0,0,0,1,0,1,0,0,0,0,0,0,0,1,0,0,0
37,5000.0,2010.31,3,10,1,5.75,0.402062,2024,11,4,0,0,0,0,0,1,0,0,1,0,0,0,0,0,0,0,1,0
28,19444.68,3850.86,3,13,3,4.97,0.1980418294361234,2024,7,2,1,0,0,0,1,0,0,0,0,1,0,0,0,0,1,0,0,1
38,67798.69,5000.0,9,18,2,9.06,0.0737477376037796,2023,1,21,5,1,0,1,0,0,1,0,0,0,0,1,0,0,0,0,0,0
40,6506.66,2097.35,9,0,0,6.94,0.3223389573145054,2024,12,26,3,0,0,0,0,1,1,0,0,0,0,0,0,1,0,0,0,0
31,18880.05,2815.63,12,14,2,5.17,0.1491325499667638,2023,2,26,6,1,0,0,1,0,0,0,1,0,0,0,0,0,0,0,1,1
29,59449.15,5000.0,3,13,1,7.65,0.0841054918363004,2024,7,29,0,0,1,0,0,0,1,0,0,0,0,0,0,1,0,0,0,1
18,11428.13,1304.52,6,13,2,4.9,0.1141499090402366,2023,6,16,4,0,1,0,0,0,0,0,1,0,0,0,0,1,0,0,0,0
38,67119.68,5000.0,6,1,0,5.87,0.0744937997320607,2023,6,27,1,0,0,1,0,0,0,1,0,0,0,0,0,0,1,0,0,0
44,8636.75,3277.63,3,1,0,2.55,0.3794980750861146,2023,6,19,0,0,0,0,0,1,0,1,0,0,0,0,0,0,0,0,1,0
58,13488.18,1622.26,12,19,2,8.39,0.1202727128493243,2023,3,23,3,0,0,0,1,0,0,0,0,0,1,0,0,0,0,0,1,1
46,15072.55,2303.04,12,14,1,4.06,0.1527969719788622,2024,9,22,6,1,0,0,0,1,0,1,0,0,0,0,0,0,0,1,0,0
59,25657.11,5000.0,12,16,2,6.98,0.1948777551329826,2024,8,17,5,1,0,0,1,0,0,0,0,1,0,1,0,0,0,0,0,1
47,82235.27,5000.0,12,16,3,2.87,0.0608011623236599,2023,2,19,6,1,1,0,0,0,1,0,0,0,0,1,0,0,0,0,0,0
58,17129.55,5000.0,3,11,1,5.99,0.2918932488010485,2023,2,13,0,0,0,0,0,1,0,0,1,0,0,0,0,0,0,0,1,0
26,78926.69,5000.0,6,13,2,8.34,0.0633499263683805,2023,6,25,6,1,0,1,0,0,0,1,0,0,0,0,1,0,0,0,0,0
48,37345.16,5000.0,12,19,1,7.18,0.133886158206311,2023,6,20,1,0,1,0,0,0,0,1,0,0,0,0,0,0,1,0,0,0
57,51322.36,5000.0,9,24,2,3.76,0.0974234232408642,2024,12,11,2,0,0,1,0,0,1,0,0,0,0,0,0,0,1,0,0,1
18,55265.86,5000.0,12,7,1,5.77,0.09047176683761,2023,1,18,2,0,0,1,0,0,0,1,0,0,0,0,0,1,0,0,0,0
20,6496.96,1475.8,3,0,0,1.61,0.2271523912722257,2023,6,27,1,0,0,0,1,0,1,0,0,0,0,0,1,0,0,0,0,1
18,36490.58,5000.0,12,9,2,9.39,0.1370216642212867,2024,10,7,0,0,0,1,0,0,1,0,0,0,0,1,0,0,0,0,0,1
58,13078.78,3172.77,6,9,1,6.65,0.2425891405773321,2023,3,25,5,1,0,0,0,1,0,0,0,1,0,0,1,0,0,0,0,1
22,7301.18,3643.09,3,10,1,2.31,0.4989727687853196,2024,9,28,5,1,0,0,0,1,0,0,1,0,0,0,0,1,0,0,0,1
20,11107.53,4826.44,3,11,1,4.91,0.4345196456818032,2023,3,12,6,1,0,0,1,0,1,0,0,0,0,0,0,0,1,0,0,0
52,64830.61,5000.0,3,3,1,4.37,0.0771240622292463,2024,11,8,4,0,1,0,0,0,0,0,0,0,1,0,0,0,0,1,0,1
57,42668.76,5000.0,12,1,0,6.8,0.1171817507703528,2024,8,19,0,0,1,0,0,0,0,0,1,0,0,0,0,0,1,0,0,1
56,59867.27,5000.0,9,4,1,5.53,0.0835180892664723,2024,11,28,3,0,0,1,0,0,0,0,0,1,0,0,0,0,1,0,0,0
33,13366.01,5000.0,3,9,1,1.53,0.3740832155594676,2023,2,25,5,1,0,0,1,0,0,0,1,0,0,0,0,0,1,0,0,0
38,12154.98,4123.81,12,0,0,6.78,0.3392691719772472,2024,12,21,5,1,0,0,0,1,0,0,1,0,0,1,0,0,0,0,0,1
22,11094.39,100.0,3,4,2,3.95,0.0090135645132359,2023,3,16,3,0,0,0,1,0,0,0,0,1,0,1,0,0,0,0,0,1
35,68524.77,5000.0,3,0,0,7.14,0.0729663156840949,2024,12,6,4,0,0,1,0,0,1,0,0,0,0,0,0,0,1,0,0,0
40,5000.0,349.95,6,15,1,8.15,0.06999,2023,1,13,4,0,0,0,0,1,0,0,1,0,0,0,0,1,0,0,0,0
19,12501.59,1968.3,6,10,1,2.47,0.1574439731266183,2023,3,15,2,0,0,0,0,1,0,0,0,1,0,0,0,0,0,0,1,0
55,8602.41,897.7,3,15,3,7.63,0.1043544774080751,2023,1,20,4,0,0,0,0,1,0,0,0,0,1,0,1,0,0,0,0,0
51,40986.82,5000.0,9,5,0,8.78,0.1219904349739745,2024,9,1,6,1,1,0,0,0,1,0,0,0,0,1,0,0,0,0,0,0
48,75632.06,5000.0,12,3,0,7.83,0.0661095307995048,2023,6,29,3,0,1,0,0,0,0,0,1,0,0,0,0,0,0,1,0,0
26,8958.34,1981.65,12,3,0,3.46,0.221207277241096,2023,2,14,1,0,0,0,0,1,1,0,0,0,0,0,0,0,0,1,0,0
33,11670.86,3925.02,12,1,0,9.9,0.3363094065047477,2024,11,23,5,1,0,0,0,1,0,0,1,0,0,0,0,0,1,0,0,0
37,16354.08,3403.46,6,3,1,4.39,0.208110758905423,2024,7,4,3,0,0,0,1,0,0,0,0,0,1,0,1,0,0,0,0,0
40,12197.38,100.0,6,9,2,7.69,0.0081984819690786,2023,6,17,5,1,0,0,1,0,1,0,0,0,0,0,0,0,0,0,1,0
43,78160.42,5000.0,6,0,2,4.97,0.0639709970852255,2023,5,25,3,0,0,1,0,0,0,0,0,1,0,1,0,0,0,0,0,0
59,12662.69,5000.0,12,16,3,5.07,0.394860807616707,2024,11,15,4,0,0,0,0,1,0,1,0,0,0,0,1,0,0,0,0,0
43,22726.18,5000.0,3,6,1,5.53,0.2200105781085954,2024,11,2,5,1,0,0,1,0,1,0,0,0,0,0,0,1,0,0,0,0
44,36881.35,5000.0,6,13,3,7.5,0.1355698747469927,2024,8,2,4,0,1,0,0,0,1,0,0,0,0,0,0,0,0,0,1,1
19,30821.43,5000.0,12,9,1,7.83,0.1622247896998938,2024,9,12,3,0,1,0,0,0,0,1,0,0,0,0,0,1,0,0,0,0
33,60331.86,5000.0,3,2,0,2.54,0.0828749519739653,2023,5,30,1,0,1,0,0,0,0,0,1,0,0,1,0,0,0,0,0,0
38,72711.73,5000.0,12,0,0,5.94,0.0687646958750672,2024,7,31,2,0,0,1,0,0,0,0,1,0,0,0,0,0,0,0,1,0
55,24999.18,5000.0,6,8,1,8.62,0.200006560215175,2024,9,26,3,0,0,1,0,0,0,0,0,1,0,0,0,0,0,1,0,0
47,5000.0,1285.51,9,12,1,8.62,0.257102,2023,6,11,6,1,0,0,0,1,0,1,0,0,0,0,0,1,0,0,0,1
50,54252.76,5000.0,9,1,0,8.21,0.0921612098628714,2023,2,28,1,0,1,0,0,0,0,1,0,0,0,0,1,0,0,0,0,0
21,10105.92,4089.28,3,11,1,8.45,0.4046420316012792,2023,2,8,2,0,0,0,0,1,0,0,0,0,1,1,0,0,0,0,0,0
18,6807.34,2108.88,9,19,3,8.55,0.309795015380457,2024,8,22,3,0,0,0,0,1,0,0,0,0,1,0,0,0,1,0,0,1
31,55524.91,5000.0,12,2,0,4.89,0.0900496732007309,2024,12,9,0,0,1,0,0,0,0,1,0,0,0,0,0,1,0,0,0,0
40,45051.38,5000.0,6,15,2,5.23,0.110984391599103,2023,6,8,3,0,1,0,0,0,0,0,0,0,1,1,0,0,0,0,0,0
23,36538.23,5000.0,6,3,0,4.98,0.1368429724154673,2024,12,27,4,0,1,0,0,0,1,0,0,0,0,0,0,0,0,1,0,1
50,40652.58,5000.0,6,1,0,4.43,0.1229934237876169,2023,5,20,5,1,0,1,0,0,0,1,0,0,0,0,0,1,0,0,0,0
22,43009.11,5000.0,3,5,1,4.09,0.1162544400477015,2024,10,18,4,0,1,0,0,0,0,0,1,0,0,0,0,0,0,1,0,0
35,18756.19,1880.34,12,5,1,5.26,0.1002517035709277,2024,12,29,6,1,0,0,1,0,0,0,1,0,0,1,0,0,0,0,0,0
45,54327.46,5000.0,9,13,2,9.12,0.0920344886361335,2024,7,11,3,0,1,0,0,0,0,0,1,0,0,0,0,0,1,0,0,0
49,85361.61,5000.0,3,11,1,4.56,0.0585743403855667,2023,3,27,0,0,1,0,0,0,0,0,0,0,1,0,0,0,1,0,0,0
48,87256.99,5000.0,6,18,1,8.28,0.0573019995303528,2024,8,5,0,0,0,1,0,0,0,0,1,0,0,0,0,1,0,0,0,0
45,24392.11,5000.0,9,15,1,6.81,0.2049843166499331,2023,1,11,2,0,0,0,1,0,1,0,0,0,0,0,0,0,1,0,0,1
29,20067.07,4798.35,6,8,1,4.22,0.2391156257490505,2023,4,27,3,0,0,0,1,0,1,0,0,0,0,0,0,0,1,0,0,0
45,93958.82,5000.0,12,17,1,2.16,0.053214801973886,2024,9,11,2,0,0,1,0,0,0,1,0,0,0,0,0,0,0,1,0,0
26,76807.37,5000.0,12,0,0,9.23,0.0650979196397429,2023,3,20,0,0,0,1,0,0,0,0,1,0,0,0,1,0,0,0,0,0
25,23293.23,5000.0,6,9,2,1.21,0.2146546442893493,2023,6,21,2,0,0,0,1,0,0,0,0,0,1,0,1,0,0,0,0,0
22,8431.61,2954.73,6,6,1,6.9,0.3504348517068507,2024,10,11,4,0,0,0,0,1,0,1,0,0,0,1,0,0,0,0,0,0
48,38287.04,5000.0,12,2,0,9.64,0.1305924929166632,2024,8,28,2,0,0,1,0,0,0,0,1,0,0,0,0,0,1,0,0,0
54,16396.0,3057.3,6,2,0,1.63,0.1864662112710417,2023,2,2,3,0,0,0,0,1,0,1,0,0,0,0,0,0,1,0,0,1
32,57640.57,5000.0,6,10,1,7.75,0.0867444579399544,2023,5,8,0,0,0,1,0,0,1,0,0,0,0,0,0,0,0,0,1,1
59,60583.05,5000.0,9,21,1,6.78,0.0825313350846482,2024,8,19,0,0,0,1,0,0,1,0,0,0,0,0,0,1,0,0,0,1
41,24159.34,5000.0,3,4,0,5.5,0.2069592960734854,2024,11,3,6,1,0,0,1,0,0,0,0,0,1,1,0,0,0,0,0,0
52,81613.06,5000.0,9,11,1,9.32,0.061264704448038,2023,5,28,6,1,0,1,0,0,0,0,1,0,0,0,1,0,0,0,0,0
41,15428.1,3032.06,3,13,1,5.57,0.196528412442232,2024,8,31,5,1,0,0,0,1,0,0,1,0,0,0,0,0,0,1,0,1
40,17860.88,5000.0,9,6,2,9.18,0.2799414138609071,2024,11,20,2,0,0,0,1,0,0,0,0,1,0,0,1,0,0,0,0,0
24,16410.78,1840.32,9,13,1,1.3,0.1121409220037073,2023,5,11,3,0,0,0,1,0,1,0,0,0,0,0,0,1,0,0,0,0
26,27292.25,5000.0,12,6,1,6.09,0.1832021910982055,2024,11,22,4,0,1,0,0,0,0,0,0,1,0,0,0,0,0,0,1,1
20,15332.58,5000.0,6,0,0,9.86,0.3261029781028372,2023,6,10,5,1,0,0,1,0,0,1,0,0,0,1,0,0,0,0,0,0
22,13756.54,5000.0,9,15,1,3.19,0.3634634871850043,2024,8,27,1,0,0,0,0,1,0,0,1,0,0,1,0,0,0,0,0,0
25,35367.18,5000.0,12,11,2,4.19,0.1413740083320185,2024,11,24,6,1,1,0,0,0,0,0,0,1,0,1,0,0,0,0,0,1
31,18886.17,4508.59,6,11,1,1.81,0.2387244210975544,2024,12,26,3,0,0,0,1,0,0,0,0,1,0,0,1,0,0,0,0,1
53,16771.47,5000.0,12,14,1,3.23,0.2981253283105178,2024,8,18,6,1,0,0,1,0,1,0,0,0,0,0,1,0,0,0,0,0
21,43476.13,5000.0,6,12,2,4.06,0.1150056364262412,2024,10,5,5,1,1,0,0,0,0,0,0,1,0,0,0,1,0,0,0,0
49,50097.88,5000.0,12,21,2,2.43,0.0998046224710506,2023,3,17,4,0,0,1,0,0,0,1,0,0,0,1,0,0,0,0,0,1
28,50911.26,5000.0,9,12,1,5.1,0.0982101012624712,2023,1,12,3,0,1,0,0,0,0,0,0,1,0,0,0,0,0,1,0,0
46,9571.78,3629.56,9,10,1,9.38,0.3791938385545844,2023,2,22,2,0,0,0,0,1,0,0,0,1,0,1,0,0,0,0,0,0
45,89686.18,5000.0,3,3,0,2.59,0.0557499494347958,2024,10,22,1,0,0,1,0,0,1,0,0,0,0,0,1,0,0,0,0,0
33,13048.71,1509.36,6,6,0,9.44,0.1156712042799633,2023,4,21,4,0,0,0,0,1,0,0,0,0,1,0,0,0,0,1,0,0
36,17111.64,857.79,6,4,1,7.44,0.0501290349726852,2024,10,20,6,1,0,0,1,0,1,0,0,0,0,0,0,0,1,0,0,1
31,6188.87,2873.75,3,22,2,8.49,0.4643416326405305,2023,4,23,6,1,0,0,0,1,1,0,0,0,0,0,0,1,0,0,0,1
31,50417.47,5000.0,9,8,1,2.19,0.0991719735242565,2023,3,24,4,0,0,1,0,0,0,0,1,0,0,0,0,0,0,0,1,1
52,5000.0,2224.93,6,11,2,2.38,0.444986,2024,10,27,6,1,0,0,0,1,1,0,0,0,0,0,0,0,0,0,1,1
55,7060.63,2571.31,9,2,0,9.24,0.3641757180308272,2024,12,23,0,0,0,0,0,1,0,0,0,0,1,0,0,0,0,1,0,1
53,7678.8,3375.54,12,18,1,7.56,0.4395921237693389,2023,6,4,6,1,0,0,0,1,0,0,1,0,0,0,0,1,0,0,0,1
52,39975.75,5000.0,6,6,1,3.81,0.1250758272202523,2024,10,11,4,0,0,1,0,0,0,1,0,0,0,0,0,0,0,0,1,0
30,8722.78,2233.27,3,9,1,1.4,0.2560273215649139,2023,1,27,4,0,0,0,0,1,0,0,0,0,1,0,0,0,1,0,0,0
19,8083.93,3134.22,3,17,1,9.84,0.3877099381117847,2023,6,12,0,0,0,0,0,1,0,1,0,0,0,0,0,0,0,0,1,0
58,121868.52,5000.0,9,17,2,2.62,0.0410278224434004,2023,1,18,2,0,0,1,0,0,1,0,0,0,0,0,1,0,0,0,0,1
55,78946.11,5000.0,12,4,0,6.59,0.0633343428827588,2023,2,24,4,0,1,0,0,0,0,1,0,0,0,1,0,0,0,0,0,0
32,84267.63,5000.0,12,22,2,5.7,0.0593347647251975,2023,4,8,5,1,0,1,0,0,1,0,0,0,0,0,0,0,0,0,1,0
53,17788.2,100.0,12,12,1,1.41,0.0056217042758682,2023,6,15,3,0,0,0,1,0,0,0,0,0,1,1,0,0,0,0,0,0
44,13966.68,3300.43,12,10,2,3.73,0.2363074116397024,2024,9,26,3,0,0,0,0,1,0,0,1,0,0,0,0,0,0,1,0,1
59,54621.24,5000.0,12,0,0,7.99,0.0915394817107777,2024,11,16,5,1,1,0,0,0,0,0,0,1,0,0,0,0,1,0,0,0
34,82178.49,5000.0,3,20,3,3.91,0.0608431719784581,2024,12,27,4,0,0,1,0,0,0,0,0,1,0,0,0,0,0,0,1,1
52,14153.96,3640.32,9,11,1,2.34,0.2571944530011389,2024,11,21,3,0,0,0,0,1,1,0,0,0,0,0,0,0,0,1,0,0
45,12270.33,4739.88,6,8,1,2.89,0.3862878993474503,2024,12,12,3,0,0,0,0,1,0,0,0,0,1,0,0,1,0,0,0,0
55,40080.28,5000.0,6,12,1,3.85,0.1247496274976123,2024,12,30,0,0,0,1,0,0,0,0,1,0,0,0,1,0,0,0,0,0
21,12504.65,5000.0,6,1,0,1.8,0.3998512553330161,2023,6,29,3,0,0,0,1,0,0,1,0,0,0,0,1,0,0,0,0,0
57,98798.19,5000.0,9,5,1,5.29,0.0506082145836882,2024,7,4,3,0,1,0,0,0,0,0,0,0,1,0,0,0,1,0,0,0
59,87353.03,5000.0,12,2,0,3.55,0.0572389990364386,2024,9,2,0,0,0,1,0,0,0,1,0,0,0,0,0,0,1,0,0,0
59,15910.09,5000.0,12,4,0,9.5,0.3142659783822719,2023,3,13,0,0,0,0,0,1,0,0,0,1,0,0,0,1,0,0,0,0
19,22062.54,5000.0,12,7,2,1.68,0.2266284842996318,2023,4,19,2,0,1,0,0,0,0,0,1,0,0,0,1,0,0,0,0,0
52,107697.79,5000.0,12,17,1,3.64,0.0464262080029683,2024,11,16,5,1,0,1,0,0,0,0,1,0,0,0,0,0,1,0,0,1
51,89820.54,5000.0,3,10,1,8.11,0.0556665546655586,2024,12,9,0,0,0,1,0,0,1,0,0,0,0,0,0,0,1,0,0,0
46,91378.93,100.0,6,0,0,4.32,0.001094344177591,2023,6,20,1,0,0,1,0,0,1,0,0,0,0,0,1,0,0,0,0,0
19,46768.28,1774.38,12,0,0,4.4,0.0379398173291812,2023,2,22,2,0,0,1,0,0,0,1,0,0,0,0,0,0,0,1,0,0
19,6170.93,2843.17,9,3,1,6.48,0.4607360640940668,2023,3,12,6,1,0,0,1,0,1,0,0,0,0,0,0,0,0,0,1,1
39,12631.65,5000.0,9,15,1,8.12,0.3958311067833577,2023,2,14,1,0,0,0,1,0,1,0,0,0,0,0,0,0,0,0,1,0
25,58874.08,5000.0,6,4,0,6.47,0.0849270171185689,2023,3,7,1,0,1,0,0,0,0,0,0,0,1,0,0,1,0,0,0,0
48,82440.88,5000.0,3,4,2,3.8,0.0606495224214006,2023,5,22,0,0,0,1,0,0,0,0,0,0,1,0,0,0,0,1,0,0
30,38490.32,5000.0,12,9,1,1.19,0.1299027911433316,2024,7,15,0,0,1,0,0,0,1,0,0,0,0,0,0,0,0,0,1,0
45,76728.64,5000.0,9,2,1,6.51,0.0651647155481968,2023,4,29,5,1,1,0,0,0,0,0,0,0,1,0,0,1,0,0,0,0
43,37173.5,5000.0,12,21,4,9.79,0.1345044184701467,2023,2,17,4,0,0,1,0,0,0,0,0,0,1,0,0,1,0,0,0,1
51,67419.3,5000.0,6,1,0,1.9,0.0741627397495969,2024,10,12,5,1,0,1,0,0,0,0,0,0,1,0,0,0,1,0,0,0
20,21104.7,830.09,6,15,1,5.89,0.0393319971380782,2023,1,20,4,0,0,1,0,0,0,0,0,1,0,0,0,0,1,0,0,0
52,15807.99,5000.0,3,10,1,4.77,0.3162957466445766,2023,2,27,0,0,0,0,0,1,0,0,1,0,0,0,0,0,0,1,0,0
45,27344.26,5000.0,6,2,0,3.96,0.1828537323738144,2023,3,25,5,1,0,0,1,0,0,0,0,0,1,0,0,0,1,0,0,0
50,46940.75,5000.0,9,2,0,2.56,0.1065172584588017,2024,7,18,3,0,1,0,0,0,1,0,0,0,0,0,0,1,0,0,0,0
46,72663.39,5000.0,9,2,0,5.11,0.0688104422323263,2024,9,16,0,0,0,1,0,0,0,0,1,0,0,0,0,0,0,0,1,0
20,36209.45,5000.0,9,14,2,5.92,0.1380854997797536,2023,1,24,1,0,1,0,0,0,0,0,1,0,0,1,0,0,0,0,0,1
25,15928.58,5000.0,3,2,0,1.71,0.3139011763760486,2023,1,8,6,1,0,0,1,0,0,0,1,0,0,0,0,0,0,1,0,1
22,7814.56,3090.0,12,2,0,1.95,0.3954157367785262,2023,4,9,6,1,0,0,0,1,0,1,0,0,0,0,1,0,0,0,0,1
40,55126.25,5000.0,12,15,1,8.94,0.0907008911362554,2023,2,16,3,0,1,0,0,0,0,1,0,0,0,0,0,0,0,1,0,1
59,19638.35,5000.0,12,14,2,2.73,0.2546038745617631,2024,11,20,2,0,0,0,1,0,0,0,0,1,0,1,0,0,0,0,0,1
44,10552.55,2451.38,12,2,0,8.98,0.2323021449791756,2024,10,27,6,1,0,0,1,0,0,0,0,1,0,0,0,0,1,0,0,1
28,70812.04,5000.0,6,9,2,6.22,0.0706094613288926,2023,1,8,6,1,0,1,0,0,0,0,1,0,0,0,0,0,0,1,0,0
42,13468.54,252.82,9,4,0,8.57,0.0187711511418461,2024,11,16,5,1,0,0,1,0,1,0,0,0,0,0,0,1,0,0,0,0
26,8661.97,3624.9,6,14,3,5.9,0.4184844787040362,2023,1,1,6,1,0,0,0,1,0,0,0,0,1,0,1,0,0,0,0,1
20,5660.86,2873.71,12,11,2,8.67,0.5076454814286169,2024,8,26,0,0,0,0,0,1,1,0,0,0,0,0,0,1,0,0,0,0
39,9283.06,2183.46,9,8,1,9.15,0.2352090797646465,2024,10,15,1,0,0,0,0,1,0,0,0,0,1,0,0,0,0,1,0,0
59,5000.0,2078.59,12,16,1,4.22,0.415718,2023,3,9,3,0,0,0,0,1,0,0,1,0,0,1,0,0,0,0,0,0
20,11598.94,3853.59,6,16,1,2.3,0.3322363940153152,2023,4,24,0,0,0,0,1,0,1,0,0,0,0,0,0,0,0,0,1,1
51,74729.51,5000.0,12,14,1,3.85,0.0669079724997527,2023,2,17,4,0,0,1,0,0,0,0,0,0,1,0,1,0,0,0,0,0
26,7960.1,5000.0,9,13,2,5.34,0.6281328124018543,2024,8,1,3,0,0,0,0,1,0,0,1,0,0,0,0,0,0,1,0,1
46,73681.98,4445.34,3,6,2,6.05,0.0603314406046091,2024,7,29,0,0,0,1,0,0,0,0,0,0,1,0,0,0,0,1,0,0
59,87438.15,2394.86,3,12,1,9.67,0.0273891888151796,2024,12,7,5,1,1,0,0,0,0,1,0,0,0,1,0,0,0,0,0,0
30,81160.01,5000.0,3,0,0,8.48,0.0616066952184949,2024,8,22,3,0,0,1,0,0,0,0,0,1,0,0,0,1,0,0,0,0
27,21845.1,5000.0,3,16,2,7.43,0.2288842806853711,2024,7,30,1,0,1,0,0,0,0,0,1,0,0,0,0,1,0,0,0,0
57,117997.25,5000.0,9,21,1,8.3,0.0423738688825375,2024,7,25,3,0,1,0,0,0,0,0,0,1,0,0,0,0,0,0,1,1
32,82337.58,5000.0,9,9,2,1.7,0.0607256127760859,2024,11,17,6,1,0,1,0,0,0,0,0,0,1,0,0,0,0,1,0,0
50,11090.67,5000.0,6,2,0,4.83,0.4508293908303105,2023,3,25,5,1,0,0,0,1,1,0,0,0,0,0,0,1,0,0,0,0
24,64454.87,5000.0,3,1,0,7.6,0.0775736573512598,2024,11,1,4,0,0,1,0,0,0,1,0,0,0,1,0,0,0,0,0,0
21,33293.61,5000.0,9,15,1,1.11,0.1501789682764951,2024,9,30,0,0,1,0,0,0,0,0,0,0,1,0,0,0,1,0,0,1
36,44434.53,5000.0,6,6,0,5.01,0.1125251015370253,2024,9,7,5,1,0,1,0,0,1,0,0,0,0,0,0,0,0,0,1,0
51,25498.83,4911.17,9,3,0,6.25,0.1926037390735182,2024,9,24,1,0,0,0,1,0,1,0,0,0,0,0,1,0,0,0,0,0
21,5000.0,3005.11,12,1,0,5.86,0.6010220000000001,2024,10,1,1,0,0,0,0,1,0,0,0,1,0,0,0,0,0,0,1,0
49,41584.34,5000.0,6,1,0,2.14,0.1202375702007053,2023,3,7,1,0,1,0,0,0,0,0,1,0,0,1,0,0,0,0,0,1
33,86036.34,5000.0,12,9,1,2.62,0.058114977926769,2024,9,2,0,0,0,1,0,0,1,0,0,0,0,0,0,0,0,0,1,0
21,7393.88,2187.54,6,3,0,8.97,0.2958581962379698,2024,8,11,6,1,0,0,1,0,0,1,0,0,0,0,0,0,0,0,1,0
33,11337.14,3402.15,12,1,0,3.1,0.3000889113127297,2024,7,30,1,0,0,0,1,0,0,0,1,0,0,0,0,0,0,1,0,0
42,69568.39,5000.0,9,12,1,5.77,0.0718717222002694,2024,12,8,6,1,0,1,0,0,0,0,0,0,1,0,1,0,0,0,0,0
38,48856.16,3154.8,6,20,1,2.45,0.0645732288415626,2023,3,13,0,0,1,0,0,0,0,0,0,1,0,0,1,0,0,0,0,1
25,50700.87,5000.0,3,13,1,1.75,0.0986176371332483,2023,6,16,4,0,1,0,0,0,0,0,1,0,0,0,0,0,1,0,0,0
50,32719.91,5000.0,6,8,1,6.49,0.152812156268156,2023,1,23,0,0,1,0,0,0,0,0,0,1,0,1,0,0,0,0,0,0
50,70761.7,5000.0,12,6,1,1.18,0.0706596930260296,2024,12,15,6,1,0,1,0,0,1,0,0,0,0,0,1,0,0,0,0,0
19,5483.16,783.2,6,8,1,3.85,0.1428373419706884,2023,4,25,1,0,0,0,0,1,1,0,0,0,0,0,1,0,0,0,0,0
53,25523.58,5000.0,6,21,3,6.99,0.1958972840016956,2024,11,22,4,0,0,0,1,0,1,0,0,0,0,0,0,1,0,0,0,0
20,13478.49,546.35,12,12,1,2.93,0.0405349560670371,2023,4,22,5,1,0,0,1,0,1,0,0,0,0,0,1,0,0,0,0,1
37,15372.67,1571.31,6,15,1,4.54,0.1022145144597522,2024,7,10,2,0,0,0,0,1,0,1,0,0,0,0,1,0,0,0,0,0
50,18546.09,5000.0,9,9,2,7.22,0.2695986054203338,2024,11,26,1,0,0,0,0,1,1,0,0,0,0,1,0,0,0,0,0,0
45,18694.06,5000.0,9,10,1,8.22,0.2674646385001439,2024,7,20,5,1,0,0,0,1,0,1,0,0,0,0,1,0,0,0,0,0
51,8880.16,3847.4,9,6,1,3.21,0.4332579593160484,2023,4,28,4,0,0,0,0,1,0,0,0,1,0,0,0,0,1,0,0,1
31,25554.86,5000.0,3,11,1,4.89,0.1956574991997608,2024,9,2,0,0,0,1,0,0,0,0,0,0,1,1,0,0,0,0,0,0
32,37836.38,5000.0,9,8,1,5.35,0.1321479486145345,2024,11,17,6,1,1,0,0,0,0,0,0,0,1,1,0,0,0,0,0,0
51,65532.21,5000.0,12,3,0,7.74,0.0762983577083696,2024,9,2,0,0,1,0,0,0,1,0,0,0,0,0,0,0,0,0,1,0
26,49773.87,5000.0,9,16,2,1.05,0.100454314683588,2023,4,29,5,1,1,0,0,0,0,0,0,0,1,0,0,0,1,0,0,1
47,17847.26,3111.74,9,1,0,2.79,0.1743539344414773,2023,2,12,6,1,0,0,1,0,0,0,1,0,0,1,0,0,0,0,0,0
47,54446.04,5000.0,3,4,1,1.6,0.0918340433941568,2023,2,4,5,1,1,0,0,0,0,0,0,0,1,0,0,1,0,0,0,1
41,67485.23,5000.0,9,3,0,7.67,0.0740902861263123,2023,2,5,6,1,0,1,0,0,1,0,0,0,0,0,0,0,0,1,0,0
49,10300.56,4324.34,9,5,0,1.94,0.4198160100033397,2023,4,15,5,1,0,1,0,0,1,0,0,0,0,0,0,0,0,0,1,0
33,5000.0,465.23,9,11,2,3.88,0.093046,2024,12,31,1,0,0,0,0,1,0,0,1,0,0,0,0,0,0,1,0,1
20,5179.4,2417.4,9,5,0,8.08,0.4667335984863112,2023,2,25,5,1,0,0,1,0,1,0,0,0,0,0,0,0,1,0,0,1
45,17075.42,5000.0,9,2,1,2.71,0.29281856610262,2024,7,28,6,1,0,0,1,0,0,1,0,0,0,1,0,0,0,0,0,0
48,19845.83,5000.0,9,9,2,7.45,0.2519420956442739,2024,7,10,2,0,0,0,1,0,0,0,0,1,0,1,0,0,0,0,0,0
55,17815.59,5000.0,9,16,2,1.35,0.2806530684641934,2023,4,18,1,0,0,1,0,0,0,0,0,0,1,0,0,0,1,0,0,0
48,24406.82,5000.0,6,17,1,6.2,0.2048607725217787,2024,9,1,6,1,0,0,1,0,0,0,1,0,0,0,0,0,1,0,0,0
55,25818.14,5000.0,12,4,0,6.59,0.1936622855093357,2023,3,2,3,0,0,0,1,0,1,0,0,0,0,1,0,0,0,0,0,1
57,45009.3,5000.0,3,1,0,1.62,0.1110881528928465,2024,12,14,5,1,1,0,0,0,0,0,0,1,0,0,0,0,0,1,0,0
55,11698.04,2844.02,3,16,1,2.08,0.2431193601663184,2023,2,11,5,1,0,0,0,1,0,0,0,1,0,0,0,0,0,0,1,1
58,16615.79,5000.0,3,5,0,5.63,0.3009185840697312,2024,9,22,6,1,0,0,0,1,0,1,0,0,0,0,0,0,1,0,0,1
25,6935.86,3388.67,12,7,1,7.28,0.4885724336996422,2023,4,9,6,1,0,0,0,1,1,0,0,0,0,0,0,1,0,0,0,0
35,12972.3,4043.66,6,20,1,8.09,0.3117149618803142,2023,3,18,5,1,0,0,1,0,0,0,1,0,0,0,0,1,0,0,0,0
23,25836.01,100.0,3,0,0,9.13,0.0038705667012824,2023,3,24,4,0,1,0,0,0,0,0,0,1,0,0,0,1,0,0,0,0
55,28976.54,5000.0,12,16,2,7.1,0.1725533828400492,2024,10,12,5,1,0,0,1,0,0,1,0,0,0,0,1,0,0,0,0,1
25,13529.23,4319.12,12,9,1,6.42,0.3192435933161015,2023,6,10,5,1,0,0,1,0,0,0,1,0,0,0,1,0,0,0,0,1
47,76903.69,5000.0,3,5,1,9.23,0.0650163860797836,2023,3,7,1,0,1,0,0,0,0,0,0,0,1,0,0,0,0,1,0,0
42,100751.6,5000.0,9,7,1,6.55,0.0496270034421289,2023,2,9,3,0,0,1,0,0,0,0,0,0,1,0,0,0,1,0,0,0
24,62434.58,5000.0,12,13,1,3.98,0.0800838253416616,2023,1,22,6,1,1,0,0,0,0,1,0,0,0,0,0,0,0,1,0,0
53,16894.52,5000.0,3,5,1,6.06,0.2959539542999742,2023,5,16,1,0,0,0,1,0,1,0,0,0,0,0,0,0,0,1,0,1
29,27771.43,100.0,6,1,0,1.56,0.0036008228600399,2024,7,20,5,1,1,0,0,0,1,0,0,0,0,0,0,1,0,0,0,0
51,90600.17,5000.0,3,6,1,1.09,0.0551875344163261,2023,2,2,3,0,0,1,0,0,0,1,0,0,0,0,0,0,0,0,1,0
58,10806.85,769.57,6,8,2,6.39,0.0712113150455498,2023,4,20,3,0,0,0,1,0,1,0,0,0,0,0,0,0,0,0,1,0
58,9557.94,2385.72,9,4,1,8.37,0.2496060866672106,2023,4,8,5,1,0,0,0,1,0,1,0,0,0,0,0,0,0,1,0,1
43,68816.15,5000.0,12,5,0,4.97,0.0726573631335086,2024,8,20,1,0,1,0,0,0,0,0,0,1,0,0,0,0,0,1,0,0
54,19673.98,5000.0,9,11,1,4.22,0.2541427814809205,2024,9,22,6,1,0,0,1,0,0,0,1,0,0,0,0,0,1,0,0,0
23,5000.0,1278.37,9,13,2,8.27,0.2556739999999999,2024,11,29,4,0,0,0,0,1,0,1,0,0,0,0,0,0,0,1,0,1
43,14937.64,4572.88,3,0,0,3.04,0.3061313567605057,2023,6,13,1,0,0,0,0,1,0,0,0,0,1,0,0,0,0,1,0,1
48,115572.68,5000.0,9,0,0,5.37,0.043262819552164,2024,10,19,5,1,0,1,0,0,0,1,0,0,0,1,0,0,0,0,0,0
57,76467.75,5000.0,6,16,1,2.17,0.0653870422498373,2023,1,7,5,1,1,0,0,0,0,0,0,1,0,0,0,1,0,0,0,0
54,35689.68,5000.0,9,2,0,6.63,0.1400965208990386,2023,2,6,0,0,1,0,0,0,1,0,0,0,0,1,0,0,0,0,0,0
45,9600.6,4843.36,3,3,0,1.91,0.504485136345645,2023,3,29,2,0,0,0,0,1,1,0,0,0,0,0,0,1,0,0,0,0
29,16396.63,5000.0,9,20,2,6.12,0.3049407103776812,2024,11,1,4,0,0,0,0,1,0,0,0,0,1,0,0,0,1,0,0,1
44,5000.0,706.86,3,18,2,5.98,0.141372,2023,2,15,2,0,0,0,0,1,0,0,1,0,0,1,0,0,0,0,0,1
46,14661.46,5000.0,12,2,0,7.31,0.3410301566146891,2023,3,24,4,0,0,0,1,0,1,0,0,0,0,0,0,0,0,0,1,0
22,61464.47,5000.0,6,16,2,6.23,0.0813478095556668,2023,3,28,1,0,0,1,0,0,0,1,0,0,0,1,0,0,0,0,0,0
42,72043.02,5000.0,6,13,1,6.42,0.0694029761661851,2024,9,1,6,1,1,0,0,0,0,0,1,0,0,0,1,0,0,0,0,0
40,15464.57,4107.9,9,11,1,9.53,0.2656329920586217,2023,1,22,6,1,0,0,1,0,1,0,0,0,0,0,0,1,0,0,0,0
34,47434.61,5000.0,9,1,0,2.81,0.1054082662427286,2024,8,21,2,0,1,0,0,0,0,0,1,0,0,0,0,0,1,0,0,0
23,9104.77,2172.38,6,3,1,6.67,0.2385980096147404,2023,3,26,6,1,0,0,1,0,0,0,0,1,0,0,1,0,0,0,0,0
45,88846.98,5000.0,12,12,2,8.71,0.0562765329783859,2024,11,14,3,0,0,1,0,0,0,0,0,0,1,0,0,0,1,0,0,0
52,118640.28,5000.0,12,15,1,3.01,0.042144202626629,2024,11,1,4,0,0,1,0,0,0,0,0,0,1,0,1,0,0,0,0,0
32,10363.87,2921.59,3,7,1,7.49,0.281901451870778,2023,6,9,4,0,0,0,0,1,1,0,0,0,0,0,0,0,0,0,1,0
22,11089.01,4679.03,12,2,1,7.68,0.4219520047326136,2024,10,21,0,0,0,0,1,0,0,0,1,0,0,0,0,0,1,0,0,1
56,67658.01,5000.0,6,8,1,6.42,0.0739010798573591,2024,7,14,6,1,1,0,0,0,0,0,1,0,0,0,0,0,0,0,1,0
57,12241.8,2871.18,9,21,1,5.06,0.2345390383767093,2024,10,12,5,1,0,0,0,1,0,0,0,1,0,0,0,0,0,0,1,0
31,44188.22,3946.62,3,10,2,3.29,0.0893138488040477,2024,9,25,2,0,1,0,0,0,0,1,0,0,0,0,0,0,0,0,1,0
43,43357.85,5000.0,9,0,0,4.93,0.1153193712326603,2024,12,10,1,0,1,0,0,0,0,0,1,0,0,0,0,0,0,1,0,1
56,46887.06,100.0,12,13,2,5.9,0.0021327846105087,2023,2,12,6,1,1,0,0,0,0,0,0,0,1,0,0,0,1,0,0,1
21,31622.42,5000.0,12,1,0,6.35,0.1581156660369446,2023,6,15,3,0,0,1,0,0,0,1,0,0,0,0,0,1,0,0,0,0
59,87513.47,5000.0,9,0,0,2.64,0.0571340617621493,2024,12,8,6,1,1,0,0,0,0,0,0,1,0,0,0,1,0,0,0,0
36,9530.73,3556.59,9,10,1,6.5,0.3731707854487537,2024,8,31,5,1,0,0,0,1,0,1,0,0,0,0,1,0,0,0,0,0
56,54340.29,5000.0,3,8,1,4.4,0.0920127588571941,2024,9,28,5,1,1,0,0,0,0,0,1,0,0,1,0,0,0,0,0,0
24,5309.04,750.18,3,19,1,1.59,0.1413023823516115,2023,6,30,4,0,0,0,0,1,0,0,0,0,1,0,1,0,0,0,0,1
41,51464.79,5000.0,6,5,2,9.0,0.0971538016574049,2023,5,26,4,0,1,0,0,0,1,0,0,0,0,0,1,0,0,0,0,0
37,20413.41,5000.0,12,16,2,7.4,0.2449370291391786,2024,7,11,3,0,0,1,0,0,0,0,0,0,1,0,0,0,0,0,1,0
26,50382.09,2794.92,6,10,1,4.55,0.0554744751557547,2023,3,5,6,1,0,1,0,0,0,0,1,0,0,0,0,0,0,0,1,0
21,12913.14,4044.62,6,21,1,5.87,0.31321738941884,2024,12,21,5,1,0,0,1,0,0,0,1,0,0,0,0,0,0,1,0,0
56,26303.52,5000.0,9,9,1,1.08,0.1900886269214158,2023,1,26,3,0,0,1,0,0,0,0,0,1,0,1,0,0,0,0,0,0
57,67076.3,5000.0,6,4,1,5.4,0.0745419768234085,2024,8,28,2,0,0,1,0,0,0,1,0,0,0,0,0,0,0,1,0,0
32,5605.06,4052.59,9,8,1,3.52,0.7230234823534449,2024,9,23,0,0,0,0,0,1,0,0,1,0,0,1,0,0,0,0,0,0
36,5000.0,688.59,3,16,2,9.67,0.137718,2023,5,29,0,0,0,0,0,1,1,0,0,0,0,0,0,0,1,0,0,1
28,84451.78,5000.0,3,12,1,5.47,0.0592053832376298,2024,7,11,3,0,0,1,0,0,0,0,0,1,0,0,0,0,0,1,0,0
38,17485.6,5000.0,6,1,0,9.41,0.2859495813698129,2024,7,10,2,0,0,0,1,0,0,0,0,0,1,1,0,0,0,0,0,0
43,61371.85,5000.0,6,9,1,6.09,0.0814705764939463,2024,9,1,6,1,0,1,0,0,0,0,1,0,0,1,0,0,0,0,0,0
54,78798.09,5000.0,12,19,1,2.45,0.0634533146679063,2024,9,27,4,0,0,1,0,0,0,1,0,0,0,0,0,0,0,0,1,0
44,5000.0,1216.8,12,9,1,9.55,0.24336,2023,2,14,1,0,0,1,0,0,0,1,0,0,0,0,1,0,0,0,0,0
20,37824.02,5000.0,9,14,1,2.65,0.13219113145562,2024,11,27,2,0,0,1,0,0,0,0,1,0,0,1,0,0,0,0,0,1
35,16608.63,5000.0,6,3,0,2.46,0.3010483104265674,2024,12,14,5,1,0,0,0,1,0,0,0,0,1,0,0,1,0,0,0,0
42,109690.05,5000.0,3,13,1,6.83,0.0455829858770234,2024,9,23,0,0,1,0,0,0,0,1,0,0,0,0,0,0,1,0,0,0
44,14069.71,5000.0,12,0,0,6.39,0.3553733516895515,2024,12,27,4,0,0,0,0,1,0,1,0,0,0,0,0,0,1,0,0,1
38,45965.85,5000.0,6,20,2,3.18,0.1087764068324636,2023,2,6,0,0,0,1,0,0,0,0,1,0,0,1,0,0,0,0,0,1
28,60743.24,5000.0,3,7,1,4.06,0.0823136862636896,2023,2,7,1,0,0,1,0,0,0,1,0,0,0,0,0,0,0,1,0,0
51,56100.38,5000.0,3,9,2,3.23,0.0891259560095671,2024,9,7,5,1,1,0,0,0,0,0,0,0,1,0,0,0,1,0,0,0
48,24407.04,5000.0,6,8,2,8.74,0.2048589259492343,2023,6,13,1,0,0,1,0,0,0,0,1,0,0,0,0,0,1,0,0,0
31,9056.12,3281.33,6,10,1,7.57,0.3623328754477634,2023,1,21,5,1,0,0,0,1,0,0,0,0,1,0,0,0,1,0,0,0
33,13995.21,4196.88,3,13,3,4.44,0.2998797445697492,2023,4,19,2,0,0,0,1,0,0,0,0,1,0,0,0,0,0,1,0,0
44,5000.0,1155.85,12,11,4,1.72,0.23117,2023,1,3,1,0,0,0,1,0,1,0,0,0,0,1,0,0,0,0,0,1
20,6282.76,2262.1,6,8,1,7.37,0.360048768375682,2023,5,13,5,1,0,0,0,1,0,0,1,0,0,0,0,0,1,0,0,1
53,37156.31,5000.0,9,21,2,6.27,0.1345666456114722,2023,4,21,4,0,0,1,0,0,0,0,1,0,0,1,0,0,0,0,0,1
51,14163.78,5000.0,6,0,0,4.3,0.3530131080827293,2023,3,9,3,0,0,0,1,0,0,0,0,1,0,0,1,0,0,0,0,0
23,5000.0,100.0,9,19,3,7.83,0.02,2023,3,21,1,0,0,0,0,1,0,0,0,1,0,0,1,0,0,0,0,1
28,15427.23,4582.68,6,15,2,4.65,0.2970513825229805,2023,5,6,5,1,0,0,1,0,0,0,1,0,0,0,0,1,0,0,0,0
46,24863.86,5000.0,9,9,1,6.84,0.2010950833860872,2024,8,6,1,0,0,0,1,0,1,0,0,0,0,0,0,0,0,1,0,0
28,57160.37,100.0,6,18,3,6.76,0.0017494638330717,2024,8,26,0,0,1,0,0,0,1,0,0,0,0,1,0,0,0,0,0,1
54,51675.09,5000.0,9,17,2,2.03,0.0967584188048825,2023,5,13,5,1,0,1,0,0,0,0,0,1,0,0,0,0,0,0,1,0
42,34207.57,5000.0,9,0,1,8.37,0.14616647718619,2023,5,30,1,0,1,0,0,0,0,0,1,0,0,0,0,0,1,0,0,0
27,9974.99,1420.54,12,18,1,9.08,0.1424101678297422,2023,6,8,3,0,0,0,0,1,0,0,1,0,0,0,1,0,0,0,0,1
32,32758.55,5000.0,6,4,0,4.89,0.15263190831096,2024,11,10,6,1,1,0,0,0,0,0,0,1,0,0,1,0,0,0,0,0
19,18665.62,881.79,9,3,0,3.46,0.0472413988927236,2023,5,19,4,0,0,0,1,0,0,0,0,1,0,0,0,0,0,0,1,0
26,49789.71,5000.0,9,12,1,4.54,0.1004223563463213,2024,10,28,0,0,1,0,0,0,1,0,0,0,0,0,0,0,1,0,0,0
38,5980.29,4326.5,3,14,1,2.89,0.723459899101883,2023,1,6,4,0,0,0,0,1,0,0,1,0,0,0,0,1,0,0,0,0
57,20322.38,5000.0,12,11,1,3.37,0.2460341751310624,2024,9,17,1,0,0,0,1,0,0,1,0,0,0,0,0,0,0,0,1,0
31,81888.67,5000.0,12,14,2,5.23,0.0610585078497428,2024,8,26,0,0,0,1,0,0,0,0,0,1,0,0,0,0,0,1,0,0
20,5000.0,3571.89,12,4,1,8.68,0.714378,2024,7,17,2,0,0,0,0,1,0,0,0,1,0,1,0,0,0,0,0,0
30,44236.81,5000.0,9,14,1,4.59,0.1130280415789475,2023,5,31,2,0,0,1,0,0,0,0,1,0,0,0,0,0,1,0,0,0
34,10949.43,1182.38,3,0,0,7.56,0.1079855298403661,2024,7,29,0,0,0,0,1,0,0,0,0,1,0,1,0,0,0,0,0,0
43,76607.32,5000.0,9,3,1,4.7,0.065267914345522,2024,12,4,2,0,1,0,0,0,0,0,1,0,0,0,0,0,0,0,1,0
46,57183.06,5000.0,6,13,1,3.05,0.0874384826555277,2023,2,22,2,0,1,0,0,0,0,0,0,0,1,0,0,0,0,0,1,0
58,19756.92,5000.0,9,18,1,4.53,0.2530758842977549,2023,4,10,0,0,0,0,0,1,0,1,0,0,0,0,0,0,0,1,0,1
18,9740.16,1560.18,6,11,3,8.94,0.1601801202444313,2023,1,30,0,0,0,0,1,0,1,0,0,0,0,0,0,0,1,0,0,1
25,39019.78,5000.0,3,25,1,5.12,0.1281401381555713,2023,3,30,3,0,1,0,0,0,1,0,0,0,0,0,0,0,0,1,0,0
46,30341.75,290.19,3,0,0,2.38,0.0095640495357057,2023,3,25,5,1,0,0,1,0,0,1,0,0,0,0,0,0,1,0,0,0
22,11165.9,4217.55,3,0,0,2.46,0.3777169775835356,2024,7,24,2,0,0,0,1,0,0,1,0,0,0,0,0,0,1,0,0,0
46,80261.12,5000.0,6,2,0,4.88,0.0622966636897167,2023,3,14,1,0,1,0,0,0,0,0,0,1,0,0,1,0,0,0,0,0
59,82229.48,5000.0,12,21,1,1.49,0.0608054434978793,2024,10,13,6,1,0,1,0,0,0,0,0,1,0,0,0,0,0,1,0,0
56,30585.98,5000.0,12,8,1,8.38,0.1634735914951883,2023,2,5,6,1,0,0,1,0,0,0,1,0,0,0,0,0,1,0,0,0
45,35484.02,1989.18,12,8,1,8.2,0.0560584736453197,2024,11,10,6,1,1,0,0,0,0,0,1,0,0,0,0,0,0,1,0,1
23,28935.75,4851.54,6,11,1,3.01,0.1676659495606645,2024,10,17,3,0,1,0,0,0,0,0,1,0,0,0,0,0,1,0,0,1
19,19254.4,5000.0,6,17,3,3.62,0.2596809041050357,2023,1,25,2,0,0,1,0,0,0,0,1,0,0,0,0,0,0,0,1,1
34,65828.92,5000.0,3,2,0,2.55,0.0759544589217019,2024,7,23,1,0,0,1,0,0,0,0,0,1,0,1,0,0,0,0,0,0
47,7089.86,3589.03,9,0,0,2.49,0.5062201510326015,2023,3,8,2,0,0,0,0,1,0,1,0,0,0,0,0,0,0,1,0,0
35,7669.25,4591.43,9,0,0,3.19,0.5986804446327868,2023,6,20,1,0,0,0,0,1,0,0,0,1,0,0,0,0,1,0,0,1
48,37294.92,5000.0,6,2,0,5.56,0.134066516297662,2024,7,26,4,0,0,1,0,0,0,0,0,1,0,0,0,0,0,0,1,0
32,51910.89,5000.0,3,13,1,7.1,0.0963189034131374,2023,5,27,5,1,1,0,0,0,0,0,0,0,1,0,0,0,0,1,0,0
29,48186.13,5000.0,12,15,2,8.73,0.1037642989798101,2024,11,15,4,0,1,0,0,0,0,0,0,1,0,0,0,1,0,0,0,0
52,17871.94,3159.33,6,1,0,4.65,0.1767759963383941,2023,6,23,4,0,0,0,1,0,0,0,0,1,0,1,0,0,0,0,0,1
23,5012.56,1444.45,6,1,0,5.01,0.2881661266897553,2023,1,8,6,1,0,0,1,0,0,1,0,0,0,0,0,1,0,0,0,0
35,91973.57,100.0,9,16,4,7.83,0.0010872688751779,2023,5,16,1,0,0,1,0,0,1,0,0,0,0,1,0,0,0,0,0,1
55,9342.56,2484.65,6,9,1,3.52,0.2659495898340498,2023,5,14,6,1,0,0,0,1,0,0,1,0,0,1,0,0,0,0,0,1
20,33501.11,5000.0,3,10,1,5.24,0.1492487860849983,2024,9,19,3,0,1,0,0,0,1,0,0,0,0,1,0,0,0,0,0,1
47,19589.79,4610.76,9,14,2,5.17,0.2353654633357478,2023,2,27,0,0,0,0,1,0,0,0,0,0,1,1,0,0,0,0,0,0
48,11421.17,4682.2,12,14,2,9.74,0.4099579990491341,2024,12,24,1,0,0,0,0,1,0,0,0,0,1,0,0,0,0,1,0,0
53,71387.48,5000.0,3,8,1,2.63,0.0700402927796302,2023,1,29,6,1,0,1,0,0,0,1,0,0,0,0,0,0,0,1,0,0
39,52978.61,5000.0,9,14,1,5.75,0.0943777120615282,2023,3,17,4,0,1,0,0,0,1,0,0,0,0,0,0,0,1,0,0,0
40,51062.74,5000.0,9,18,1,9.34,0.0979187564161265,2024,8,23,4,0,0,1,0,0,0,0,0,1,0,0,0,0,0,1,0,1
46,14643.5,4246.97,12,19,2,9.38,0.2900242428381193,2023,3,20,0,0,0,0,0,1,1,0,0,0,0,0,0,1,0,0,0,0
56,94519.38,5000.0,12,2,0,5.19,0.0528992043748065,2023,4,13,3,0,1,0,0,0,0,0,0,1,0,0,0,0,1,0,0,0
46,85538.19,5000.0,3,2,1,8.57,0.0584534229681502,2024,12,29,6,1,0,1,0,0,1,0,0,0,0,0,1,0,0,0,0,0
28,14398.2,3463.81,12,4,0,1.29,0.2405724326651942,2023,5,27,5,1,0,0,0,1,0,0,0,0,1,1,0,0,0,0,0,0
31,71126.93,5000.0,12,16,1,7.47,0.0702968622433162,2024,9,8,6,1,0,1,0,0,0,0,0,0,1,0,0,0,0,1,0,0
46,58483.59,5000.0,9,0,0,1.88,0.0854940676521397,2023,1,17,1,0,0,1,0,0,1,0,0,0,0,1,0,0,0,0,0,0
29,39998.0,5000.0,6,17,1,6.02,0.1250062503125156,2023,5,3,2,0,1,0,0,0,0,0,1,0,0,0,0,0,0,0,1,1
30,16085.22,5000.0,9,18,3,6.31,0.3108443651998543,2023,2,12,6,1,0,0,1,0,0,0,1,0,0,0,1,0,0,0,0,1
47,5411.7,2550.22,3,10,1,1.02,0.4712419387623112,2023,2,27,0,0,0,0,1,0,1,0,0,0,0,0,1,0,0,0,0,0
55,77989.8,5000.0,3,28,2,9.31,0.0641109478418972,2023,6,1,3,0,1,0,0,0,0,0,0,1,0,0,0,0,1,0,0,1
45,11917.45,3300.07,9,2,0,6.28,0.2769107485242228,2024,7,23,1,0,0,0,1,0,1,0,0,0,0,0,0,1,0,0,0,0
31,43357.18,4128.74,9,4,0,3.52,0.0952262116678252,2023,4,28,4,0,1,0,0,0,0,0,0,1,0,0,0,0,0,1,0,0
58,30518.75,1759.66,9,0,0,5.08,0.0576583248003276,2023,3,17,4,0,1,0,0,0,0,1,0,0,0,0,1,0,0,0,0,0
57,22043.89,5000.0,6,13,3,1.93,0.226820220931968,2024,9,22,6,1,0,0,1,0,0,0,0,1,0,0,0,0,1,0,0,1
55,65336.38,5000.0,12,0,0,5.45,0.0765270435858246,2023,3,9,3,0,1,0,0,0,0,1,0,0,0,1,0,0,0,0,0,0
28,7110.15,3619.6,6,21,1,6.11,0.5090750546753585,2024,8,4,6,1,0,0,0,1,1,0,0,0,0,0,0,1,0,0,0,1
27,73628.63,5000.0,3,8,1,2.28,0.0679083666231464,2024,11,20,2,0,0,1,0,0,0,0,0,1,0,0,0,0,1,0,0,0
55,112981.17,5000.0,6,2,0,1.73,0.0442551621655183,2023,3,15,2,0,0,1,0,0,0,0,0,1,0,0,0,0,0,0,1,0
40,64881.47,5000.0,12,3,0,5.36,0.0770636053714566,2023,6,5,0,0,0,1,0,0,0,1,0,0,0,0,1,0,0,0,0,0
55,11985.44,4380.99,12,0,0,4.66,0.3655260048859282,2023,2,17,4,0,0,0,1,0,0,1,0,0,0,0,0,1,0,0,0,0
31,5000.0,1546.09,3,13,1,1.53,0.309218,2024,11,13,2,0,0,0,1,0,1,0,0,0,0,0,1,0,0,0,0,0
42,9578.77,1280.47,12,2,0,9.78,0.1336779148053455,2023,3,15,2,0,0,0,0,1,0,0,0,1,0,1,0,0,0,0,0,1
33,15127.97,558.03,9,6,1,5.35,0.0368873021297636,2023,4,13,3,0,0,0,0,1,0,1,0,0,0,0,0,0,0,1,0,0
35,12154.92,5000.0,9,2,0,1.69,0.4113560599329325,2024,12,21,5,1,0,0,0,1,1,0,0,0,0,0,0,1,0,0,0,0
51,14645.6,5000.0,9,14,2,3.01,0.3413994646856393,2023,2,3,4,0,0,0,0,1,0,1,0,0,0,0,0,0,0,1,0,0
43,15205.69,4949.5,9,0,0,8.05,0.3255031504653849,2023,3,9,3,0,0,0,0,1,0,0,0,0,1,0,0,0,0,0,1,1
27,70792.1,5000.0,6,10,1,1.51,0.070629349885086,2024,7,3,2,0,1,0,0,0,0,0,0,1,0,1,0,0,0,0,0,0
50,32471.98,5000.0,12,1,0,8.89,0.1539789073533551,2024,12,19,3,0,1,0,0,0,0,0,0,1,0,0,1,0,0,0,0,1
45,61100.41,5000.0,3,5,1,6.29,0.0818325114348659,2023,4,12,2,0,1,0,0,0,0,1,0,0,0,0,0,1,0,0,0,0
31,5284.73,2229.89,9,18,1,3.01,0.4219496549492594,2024,10,25,4,0,0,0,1,0,0,0,0,0,1,0,0,0,0,0,1,1
27,64868.23,5000.0,9,6,3,5.41,0.0770793345216911,2023,3,9,3,0,0,1,0,0,0,1,0,0,0,1,0,0,0,0,0,1
49,43955.91,5000.0,3,0,0,1.79,0.1137503466541814,2024,11,24,6,1,0,1,0,0,0,0,0,0,1,0,1,0,0,0,0,0
19,25766.45,4596.16,3,12,1,9.44,0.1783776965783023,2023,4,13,3,0,1,0,0,0,0,0,1,0,0,0,0,1,0,0,0,1
39,17860.95,5000.0,6,1,0,3.49,0.2799403167244743,2023,5,2,1,0,0,0,1,0,0,0,0,1,0,0,1,0,0,0,0,1
42,59350.25,5000.0,12,4,2,5.07,0.0842456434471632,2024,9,24,1,0,0,1,0,0,0,0,0,1,0,1,0,0,0,0,0,0
28,11098.76,5000.0,9,17,3,1.41,0.4505007766633389,2024,7,20,5,1,0,0,1,0,0,0,0,0,1,1,0,0,0,0,0,1
23,5765.55,1497.83,6,11,1,7.16,0.2597896124394029,2024,9,17,1,0,0,0,1,0,1,0,0,0,0,1,0,0,0,0,0,0
54,12047.75,4070.57,12,15,2,4.59,0.3378697267124567,2023,4,5,2,0,0,0,1,0,1,0,0,0,0,1,0,0,0,0,0,1
55,9133.2,100.0,9,2,0,7.13,0.0109490649498532,2023,4,1,5,1,0,0,0,1,0,0,0,0,1,1,0,0,0,0,0,0
49,7645.99,2069.11,12,2,0,8.74,0.2706137465521143,2023,3,14,1,0,0,0,1,0,0,0,0,1,0,0,0,0,1,0,0,0
42,5000.0,1983.52,9,17,2,7.42,0.396704,2023,4,8,5,1,0,0,0,1,0,1,0,0,0,0,0,0,0,0,1,0
51,7589.68,3597.07,3,3,0,7.66,0.4739422478945094,2023,3,21,1,0,0,0,1,0,0,0,0,1,0,1,0,0,0,0,0,1
28,15662.26,5000.0,12,18,3,4.21,0.3192387305535727,2023,3,4,5,1,0,0,1,0,0,0,1,0,0,1,0,0,0,0,0,1
44,55650.84,5000.0,9,4,0,9.91,0.0898459034939993,2024,7,3,2,0,1,0,0,0,0,0,0,1,0,0,0,0,0,0,1,0
40,11197.18,4478.0,6,17,1,1.82,0.3999221232488894,2023,1,17,1,0,0,0,1,0,1,0,0,0,0,0,1,0,0,0,0,1
53,17771.4,4621.8,12,3,0,3.75,0.2600695499510449,2023,4,3,0,0,0,0,1,0,1,0,0,0,0,0,1,0,0,0,0,0
41,82383.55,5000.0,3,0,0,9.01,0.0606917278995624,2024,12,26,3,0,0,1,0,0,1,0,0,0,0,0,0,0,1,0,0,0
49,5000.0,1570.83,6,15,2,8.75,0.314166,2023,4,7,4,0,0,0,0,1,0,1,0,0,0,0,0,1,0,0,0,1
52,26528.65,5000.0,3,6,2,5.27,0.188475478397883,2024,10,12,5,1,0,1,0,0,1,0,0,0,0,0,0,1,0,0,0,1
36,39530.99,5000.0,3,1,0,8.58,0.126483045327223,2024,9,28,5,1,1,0,0,0,0,1,0,0,0,0,0,1,0,0,0,0
20,33739.43,5000.0,12,0,0,9.54,0.1481945604890183,2024,11,9,5,1,1,0,0,0,0,0,0,1,0,0,0,1,0,0,0,1
49,62099.58,5000.0,9,1,0,8.68,0.0805158424581937,2024,10,27,6,1,0,1,0,0,1,0,0,0,0,0,0,0,1,0,0,0
31,11011.1,3854.25,3,11,1,3.53,0.3500331483684645,2024,7,4,3,0,0,0,0,1,0,0,0,0,1,0,0,0,1,0,0,0
26,31403.19,5000.0,9,0,1,2.67,0.1592194933062533,2023,3,22,2,0,1,0,0,0,0,0,0,1,0,0,0,0,1,0,0,0
45,50532.54,5000.0,12,19,2,1.47,0.0989461444051694,2024,10,3,3,0,1,0,0,0,0,0,0,1,0,0,0,0,1,0,0,1
55,38716.16,5000.0,12,19,3,5.17,0.129145039177439,2024,12,9,0,0,1,0,0,0,0,0,0,0,1,0,0,0,1,0,0,0
45,18076.22,5000.0,12,12,3,7.31,0.2766065029082407,2023,3,9,3,0,0,0,1,0,0,0,0,0,1,0,1,0,0,0,0,1
32,48956.9,5000.0,3,1,0,2.31,0.1021306496122099,2023,3,1,2,0,1,0,0,0,0,0,0,0,1,0,0,0,0,1,0,0
35,40889.68,5000.0,3,18,3,1.13,0.1222802428387798,2024,7,23,1,0,1,0,0,0,0,0,0,1,0,0,1,0,0,0,0,1
49,45589.75,4944.26,12,0,0,5.73,0.1084511321075461,2024,7,12,4,0,0,1,0,0,0,0,0,0,1,1,0,0,0,0,0,0
34,23336.46,5000.0,12,15,1,6.57,0.2142570038471987,2023,6,20,1,0,0,0,1,0,0,0,0,0,1,0,0,0,0,1,0,1
33,12866.7,3062.71,12,0,0,3.47,0.2380338392905717,2023,1,2,0,0,0,0,1,0,0,1,0,0,0,0,1,0,0,0,0,1
51,9195.47,1946.39,12,2,0,3.48,0.211668354091743,2023,5,8,0,0,0,0,1,0,0,0,1,0,0,0,0,1,0,0,0,0
32,17330.24,5000.0,9,0,0,8.28,0.2885130269401924,2024,11,16,5,1,0,0,1,0,0,0,1,0,0,0,0,0,0,0,1,0
36,14777.64,5000.0,12,5,0,5.09,0.3383490191938632,2023,3,4,5,1,0,0,1,0,0,0,0,1,0,0,0,0,0,1,0,0
50,10204.28,5000.0,9,15,3,6.16,0.489990474585174,2023,1,25,2,0,0,0,1,0,0,0,1,0,0,0,0,0,0,1,0,1
33,11439.96,5000.0,9,2,0,7.77,0.4370644652603681,2024,10,23,2,0,0,0,1,0,0,0,1,0,0,0,0,0,0,0,1,0
31,36256.13,5000.0,9,14,2,8.61,0.137907713812809,2023,1,11,2,0,1,0,0,0,0,0,0,1,0,0,0,0,1,0,0,0
48,63049.0,5000.0,12,0,0,3.55,0.0793033989436787,2024,9,13,4,0,1,0,0,0,1,0,0,0,0,1,0,0,0,0,0,0
20,50235.75,5000.0,12,10,1,5.39,0.0995307126896682,2023,6,24,5,1,0,0,0,1,0,0,1,0,0,0,0,0,1,0,0,1
45,46701.06,5000.0,3,7,3,6.16,0.107063951010962,2023,2,28,1,0,1,0,0,0,1,0,0,0,0,1,0,0,0,0,0,0
40,51287.73,5000.0,12,8,2,7.48,0.097489204532936,2023,4,24,0,0,1,0,0,0,0,0,0,1,0,0,0,1,0,0,0,0
54,62364.82,5000.0,6,23,1,9.43,0.0801734054551909,2024,9,4,2,0,1,0,0,0,0,0,0,0,1,1,0,0,0,0,0,0
47,35878.28,5000.0,3,19,4,7.67,0.1393600808065492,2024,11,23,5,1,0,1,0,0,0,0,1,0,0,0,1,0,0,0,0,1
52,65732.66,5000.0,9,2,0,9.36,0.0760656878939632,2024,12,24,1,0,1,0,0,0,0,0,0,1,0,0,0,1,0,0,0,0
57,22536.34,5000.0,6,2,0,4.36,0.2218638873925402,2023,4,12,2,0,0,0,1,0,0,0,0,0,1,0,0,0,1,0,0,0
39,8018.44,1528.15,6,0,0,8.23,0.1905794643347085,2024,12,4,2,0,0,0,0,1,0,1,0,0,0,0,1,0,0,0,0,1
34,10815.75,5000.0,3,12,2,8.2,0.4622887918082426,2024,12,21,5,1,0,0,0,1,0,0,1,0,0,0,0,0,0,1,0,0
48,12098.87,3503.36,9,16,2,2.12,0.2895609259377115,2023,6,9,4,0,0,0,0,1,0,1,0,0,0,0,0,0,0,1,0,0
22,38717.75,5000.0,6,0,0,3.74,0.1291397356509611,2023,6,13,1,0,1,0,0,0,0,1,0,0,0,0,0,0,0,0,1,0
40,19497.97,5000.0,9,7,2,9.57,0.2564369521545063,2024,10,20,6,1,0,0,0,1,0,0,0,1,0,1,0,0,0,0,0,0
54,57831.32,5000.0,12,1,0,7.03,0.0864583412586812,2024,11,17,6,1,0,1,0,0,0,0,1,0,0,1,0,0,0,0,0,0
36,8712.05,2983.32,3,6,2,6.36,0.3424360512164187,2024,9,24,1,0,0,0,1,0,0,1,0,0,0,0,0,0,0,1,0,0
59,12192.43,5000.0,6,10,2,6.55,0.4100905233821313,2024,11,13,2,0,0,0,1,0,0,1,0,0,0,0,1,0,0,0,0,0
50,43583.27,5000.0,6,11,1,7.91,0.1147229200562509,2023,1,23,0,0,0,1,0,0,0,0,1,0,0,0,1,0,0,0,0,1
19,15354.86,5000.0,12,0,0,1.15,0.3256298005973353,2023,1,10,1,0,0,0,1,0,0,0,0,0,1,0,1,0,0,0,0,1
42,14096.76,743.12,12,15,2,1.9,0.0527156594848745,2023,4,10,0,0,0,0,0,1,1,0,0,0,0,0,0,0,0,1,0,1
36,12431.81,3287.78,9,2,0,8.04,0.2644651100684454,2023,4,6,3,0,0,0,0,1,1,0,0,0,0,0,0,1,0,0,0,1
58,74753.05,5000.0,12,2,0,8.48,0.0668869029424217,2024,10,10,3,0,0,1,0,0,0,0,0,1,0,0,0,1,0,0,0,0
57,18004.22,3178.37,9,1,0,3.28,0.1765347235259289,2023,5,4,3,0,0,0,1,0,1,0,0,0,0,0,0,0,0,0,1,0
49,109173.9,5000.0,12,9,2,5.29,0.0457984921304451,2023,3,15,2,0,0,1,0,0,0,0,0,0,1,1,0,0,0,0,0,0
52,44742.16,2450.65,6,18,1,8.71,0.0547727244281456,2023,1,20,4,0,0,1,0,0,0,0,0,0,1,0,1,0,0,0,0,1
23,52105.63,5000.0,3,13,2,9.35,0.0959589203700252,2024,8,15,3,0,0,1,0,0,0,0,1,0,0,0,0,0,0,1,0,0
39,59116.89,5000.0,3,2,0,8.2,0.0845781975337335,2023,3,18,5,1,0,1,0,0,0,1,0,0,0,0,0,0,1,0,0,0
41,64245.78,5000.0,12,0,0,7.31,0.0778261233656125,2023,1,3,1,0,0,1,0,0,0,0,0,1,0,0,1,0,0,0,0,0
39,50973.58,5000.0,6,7,1,4.62,0.0980900301685696,2023,1,11,2,0,1,0,0,0,0,0,1,0,0,0,0,0,1,0,0,1
27,10535.5,5000.0,3,15,2,3.91,0.4745859237815006,2024,11,17,6,1,0,0,1,0,0,0,0,0,1,0,0,0,1,0,0,0
51,8383.09,1539.77,6,7,1,1.73,0.1836757090762475,2024,9,14,5,1,0,0,1,0,0,0,0,1,0,0,0,0,0,1,0,0
47,18094.42,5000.0,9,12,1,7.47,0.2763282824207684,2023,6,29,3,0,0,0,0,1,0,0,1,0,0,0,1,0,0,0,0,0
56,17100.51,5000.0,6,14,1,6.22,0.2923889404468054,2024,9,6,4,0,0,0,1,0,1,0,0,0,0,0,0,0,1,0,0,1
31,17225.3,5000.0,3,20,1,7.75,0.2902707064608454,2023,6,12,0,0,0,0,1,0,0,0,0,1,0,0,0,1,0,0,0,1
35,84466.44,5000.0,12,9,2,6.74,0.0591951075480391,2023,3,20,0,0,0,1,0,0,0,1,0,0,0,0,0,0,1,0,0,0
33,9515.36,2840.03,9,4,0,4.14,0.2984679507659195,2023,6,8,3,0,0,0,0,1,0,0,1,0,0,0,1,0,0,0,0,0
48,74067.42,5000.0,6,1,0,4.71,0.0675060640697353,2024,7,21,6,1,1,0,0,0,0,0,0,1,0,0,0,0,0,1,0,0
41,16131.14,2744.13,3,2,0,7.87,0.1701138295247577,2024,7,8,0,0,0,0,0,1,0,1,0,0,0,0,0,1,0,0,0,0
42,13568.55,2677.34,9,10,1,7.7,0.1973195367227891,2023,5,20,5,1,0,0,0,1,0,0,0,0,1,0,0,0,0,1,0,0
58,73343.76,5000.0,6,9,1,7.94,0.0681721253450873,2023,6,17,5,1,1,0,0,0,1,0,0,0,0,0,0,0,0,1,0,0
28,13312.78,5000.0,9,18,1,8.87,0.3755789549590694,2024,10,2,2,0,0,0,0,1,0,1,0,0,0,0,1,0,0,0,0,1
40,15377.4,3375.8,9,7,1,5.28,0.2195299595510294,2024,10,24,3,0,0,0,1,0,0,0,1,0,0,0,0,0,0,1,0,0
38,5000.0,2953.09,3,15,3,6.15,0.590618,2023,1,26,3,0,0,0,0,1,0,0,0,1,0,0,1,0,0,0,0,1
33,40065.9,4130.72,6,18,1,6.28,0.1030981458047866,2024,7,6,5,1,1,0,0,0,1,0,0,0,0,0,1,0,0,0,0,1
31,47293.03,5000.0,3,0,0,4.74,0.1057238244197929,2023,2,26,6,1,1,0,0,0,1,0,0,0,0,0,1,0,0,0,0,0
24,5890.64,567.42,6,17,1,8.1,0.0963256963589694,2024,11,29,4,0,0,0,0,1,0,0,0,0,1,0,0,0,1,0,0,1
59,79914.56,5000.0,3,11,1,5.6,0.062566821365218,2023,6,23,4,0,0,1,0,0,0,0,1,0,0,0,0,0,0,0,1,0
52,65825.83,5000.0,6,5,0,9.85,0.075958024380399,2024,7,21,6,1,1,0,0,0,0,0,0,1,0,0,0,0,1,0,0,0
55,12878.75,5000.0,6,0,0,5.82,0.3882364359895176,2023,3,15,2,0,0,0,1,0,0,0,0,1,0,1,0,0,0,0,0,0
56,10702.22,2079.55,12,0,0,7.54,0.1943101524730383,2024,12,19,3,0,0,0,0,1,0,0,0,1,0,0,0,1,0,0,0,0
21,45187.93,5000.0,12,17,2,2.15,0.1106490162306615,2024,12,16,0,0,0,1,0,0,0,1,0,0,0,0,1,0,0,0,0,1
53,27691.74,2649.56,6,16,1,5.33,0.0956805170061541,2023,6,4,6,1,0,0,1,0,1,0,0,0,0,0,1,0,0,0,0,0
37,55690.24,5000.0,3,19,2,2.33,0.0897823388802059,2024,8,30,4,0,1,0,0,0,0,0,0,0,1,0,0,0,1,0,0,1
24,40548.22,5000.0,3,14,1,7.62,0.1233099751357766,2024,11,10,6,1,1,0,0,0,1,0,0,0,0,0,0,0,0,0,1,1
26,56297.91,5000.0,12,3,0,5.32,0.0888132436887976,2023,5,11,3,0,0,1,0,0,0,0,1,0,0,0,0,0,0,1,0,0
48,16856.72,2768.23,12,16,1,7.37,0.1642211533441855,2024,9,4,2,0,0,0,0,1,0,0,1,0,0,1,0,0,0,0,0,1
38,34446.18,5000.0,9,0,0,5.17,0.1451539764351228,2023,1,27,4,0,0,1,0,0,1,0,0,0,0,1,0,0,0,0,0,0
46,29002.17,5000.0,6,13,2,6.82,0.172400892760783,2023,2,7,1,0,1,0,0,0,1,0,0,0,0,0,0,0,0,1,0,1
57,33057.14,5000.0,3,4,1,7.92,0.1512532542137644,2024,12,16,0,0,1,0,0,0,1,0,0,0,0,0,0,0,0,1,0,0
48,54913.58,5000.0,9,4,2,9.98,0.0910521586827884,2023,5,2,1,0,0,1,0,0,0,1,0,0,0,0,1,0,0,0,0,1
55,23847.46,5000.0,9,12,1,7.78,0.2096659350723305,2023,4,30,6,1,0,0,1,0,0,0,0,0,1,0,0,1,0,0,0,0
29,56719.29,5000.0,12,8,2,9.58,0.0881534306935083,2023,4,12,2,0,0,1,0,0,0,1,0,0,0,0,0,1,0,0,0,0
24,5409.17,1176.41,12,5,0,9.12,0.2174843830014586,2023,4,19,2,0,0,0,0,1,1,0,0,0,0,0,0,0,1,0,0,1
58,19345.04,5000.0,3,0,0,3.31,0.2584641851347942,2024,7,29,0,0,0,0,1,0,0,0,0,0,1,0,1,0,0,0,0,1
23,14629.7,5000.0,6,2,0,7.61,0.3417705079393289,2023,4,6,3,0,0,0,1,0,0,1,0,0,0,0,0,1,0,0,0,1
20,50071.7,5000.0,3,12,1,4.57,0.0998568053411408,2024,9,23,0,0,0,1,0,0,0,0,1,0,0,0,1,0,0,0,0,0
24,14512.17,3472.51,12,4,0,4.16,0.2392826159009989,2024,11,24,6,1,0,0,1,0,0,0,0,0,1,0,0,0,1,0,0,0
39,5807.33,1194.05,6,1,0,5.84,0.205610840093468,2023,3,10,4,0,0,0,1,0,0,0,0,0,1,0,0,0,0,0,1,0
36,18296.54,5000.0,6,8,1,1.39,0.2732757122384888,2024,9,5,3,0,0,0,1,0,0,0,0,0,1,1,0,0,0,0,0,1
25,19432.27,5000.0,9,4,0,8.88,0.2573039588272497,2024,7,11,3,0,1,0,0,0,0,0,0,1,0,0,0,0,1,0,0,1
21,28439.11,5000.0,6,22,2,5.22,0.1758142220343745,2024,11,19,1,0,1,0,0,0,0,0,0,1,0,0,0,0,0,0,1,0
23,46109.42,5000.0,9,16,1,3.65,0.1084377118601795,2024,8,11,6,1,1,0,0,0,0,0,0,1,0,0,0,0,1,0,0,1
29,106071.37,5000.0,12,2,0,9.47,0.0471380731671515,2023,2,14,1,0,0,1,0,0,1,0,0,0,0,0,0,0,0,1,0,0
23,10711.98,4005.62,12,0,0,4.81,0.3739383381970467,2023,2,26,6,1,0,0,1,0,0,1,0,0,0,0,1,0,0,0,0,0
34,62807.15,5000.0,6,15,1,7.2,0.0796087706574808,2024,9,12,3,0,0,1,0,0,1,0,0,0,0,0,1,0,0,0,0,0
44,65976.28,5000.0,3,22,1,9.65,0.0757848123598359,2023,2,1,2,0,1,0,0,0,0,0,0,1,0,0,0,0,0,1,0,0
48,55796.64,5000.0,12,0,0,7.89,0.0896111307060783,2024,11,11,0,0,0,1,0,0,0,0,1,0,0,0,0,1,0,0,0,0
47,11596.17,5000.0,3,24,1,7.48,0.4311768454584574,2024,12,25,2,0,0,0,0,1,0,0,0,0,1,0,0,1,0,0,0,0
31,8885.38,799.57,9,2,0,5.52,0.0899871474264466,2023,4,26,2,0,0,0,0,1,1,0,0,0,0,0,0,0,1,0,0,0
51,50385.01,5000.0,9,7,1,2.3,0.0992358640000269,2024,8,12,0,0,0,1,0,0,0,0,0,1,0,1,0,0,0,0,0,0
45,52335.69,5000.0,12,19,2,1.88,0.0955370990618448,2024,10,20,6,1,1,0,0,0,1,0,0,0,0,0,0,0,1,0,0,0
29,33711.39,100.0,9,16,4,3.83,0.0029663564747701,2023,3,2,3,0,1,0,0,0,0,0,0,0,1,0,0,0,0,0,1,1
58,85343.88,5000.0,12,22,4,7.11,0.0585865090736441,2024,11,25,0,0,0,1,0,0,0,0,0,0,1,0,0,0,0,0,1,1
49,45150.9,2723.6,9,19,2,7.25,0.0603221641207594,2023,5,20,5,1,0,1,0,0,0,0,1,0,0,0,0,1,0,0,0,1
42,8149.12,2833.85,6,15,1,6.37,0.3477492048221157,2023,4,14,4,0,0,0,0,1,1,0,0,0,0,0,0,1,0,0,0,0
41,15929.61,4912.78,6,17,3,5.86,0.3084055416297072,2023,4,23,6,1,0,0,0,1,0,0,1,0,0,0,1,0,0,0,0,1
40,14133.2,4174.48,9,5,0,1.8,0.2953669374239379,2024,10,25,4,0,0,0,0,1,0,1,0,0,0,0,0,1,0,0,0,0
37,12868.82,3324.71,9,7,3,6.77,0.2583539127907609,2023,1,5,3,0,0,0,1,0,0,1,0,0,0,0,0,0,0,0,1,1
50,74532.66,5000.0,9,8,2,7.09,0.0670846847543077,2023,2,18,5,1,1,0,0,0,0,0,0,1,0,0,1,0,0,0,0,0
25,68384.96,5000.0,12,4,0,8.23,0.0731154920614123,2024,12,19,3,0,1,0,0,0,0,0,0,1,0,0,0,0,0,1,0,0
55,83573.83,5000.0,9,2,0,1.49,0.0598273406878684,2023,4,5,2,0,1,0,0,0,1,0,0,0,0,0,1,0,0,0,0,0
23,8277.36,4134.6,3,17,1,9.25,0.4995070892168518,2024,12,11,2,0,0,0,0,1,1,0,0,0,0,1,0,0,0,0,0,1
21,17168.46,5000.0,12,9,1,5.31,0.2912317121046384,2024,9,5,3,0,0,0,1,0,0,0,1,0,0,0,0,0,0,1,0,1
49,14875.65,3221.66,9,7,1,3.53,0.2165727211920151,2024,8,19,0,0,0,0,0,1,1,0,0,0,0,1,0,0,0,0,0,1
27,51393.09,5000.0,3,0,0,3.66,0.0972893437619726,2023,5,27,5,1,1,0,0,0,0,0,0,1,0,0,0,1,0,0,0,1
28,26718.71,5000.0,3,10,3,5.83,0.1871347830789735,2024,9,10,1,0,0,0,1,0,0,1,0,0,0,0,1,0,0,0,0,1
49,20361.81,5000.0,9,2,0,9.44,0.2455577377453183,2023,4,25,1,0,0,0,1,0,0,0,0,0,1,0,1,0,0,0,0,0
36,52161.49,5000.0,12,2,0,7.35,0.0958561574832314,2024,12,16,0,0,0,1,0,0,0,1,0,0,0,0,0,0,0,0,1,0
21,7884.34,4097.55,12,13,1,1.31,0.5197074200250116,2024,7,19,4,0,0,0,1,0,0,1,0,0,0,0,0,0,0,1,0,1
46,43480.24,100.0,12,0,0,1.28,0.0022998953087655,2023,3,15,2,0,1,0,0,0,0,0,1,0,0,0,0,0,0,1,0,1
52,38763.64,5000.0,9,7,1,4.78,0.1289868546916646,2023,5,3,2,0,1,0,0,0,0,0,0,0,1,1,0,0,0,0,0,0
59,20815.48,5000.0,6,7,1,3.38,0.2402058468024758,2023,4,18,1,0,0,0,1,0,0,0,0,0,1,1,0,0,0,0,0,0
21,5000.0,185.97,9,16,1,5.86,0.037194,2024,7,27,5,1,0,0,0,1,0,0,0,0,1,0,0,1,0,0,0,1
36,74701.94,5000.0,12,4,0,7.96,0.0669326660057289,2024,10,21,0,0,0,1,0,0,0,0,0,0,1,1,0,0,0,0,0,0
35,29781.45,5000.0,9,15,2,7.07,0.167889743447683,2023,1,1,6,1,0,1,0,0,0,0,0,0,1,0,0,0,1,0,0,1
49,79431.79,5000.0,9,20,1,9.98,0.0629470895720718,2024,7,10,2,0,1,0,0,0,1,0,0,0,0,0,0,1,0,0,0,1
43,84305.27,5000.0,9,1,0,2.36,0.0593082733736574,2024,7,16,1,0,0,1,0,0,0,0,0,0,1,1,0,0,0,0,0,0
36,12484.69,5000.0,6,0,0,4.99,0.4004905207898634,2024,7,19,4,0,0,0,0,1,0,0,1,0,0,0,0,0,0,0,1,1
46,47583.99,5000.0,9,19,4,6.05,0.1050773590024712,2024,12,4,2,0,0,1,0,0,0,1,0,0,0,0,1,0,0,0,0,1
53,91932.73,5000.0,12,0,0,2.48,0.0543875940592648,2023,1,30,0,0,0,1,0,0,0,1,0,0,0,0,0,1,0,0,0,0
35,7403.42,3394.17,12,1,0,8.09,0.4584597388774377,2023,6,4,6,1,0,0,1,0,0,0,0,1,0,0,0,0,1,0,0,0
42,17342.06,5000.0,6,17,2,4.16,0.2883163822521661,2023,3,14,1,0,0,0,1,0,0,0,1,0,0,0,0,0,1,0,0,1
25,50061.3,5000.0,12,0,0,8.71,0.0998775501235485,2024,11,9,5,1,1,0,0,0,0,0,1,0,0,0,0,0,0,1,0,0
44,57560.34,3250.43,6,2,0,1.35,0.0564699583080989,2024,10,14,0,0,0,1,0,0,0,0,1,0,0,0,0,1,0,0,0,0
19,37862.51,5000.0,3,10,1,4.76,0.13205674953932,2023,3,21,1,0,1,0,0,0,0,0,1,0,0,0,1,0,0,0,0,0
45,13961.84,1430.33,12,17,1,9.78,0.1024456661872647,2024,12,18,2,0,0,0,0,1,0,0,1,0,0,0,0,1,0,0,0,1
31,57370.09,100.0,3,2,0,5.4,0.0017430685571523,2023,5,1,0,0,1,0,0,0,0,1,0,0,0,0,0,0,0,0,1,0
27,34501.63,5000.0,3,13,1,1.58,0.1449206892543917,2023,1,18,2,0,1,0,0,0,0,0,0,1,0,1,0,0,0,0,0,0
20,54163.35,5000.0,9,0,0,2.84,0.0923133447248,2023,3,13,0,0,1,0,0,0,1,0,0,0,0,0,0,0,0,0,1,0
53,24038.9,5000.0,9,4,0,5.62,0.2079962061491998,2024,11,22,4,0,0,0,1,0,0,0,1,0,0,0,0,0,0,1,0,0
35,7743.67,1049.34,6,12,1,9.37,0.1355093902503593,2024,11,13,2,0,0,0,0,1,0,0,1,0,0,0,1,0,0,0,0,1
38,45980.24,5000.0,6,2,0,6.86,0.1087423641111921,2023,1,8,6,1,1,0,0,0,0,0,0,1,0,0,0,0,1,0,0,0
26,13283.32,5000.0,3,0,0,3.11,0.3764119211161065,2023,5,22,0,0,0,0,0,1,0,1,0,0,0,0,0,1,0,0,0,1
59,12998.87,3395.23,6,12,1,9.62,0.261194242268751,2023,1,30,0,0,0,0,0,1,0,1,0,0,0,0,1,0,0,0,0,0
24,30359.65,5000.0,9,15,1,3.32,0.1646922807081109,2023,2,28,1,0,1,0,0,0,0,0,0,1,0,0,0,0,0,0,1,1
29,51794.09,3678.27,3,15,3,7.03,0.0710171758978678,2023,6,16,4,0,1,0,0,0,0,0,0,1,0,0,0,0,1,0,0,1
49,14133.3,5000.0,9,4,0,6.8,0.3537744192792907,2023,3,8,2,0,0,0,0,1,0,0,1,0,0,0,1,0,0,0,0,1
35,9214.2,2691.75,3,8,1,4.47,0.2921306244709253,2023,5,18,3,0,0,0,1,0,0,0,0,0,1,0,0,1,0,0,0,1
44,15088.92,3900.05,12,2,0,9.91,0.2584711165543988,2023,2,26,6,1,0,0,1,0,0,0,1,0,0,1,0,0,0,0,0,0
18,13042.95,2729.04,12,0,0,8.14,0.2092348740123975,2023,2,22,2,0,0,0,1,0,1,0,0,0,0,0,0,0,0,1,0,0
35,5075.1,1692.0,6,3,0,7.26,0.3333924454690548,2024,10,11,4,0,0,0,0,1,0,0,1,0,0,0,0,0,0,0,1,0
23,6849.6,465.95,6,13,3,9.24,0.0680258701238028,2024,12,6,4,0,0,0,1,0,0,1,0,0,0,0,0,0,0,0,1,1
54,77292.85,5000.0,3,0,0,8.38,0.0646890365667716,2024,8,2,4,0,1,0,0,0,0,0,0,0,1,0,1,0,0,0,0,0
55,84596.8,5000.0,9,3,0,3.98,0.0591038904544852,2023,3,4,5,1,0,1,0,0,1,0,0,0,0,0,0,1,0,0,0,0
48,9697.75,1122.05,9,17,1,3.54,0.1157020958469748,2023,1,17,1,0,0,0,1,0,0,0,1,0,0,0,0,0,0,0,1,1
27,64053.85,5000.0,3,14,1,2.68,0.0780593203999447,2024,10,27,6,1,1,0,0,0,0,0,0,1,0,1,0,0,0,0,0,0
42,8398.51,2343.46,6,6,1,5.45,0.2790328284421879,2023,1,30,0,0,0,0,0,1,0,0,0,1,0,0,0,0,1,0,0,1
35,13728.12,1246.91,12,7,3,1.28,0.0908288971832996,2023,1,22,6,1,0,0,0,1,0,0,0,0,1,0,0,0,0,1,0,1
26,8854.15,345.28,12,16,1,9.54,0.0389964028167582,2023,3,10,4,0,0,0,0,1,1,0,0,0,0,0,0,0,0,0,1,1
22,9533.26,438.72,9,3,0,9.14,0.0460199344190759,2024,8,10,5,1,0,0,1,0,0,0,1,0,0,0,1,0,0,0,0,0
28,9667.74,1981.04,3,9,2,2.31,0.2049124200692199,2023,6,1,3,0,0,0,0,1,0,0,0,0,1,0,0,0,0,1,0,0
51,85834.01,5000.0,3,1,0,1.41,0.0582519679553594,2023,4,28,4,0,1,0,0,0,1,0,0,0,0,0,0,0,1,0,0,0
47,62069.33,5000.0,3,7,1,9.96,0.0805550825182098,2023,1,30,0,0,0,1,0,0,0,0,0,1,0,0,0,0,0,1,0,0
43,89688.55,4769.02,3,10,1,8.21,0.0531731196457072,2023,2,10,4,0,0,1,0,0,0,1,0,0,0,0,1,0,0,0,0,0
53,5000.0,2611.18,9,15,3,5.74,0.5222359999999999,2024,8,4,6,1,0,0,0,1,0,0,0,1,0,0,0,0,0,1,0,1
21,5000.0,1161.26,6,11,2,8.66,0.232252,2023,2,2,3,0,0,0,0,1,0,0,1,0,0,0,0,1,0,0,0,1
19,8102.16,3929.99,6,0,0,4.95,0.4850546027232244,2024,12,26,3,0,0,0,0,1,1,0,0,0,0,1,0,0,0,0,0,0
39,81823.62,5000.0,6,9,1,4.4,0.061107049529219,2024,10,30,2,0,1,0,0,0,1,0,0,0,0,0,1,0,0,0,0,0
28,38562.42,5000.0,3,13,4,1.73,0.1296599124225087,2024,11,13,2,0,0,1,0,0,0,1,0,0,0,1,0,0,0,0,0,0
44,37640.78,5000.0,9,10,2,9.26,0.1328346543296924,2023,2,3,4,0,1,0,0,0,0,0,0,0,1,0,0,0,0,1,0,1
36,20393.53,5000.0,6,15,2,2.92,0.2451757984027287,2024,12,22,6,1,0,0,1,0,0,0,1,0,0,0,0,0,1,0,0,0
25,11997.96,5000.0,3,1,0,2.4,0.4167375120437141,2023,2,25,5,1,0,0,0,1,1,0,0,0,0,0,0,0,0,1,0,1
38,72593.4,5000.0,12,2,0,1.68,0.0688767849418817,2024,9,3,1,0,0,1,0,0,0,0,0,1,0,0,1,0,0,0,0,0
47,56600.72,5000.0,3,13,1,3.25,0.0883380988793075,2023,5,23,1,0,0,1,0,0,0,0,0,1,0,0,0,0,0,0,1,0
47,8498.83,3558.22,12,1,0,3.21,0.4186717465815883,2023,3,1,2,0,0,1,0,0,0,0,0,1,0,0,0,0,1,0,0,0
51,5670.43,1604.31,9,2,0,5.72,0.2829256335057482,2023,1,23,0,0,0,0,0,1,0,0,1,0,0,0,0,0,1,0,0,0
40,10851.5,1937.23,3,9,1,4.83,0.1785218633368658,2023,1,4,2,0,0,0,1,0,0,1,0,0,0,0,0,0,1,0,0,0
24,39347.06,5000.0,3,17,2,3.64,0.1270742972918434,2024,10,16,2,0,1,0,0,0,0,0,1,0,0,0,0,0,0,1,0,1
40,74591.31,5000.0,12,10,3,6.2,0.0670319370983027,2024,8,25,6,1,1,0,0,0,0,1,0,0,0,0,0,1,0,0,0,1
44,11097.16,2528.18,3,3,0,4.4,0.2278222536216473,2024,7,7,6,1,0,0,0,1,1,0,0,0,0,0,0,0,0,0,1,0
49,63316.41,3703.24,6,7,1,5.77,0.0584878390925827,2024,11,7,3,0,0,1,0,0,0,0,0,1,0,0,0,0,0,1,0,0
54,92527.42,5000.0,9,12,1,6.19,0.0540380354277683,2023,3,19,6,1,0,1,0,0,0,0,0,1,0,0,0,0,0,0,1,0
51,55412.44,5000.0,3,12,1,1.14,0.0902324459994903,2023,6,27,1,0,1,0,0,0,0,0,1,0,0,0,0,0,1,0,0,0
24,10738.29,5000.0,12,3,0,5.65,0.4656234838135308,2024,9,30,0,0,0,0,0,1,1,0,0,0,0,0,0,0,0,1,0,1
51,65668.54,5000.0,9,0,0,7.18,0.0761399598651043,2024,9,21,5,1,1,0,0,0,0,0,0,0,1,0,0,0,1,0,0,0
21,10443.04,1820.55,9,0,0,6.87,0.1743314207357244,2024,7,16,1,0,0,0,0,1,1,0,0,0,0,1,0,0,0,0,0,1
20,39014.87,5000.0,12,2,2,6.87,0.1281562645217067,2023,2,23,3,0,1,0,0,0,0,0,0,0,1,0,0,0,0,1,0,0
35,32682.42,5000.0,6,3,0,9.75,0.1529874470739927,2023,3,25,5,1,1,0,0,0,0,0,0,0,1,0,0,0,0,0,1,0
24,20714.81,100.0,6,2,0,2.44,0.0048274640221175,2023,5,22,0,0,1,0,0,0,0,0,1,0,0,1,0,0,0,0,0,0
39,35505.14,5000.0,12,3,0,4.67,0.1408246805955419,2023,4,18,1,0,1,0,0,0,1,0,0,0,0,0,1,0,0,0,0,1
33,56791.46,5000.0,9,14,1,2.51,0.0880414062255134,2023,2,17,4,0,0,1,0,0,0,0,1,0,0,0,0,0,0,0,1,1
20,5479.34,118.03,12,3,0,3.84,0.0215409155117222,2024,11,19,1,0,0,0,0,1,1,0,0,0,0,0,0,0,0,1,0,0
45,45834.07,5000.0,9,3,0,9.88,0.1090891557306606,2023,6,16,4,0,1,0,0,0,0,0,1,0,0,0,1,0,0,0,0,0
25,52731.43,5000.0,3,15,1,4.9,0.0948201101316615,2023,5,8,0,0,1,0,0,0,1,0,0,0,0,0,0,0,0,1,0,1
51,64955.68,5000.0,6,5,2,6.21,0.0769755624142492,2023,5,10,2,0,1,0,0,0,0,1,0,0,0,0,0,1,0,0,0,0
38,41631.05,5000.0,12,10,3,5.53,0.1201026637569794,2024,8,14,2,0,1,0,0,0,1,0,0,0,0,0,0,0,0,1,0,0
20,30616.8,5000.0,6,11,1,3.45,0.1633090329492305,2024,8,22,3,0,0,1,0,0,0,0,0,1,0,0,0,0,0,1,0,0
29,13167.69,5000.0,9,20,2,4.26,0.3797173232358902,2024,12,1,6,1,0,0,0,1,0,0,0,1,0,1,0,0,0,0,0,1
54,5313.44,1110.99,3,8,2,8.26,0.2090905326869222,2023,4,19,2,0,0,0,0,1,0,0,0,0,1,1,0,0,0,0,0,0
59,78437.25,5000.0,9,1,0,2.35,0.0637452230923445,2024,10,17,3,0,1,0,0,0,0,0,1,0,0,0,0,1,0,0,0,0
47,105607.18,5000.0,12,9,1,3.22,0.0473452657290915,2023,3,27,0,0,0,1,0,0,0,0,1,0,0,0,1,0,0,0,0,0
44,22311.58,5000.0,12,18,1,6.93,0.2240988760096774,2023,3,14,1,0,0,0,1,0,0,0,0,0,1,0,0,0,0,1,0,1
53,31265.76,5000.0,6,0,0,3.16,0.1599193494736734,2023,6,17,5,1,0,0,1,0,1,0,0,0,0,0,0,0,0,0,1,1
22,28902.85,4185.08,12,3,0,1.42,0.1447981773423728,2024,11,6,2,0,0,1,0,0,0,0,0,1,0,0,0,0,0,1,0,1
19,13210.72,5000.0,3,1,0,3.56,0.3784805067399809,2023,6,6,1,0,0,0,1,0,0,1,0,0,0,1,0,0,0,0,0,0
26,74163.15,5000.0,6,0,0,6.02,0.0674189270547435,2024,7,23,1,0,0,1,0,0,0,1,0,0,0,0,0,0,0,0,1,0
28,55042.68,5000.0,12,1,0,6.47,0.0908386001553703,2024,7,22,0,0,0,1,0,0,0,0,1,0,0,1,0,0,0,0,0,0
25,20192.2,5000.0,3,16,1,7.31,0.2476203682610116,2024,9,2,0,0,0,0,0,1,0,0,0,1,0,0,0,0,0,0,1,1
33,10151.19,4604.3,12,12,1,3.08,0.4535724383052627,2024,7,23,1,0,0,0,0,1,0,0,0,0,1,0,1,0,0,0,0,0
18,5000.0,1799.8,6,13,1,6.35,0.35996,2024,9,23,0,0,0,0,0,1,0,0,0,1,0,0,0,0,0,0,1,1
45,10634.67,5000.0,6,14,2,3.16,0.470160334077127,2024,7,30,1,0,0,0,0,1,0,0,0,1,0,0,0,0,0,1,0,1
37,10381.92,4525.81,6,9,1,7.0,0.4359318892844483,2024,12,8,6,1,0,0,1,0,0,1,0,0,0,0,0,0,1,0,0,1
20,5000.0,1411.56,9,3,1,1.89,0.282312,2023,1,12,3,0,0,0,0,1,0,0,0,0,1,1,0,0,0,0,0,1
39,6233.59,247.16,6,3,0,7.46,0.0396497042635142,2024,11,12,1,0,0,0,1,0,0,0,0,0,1,0,0,0,0,1,0,0
48,40198.06,5000.0,6,4,0,2.95,0.1243841120690899,2023,6,6,1,0,1,0,0,0,0,0,0,1,0,1,0,0,0,0,0,0
49,19131.16,5000.0,9,6,1,5.08,0.2613537286813763,2023,2,16,3,0,0,0,0,1,0,1,0,0,0,0,0,0,0,1,0,0
30,49042.3,5000.0,9,3,0,3.73,0.1019528040079686,2023,2,4,5,1,0,1,0,0,0,0,0,0,1,0,0,0,0,1,0,0
28,75804.61,5000.0,6,13,2,3.66,0.0659590491923908,2023,5,14,6,1,0,1,0,0,0,0,0,1,0,0,0,0,1,0,0,0
45,28386.94,5000.0,12,8,2,3.43,0.1761373363948351,2024,11,13,2,0,0,1,0,0,0,0,1,0,0,0,1,0,0,0,0,1
44,18741.48,5000.0,12,2,0,3.49,0.2667878950861938,2024,8,23,4,0,0,0,0,1,0,0,1,0,0,0,0,0,0,1,0,1
31,10065.63,3900.45,9,12,2,8.9,0.387501825519118,2024,12,7,5,1,0,0,1,0,0,1,0,0,0,0,0,0,1,0,0,1
39,49220.1,5000.0,3,2,0,3.77,0.1015845152691685,2023,6,23,4,0,1,0,0,0,0,0,1,0,0,0,0,0,0,0,1,0
37,5000.0,725.2,12,1,0,3.6,0.14504,2024,9,18,2,0,0,0,0,1,0,0,0,0,1,1,0,0,0,0,0,0
18,11134.39,5000.0,9,4,0,5.51,0.4490591761201107,2023,6,7,2,0,0,0,1,0,0,1,0,0,0,0,0,0,1,0,0,1
32,11033.57,2290.69,12,7,2,5.64,0.2076109545686482,2023,1,21,5,1,0,0,0,1,0,0,1,0,0,0,0,0,0,0,1,0
49,66659.63,5000.0,9,2,0,6.59,0.0750079170856483,2024,12,3,1,0,1,0,0,0,0,0,0,1,0,0,0,0,0,0,1,0
53,40103.6,5000.0,9,4,1,8.44,0.1246770863463629,2024,7,6,5,1,1,0,0,0,0,1,0,0,0,0,1,0,0,0,0,0
27,5000.0,1502.72,12,0,0,7.87,0.300544,2024,7,10,2,0,0,1,0,0,1,0,0,0,0,0,0,0,0,0,1,0
52,12430.38,3187.59,3,1,0,8.82,0.2564354428424553,2024,10,15,1,0,0,0,1,0,0,0,1,0,0,0,0,0,0,0,1,0
23,6345.21,1015.57,9,0,0,3.1,0.1600530163698285,2024,7,9,1,0,0,0,0,1,0,0,0,0,1,0,0,0,1,0,0,1
19,33007.94,5000.0,12,0,0,2.36,0.1514787048207188,2024,8,10,5,1,1,0,0,0,1,0,0,0,0,0,0,0,0,1,0,0
19,35787.25,5000.0,12,0,0,5.1,0.1397145631474896,2024,11,22,4,0,1,0,0,0,0,0,0,0,1,1,0,0,0,0,0,0
24,7817.53,2626.09,12,3,0,5.58,0.3359232391816853,2024,8,19,0,0,0,0,1,0,1,0,0,0,0,0,0,0,0,0,1,0
50,5229.22,418.56,3,19,1,6.3,0.0800425302435162,2024,9,9,0,0,0,0,0,1,0,0,0,0,1,0,0,0,1,0,0,0
30,5000.0,495.96,3,7,1,8.37,0.099192,2023,1,1,6,1,0,0,1,0,0,1,0,0,0,0,0,1,0,0,0,0
51,20051.78,5000.0,9,14,2,5.99,0.2493544214029877,2024,8,31,5,1,0,0,0,1,0,0,0,0,1,0,0,0,0,1,0,1
55,16941.57,1002.69,6,0,0,1.77,0.0591851876774112,2023,4,30,6,1,0,0,0,1,0,1,0,0,0,0,0,1,0,0,0,1
26,43956.13,5000.0,9,15,1,2.57,0.1137497773348108,2024,8,22,3,0,1,0,0,0,0,0,0,0,1,0,0,1,0,0,0,0
31,37850.13,1297.17,9,9,1,5.0,0.0342712165057293,2023,5,20,5,1,1,0,0,0,0,1,0,0,0,0,0,0,0,1,0,0
54,17427.54,5000.0,12,1,0,8.16,0.2869022248693734,2023,4,12,2,0,0,0,1,0,1,0,0,0,0,0,0,0,0,0,1,0
49,74941.46,5000.0,12,7,1,3.56,0.0667187428694343,2023,4,17,0,0,1,0,0,0,1,0,0,0,0,0,1,0,0,0,0,0
26,58266.14,5000.0,3,16,1,7.96,0.085813132635867,2024,12,14,5,1,1,0,0,0,0,0,0,0,1,0,0,0,0,1,0,0
51,67505.55,100.0,3,3,0,2.82,0.0014813596807966,2023,4,11,1,0,0,1,0,0,1,0,0,0,0,1,0,0,0,0,0,0
30,13844.68,3100.56,3,12,1,6.43,0.2239531719042982,2024,12,3,1,0,0,0,0,1,0,0,1,0,0,0,0,0,0,0,1,0
52,20436.58,5000.0,6,0,0,3.07,0.2446593314536972,2023,1,10,1,0,0,0,1,0,0,0,0,0,1,0,0,1,0,0,0,1
38,15699.46,2539.79,3,21,5,9.51,0.1617756279515346,2024,11,24,6,1,0,0,1,0,0,0,0,1,0,0,0,0,0,1,0,1
54,54850.8,5000.0,3,0,0,4.26,0.0911563732889948,2023,6,24,5,1,1,0,0,0,0,1,0,0,0,0,0,0,0,0,1,1
36,68424.95,5000.0,3,2,0,1.85,0.0730727607400517,2024,12,13,4,0,0,1,0,0,0,1,0,0,0,0,0,0,1,0,0,0
57,41925.01,5000.0,12,2,0,5.86,0.1192605559306962,2024,8,13,1,0,0,1,0,0,0,0,0,1,0,0,0,0,0,1,0,0
52,73413.49,5000.0,3,3,0,2.61,0.0681073737265453,2024,10,22,1,0,1,0,0,0,0,0,1,0,0,0,0,0,0,0,1,0
22,5160.44,2772.05,3,3,0,3.84,0.5371731867825225,2023,6,15,3,0,0,0,0,1,0,0,0,1,0,0,0,0,1,0,0,1
35,9770.19,3375.02,3,2,0,9.79,0.3454405697330348,2024,7,27,5,1,1,0,0,0,0,0,1,0,0,0,1,0,0,0,0,1
57,13383.23,100.0,6,11,3,8.36,0.0074720377666676,2024,11,18,0,0,0,0,1,0,0,0,0,1,0,1,0,0,0,0,0,0
43,20958.77,3309.61,3,12,1,6.58,0.1579105071528529,2024,7,2,1,0,0,0,1,0,0,0,1,0,0,0,0,0,1,0,0,0
27,12190.35,5000.0,3,15,2,8.65,0.4101604958020073,2023,4,8,5,1,0,0,1,0,0,0,0,0,1,0,0,0,1,0,0,0
45,6653.38,1111.24,12,1,0,7.32,0.16701886860513,2023,3,30,3,0,0,0,0,1,0,0,0,1,0,0,0,0,0,0,1,0
40,18726.98,5000.0,3,5,0,9.01,0.2669944646707584,2024,9,2,0,0,0,0,1,0,0,1,0,0,0,0,0,0,1,0,0,1
41,98009.65,5000.0,6,0,0,8.6,0.0510153847095668,2024,10,27,6,1,0,1,0,0,0,1,0,0,0,1,0,0,0,0,0,0
29,11130.32,4846.18,3,13,1,4.05,0.4354034744733305,2024,12,22,6,1,0,0,1,0,1,0,0,0,0,0,1,0,0,0,0,0
42,14115.45,4306.3,12,18,3,4.67,0.3050770609509438,2023,6,6,1,0,0,0,0,1,0,1,0,0,0,0,0,0,0,1,0,1
27,39542.9,5000.0,6,11,1,8.82,0.1264449496622655,2024,11,27,2,0,0,1,0,0,0,0,0,0,1,0,0,0,1,0,0,1
34,16987.67,5000.0,6,1,0,3.3,0.2943311236914774,2024,11,5,1,0,0,0,1,0,0,0,0,0,1,0,1,0,0,0,0,1
47,15643.53,5000.0,12,0,0,7.58,0.3196209551169077,2023,3,18,5,1,0,0,1,0,1,0,0,0,0,0,0,1,0,0,0,0
18,44701.31,5000.0,12,5,0,4.71,0.1118535452316722,2023,3,9,3,0,1,0,0,0,0,1,0,0,0,0,0,0,0,1,0,0
18,10749.41,2921.94,6,21,3,8.68,0.271823290766656,2023,3,12,6,1,0,0,1,0,0,0,0,0,1,0,0,0,0,1,0,1
34,44931.83,5000.0,12,0,0,6.32,0.1112796874732233,2023,6,14,2,0,1,0,0,0,0,1,0,0,0,0,0,1,0,0,0,0
58,87491.62,5000.0,9,19,1,4.53,0.0571483303200923,2023,4,30,6,1,0,1,0,0,0,0,1,0,0,0,0,0,0,0,1,1
50,60471.81,5000.0,6,1,0,8.81,0.0826831543491091,2023,5,22,0,0,1,0,0,0,1,0,0,0,0,0,0,0,0,1,0,0
44,44242.33,5000.0,12,24,3,8.91,0.1130139393653092,2023,2,18,5,1,1,0,0,0,0,1,0,0,0,0,0,0,0,0,1,1
19,13034.14,3689.64,3,23,2,2.56,0.2830750628733464,2023,4,13,3,0,0,0,1,0,0,0,0,0,1,0,0,0,1,0,0,1
26,12667.45,4620.62,6,10,2,6.58,0.3647632317475103,2024,12,7,5,1,1,0,0,0,0,0,0,1,0,0,0,0,0,0,1,1
48,84246.33,5000.0,6,11,1,9.78,0.0593497663340349,2024,11,21,3,0,1,0,0,0,0,0,0,0,1,0,0,0,1,0,0,0
24,6994.31,1223.3,3,13,1,4.75,0.1748993110113792,2024,7,7,6,1,0,0,0,1,1,0,0,0,0,0,0,1,0,0,0,0
45,43996.67,5000.0,3,5,0,4.87,0.1136449644939037,2024,8,25,6,1,1,0,0,0,1,0,0,0,0,1,0,0,0,0,0,0
34,16876.34,5000.0,9,14,1,6.13,0.2962727700437417,2024,11,13,2,0,0,0,1,0,1,0,0,0,0,0,0,1,0,0,0,1
40,19132.4,5000.0,9,14,3,9.83,0.2613367899479417,2024,10,24,3,0,0,0,1,0,0,1,0,0,0,0,0,0,1,0,0,1
28,8165.38,4783.85,6,17,2,1.33,0.5858698554139551,2024,9,5,3,0,1,0,0,0,0,1,0,0,0,0,1,0,0,0,0,0
56,14423.59,5000.0,9,3,0,7.14,0.3466543350164556,2023,1,4,2,0,0,0,0,1,0,0,0,0,1,1,0,0,0,0,0,0
29,7324.89,3536.45,12,10,1,8.68,0.4827990590984983,2023,2,18,5,1,0,0,0,1,0,1,0,0,0,0,1,0,0,0,0,1
55,38682.65,5000.0,12,2,0,3.83,0.129256914921806,2023,6,12,0,0,1,0,0,0,1,0,0,0,0,0,0,1,0,0,0,1
31,34779.84,5000.0,12,1,0,2.05,0.1437614434108955,2024,9,20,4,0,1,0,0,0,0,0,1,0,0,0,0,1,0,0,0,0
52,29385.64,5000.0,3,0,0,8.6,0.1701511350441916,2023,3,31,4,0,0,1,0,0,1,0,0,0,0,1,0,0,0,0,0,0
43,7511.53,100.0,6,8,1,7.19,0.0133128670191026,2024,8,15,3,0,0,0,0,1,1,0,0,0,0,0,0,0,0,1,0,1
43,31544.72,3463.0,12,19,2,5.28,0.1097806542584622,2023,6,12,0,0,0,1,0,0,1,0,0,0,0,0,0,0,1,0,0,1
29,16607.58,2447.11,3,12,1,4.74,0.1473489816096023,2023,6,18,6,1,0,0,1,0,0,1,0,0,0,0,1,0,0,0,0,0
27,10509.52,1383.18,3,5,1,7.91,0.1316121002671863,2024,7,19,4,0,0,0,0,1,1,0,0,0,0,0,0,0,1,0,0,1
48,18833.18,5000.0,9,3,0,4.31,0.265488887166161,2024,12,7,5,1,0,0,0,1,0,0,0,1,0,0,0,0,0,0,1,0
47,7109.29,1368.69,9,12,3,1.52,0.1925213347605738,2023,4,16,6,1,0,0,0,1,0,0,1,0,0,0,0,0,1,0,0,1
27,8705.84,1354.69,3,3,0,9.59,0.1556070407910092,2024,7,28,6,1,0,1,0,0,1,0,0,0,0,0,0,0,0,0,1,0
47,11591.99,3845.22,3,11,1,3.03,0.3317135366748936,2024,9,26,3,0,0,0,1,0,1,0,0,0,0,0,0,0,0,0,1,0
56,6313.5,2627.24,3,3,1,4.56,0.4161305139779837,2024,10,25,4,0,0,0,0,1,0,0,0,1,0,0,0,0,0,1,0,1
58,13768.49,5000.0,9,2,0,4.78,0.3631480285782972,2024,12,2,0,0,0,0,1,0,0,1,0,0,0,0,0,0,1,0,0,0
25,19148.5,5000.0,6,7,2,9.41,0.2611170587774499,2024,8,13,1,0,0,0,1,0,0,1,0,0,0,0,0,0,1,0,0,0
59,40139.59,5000.0,9,19,2,7.91,0.1245652982504305,2024,8,18,6,1,1,0,0,0,0,1,0,0,0,1,0,0,0,0,0,1
24,51439.17,5000.0,9,12,1,5.85,0.0972021904708027,2024,8,14,2,0,1,0,0,0,0,0,0,1,0,0,0,1,0,0,0,0
44,7861.33,1383.25,3,5,1,6.25,0.1759562313247249,2023,2,19,6,1,0,0,0,1,1,0,0,0,0,0,0,0,0,1,0,0
20,5000.0,1367.1,3,14,1,6.73,0.27342,2023,2,8,2,0,0,0,1,0,1,0,0,0,0,0,0,0,1,0,0,0
41,13384.74,4705.6,6,2,0,5.67,0.3515645429048304,2023,1,4,2,0,0,0,0,1,0,0,0,0,1,0,0,0,0,0,1,1
47,49969.59,5000.0,3,1,0,2.59,0.1000608570132354,2023,5,8,0,0,0,1,0,0,0,0,0,0,1,0,0,0,0,1,0,0
23,29173.15,5000.0,9,24,1,3.8,0.1713904737746866,2024,8,29,3,0,0,1,0,0,0,0,0,1,0,0,0,0,0,0,1,1
31,13666.68,4611.35,9,3,0,5.88,0.337415524472659,2024,11,2,5,1,0,0,0,1,0,0,1,0,0,1,0,0,0,0,0,0
18,39237.91,5000.0,9,3,3,2.29,0.1274277860365141,2023,5,20,5,1,1,0,0,0,0,0,1,0,0,0,1,0,0,0,0,0
53,22554.54,5000.0,6,2,0,4.97,0.2216848581261244,2024,9,20,4,0,0,0,1,0,1,0,0,0,0,0,0,1,0,0,0,0
43,15066.93,5000.0,12,20,2,7.63,0.3318526070008953,2024,7,21,6,1,0,0,1,0,0,0,1,0,0,0,0,0,0,0,1,0
38,5000.0,1670.56,9,0,0,2.45,0.3341119999999999,2024,9,2,0,0,0,0,0,1,0,0,1,0,0,0,1,0,0,0,0,0
53,12465.86,5000.0,12,13,1,2.18,0.401095471952998,2023,1,29,6,1,0,0,0,1,1,0,0,0,0,0,0,0,1,0,0,0
53,75316.51,5000.0,3,0,1,4.91,0.0663865067566195,2023,6,6,1,0,1,0,0,0,0,0,0,1,0,0,0,1,0,0,0,0
52,72868.7,5000.0,12,0,0,6.35,0.0686165665093517,2024,7,13,5,1,1,0,0,0,0,0,0,1,0,1,0,0,0,0,0,0
35,96780.81,5000.0,6,10,1,4.31,0.0516631344581637,2024,9,22,6,1,0,1,0,0,0,0,0,1,0,1,0,0,0,0,0,0
50,80116.77,5000.0,12,20,1,7.03,0.0624089063999959,2024,8,19,0,0,0,1,0,0,0,1,0,0,0,0,0,1,0,0,0,1
42,21078.64,5000.0,6,13,1,2.51,0.2372069545283756,2024,12,30,0,0,0,0,1,0,1,0,0,0,0,0,0,0,0,1,0,1
53,16578.18,5000.0,3,5,0,8.42,0.3016012614171157,2024,12,1,6,1,0,0,0,1,0,0,1,0,0,0,0,0,1,0,0,0
46,32261.65,5000.0,6,7,1,7.83,0.1549827736647071,2024,11,16,5,1,1,0,0,0,0,0,0,1,0,0,0,0,0,1,0,1
57,19757.75,4654.04,6,24,3,1.3,0.2355551618984955,2023,3,23,3,0,0,0,1,0,0,1,0,0,0,0,0,0,0,1,0,1
59,29102.06,5000.0,6,1,0,7.95,0.1718091434077175,2023,2,3,4,0,0,0,1,0,0,0,1,0,0,1,0,0,0,0,0,0
52,18188.76,5000.0,6,1,0,9.1,0.2748950450717916,2023,3,15,2,0,0,0,1,0,0,1,0,0,0,0,1,0,0,0,0,1
58,18892.12,4099.09,6,2,0,5.99,0.2169735318217331,2024,12,11,2,0,0,0,1,0,0,0,0,0,1,0,0,0,0,1,0,1
45,53670.71,5000.0,9,14,1,9.41,0.0931606829870519,2024,7,6,5,1,1,0,0,0,0,0,1,0,0,0,0,1,0,0,0,1
45,60986.74,5000.0,12,1,0,2.09,0.0819850347796914,2023,1,4,2,0,1,0,0,0,0,1,0,0,0,0,1,0,0,0,0,0
38,44787.13,4952.13,6,9,3,9.38,0.1105703803748978,2024,7,27,5,1,1,0,0,0,0,0,0,0,1,0,0,1,0,0,0,0
56,32363.05,5000.0,9,9,1,8.17,0.154497181198929,2023,4,19,2,0,0,1,0,0,0,0,1,0,0,0,0,0,0,1,0,0
36,13301.02,4770.43,12,0,0,1.83,0.3586514417691275,2024,10,8,1,0,0,0,0,1,0,1,0,0,0,0,0,1,0,0,0,0
39,71895.57,5000.0,9,17,1,4.37,0.069545314127143,2023,2,27,0,0,0,1,0,0,0,1,0,0,0,0,0,0,0,1,0,0
45,17029.53,5000.0,3,15,1,8.97,0.2936076333286943,2023,1,29,6,1,0,0,0,1,0,0,0,1,0,0,0,0,0,1,0,0
34,46667.2,5000.0,3,23,3,7.5,0.1071416326670552,2024,10,6,6,1,1,0,0,0,0,1,0,0,0,0,0,0,0,0,1,1
55,49097.81,1319.19,12,14,1,1.29,0.0268686118586552,2024,7,31,2,0,1,0,0,0,0,0,0,0,1,1,0,0,0,0,0,0
54,13103.17,975.63,3,13,2,3.28,0.074457554927548,2024,8,28,2,0,0,0,1,0,0,0,1,0,0,0,0,1,0,0,0,0
28,48761.08,5000.0,3,0,0,7.25,0.1025407968814472,2024,10,21,0,0,0,1,0,0,1,0,0,0,0,0,0,0,1,0,0,0
50,73746.03,5000.0,3,4,0,3.89,0.0678002598919562,2023,6,29,3,0,1,0,0,0,0,0,1,0,0,0,1,0,0,0,0,0
58,80048.57,5000.0,3,1,0,4.5,0.0624620777110696,2024,12,24,1,0,0,1,0,0,1,0,0,0,0,0,0,0,0,1,0,0
45,74618.11,5000.0,9,0,0,1.46,0.0670078617643893,2023,1,30,0,0,1,0,0,0,0,0,0,1,0,0,1,0,0,0,0,0
54,64832.46,5000.0,9,12,1,8.97,0.0771218614872858,2024,9,4,2,0,1,0,0,0,0,0,0,1,0,0,0,0,1,0,0,0
49,13515.71,5000.0,12,4,1,1.58,0.3699398699735345,2023,5,11,3,0,0,0,0,1,0,0,1,0,0,0,1,0,0,0,0,0
43,70017.45,5000.0,9,2,0,6.51,0.0714107697438281,2024,11,15,4,0,1,0,0,0,0,0,1,0,0,0,0,0,1,0,0,0
45,69853.57,5000.0,12,0,0,1.1,0.0715783030130027,2023,1,30,0,0,1,0,0,0,0,0,0,0,1,0,0,0,1,0,0,0
46,7277.4,2508.61,3,11,3,4.2,0.3447123972847445,2023,1,25,2,0,0,0,0,1,0,1,0,0,0,0,0,0,0,0,1,1
19,5000.0,275.06,9,17,3,8.24,0.055012,2023,6,17,5,1,0,0,0,1,0,0,1,0,0,0,1,0,0,0,0,1
31,92859.76,5000.0,9,23,4,6.96,0.0538446362557904,2024,11,12,1,0,0,1,0,0,0,0,1,0,0,0,0,0,0,0,1,1
35,12851.37,4453.85,9,9,1,4.55,0.3465661637630852,2024,10,27,6,1,0,0,1,0,0,0,1,0,0,0,0,0,0,0,1,0
53,89562.45,5000.0,12,6,1,2.42,0.0558269676633455,2023,2,11,5,1,0,1,0,0,1,0,0,0,0,1,0,0,0,0,0,0
36,37800.0,5000.0,6,0,0,1.17,0.1322751322751322,2024,7,1,0,0,1,0,0,0,0,0,1,0,0,0,1,0,0,0,0,0
38,42830.42,5000.0,12,13,1,8.74,0.1167394576098016,2024,9,30,0,0,0,1,0,0,0,0,0,1,0,0,1,0,0,0,0,0
53,10772.85,5000.0,9,4,2,4.23,0.46412973354312,2024,11,26,1,0,0,0,0,1,0,0,1,0,0,0,1,0,0,0,0,1
35,44603.06,5000.0,12,9,1,4.49,0.112099932157121,2024,10,22,1,0,1,0,0,0,0,0,0,1,0,0,0,0,0,1,0,0
35,13958.43,5000.0,9,0,0,8.1,0.3582064745103854,2024,10,12,5,1,0,0,1,0,1,0,0,0,0,0,0,0,0,1,0,1
40,12178.7,4598.34,9,15,1,8.02,0.37757231888461,2024,11,12,1,0,0,0,1,0,1,0,0,0,0,0,0,1,0,0,0,0
41,19471.82,5000.0,12,5,2,7.54,0.256781338364878,2023,6,22,3,0,0,0,1,0,1,0,0,0,0,0,1,0,0,0,0,1
33,5570.52,1264.67,3,0,0,2.08,0.2270290744849672,2023,1,18,2,0,0,0,1,0,0,0,1,0,0,0,0,1,0,0,0,0
33,11219.94,4299.55,3,0,0,7.63,0.3832061490524904,2023,5,31,2,0,0,0,0,1,1,0,0,0,0,0,0,0,0,0,1,0
39,5049.08,787.0,9,10,1,6.28,0.155869980273634,2023,4,27,3,0,0,0,0,1,1,0,0,0,0,0,0,0,0,1,0,0
40,50885.18,5000.0,9,2,0,5.09,0.0982604365357457,2023,2,6,0,0,0,1,0,0,0,0,0,0,1,0,1,0,0,0,0,0
25,51220.23,5000.0,12,1,0,4.0,0.0976176795769952,2023,4,21,4,0,1,0,0,0,1,0,0,0,0,0,0,0,0,1,0,0
26,15006.65,5000.0,6,21,1,7.75,0.3331856210413383,2024,7,15,0,0,0,0,0,1,0,0,0,0,1,0,0,0,0,0,1,1
20,35894.49,5000.0,9,2,0,4.6,0.1392971456064705,2023,5,29,0,0,1,0,0,0,0,0,1,0,0,0,0,0,0,0,1,0
39,63530.87,4417.85,3,7,0,1.93,0.0695386353122505,2023,1,12,3,0,1,0,0,0,0,0,1,0,0,0,0,1,0,0,0,0
37,57820.38,5000.0,3,2,0,3.68,0.086474699751195,2024,12,13,4,0,0,1,0,0,0,0,0,0,1,0,0,0,0,1,0,0
25,7898.46,1656.02,6,9,2,3.52,0.2096636559531858,2023,3,25,5,1,0,0,0,1,1,0,0,0,0,0,0,0,0,0,1,0
25,13151.28,3560.37,9,0,0,1.94,0.2707242184791138,2024,7,24,2,0,0,0,1,0,0,0,0,0,1,0,0,0,1,0,0,0
20,55309.28,5000.0,6,1,0,3.49,0.0904007428771446,2023,3,31,4,0,1,0,0,0,0,0,0,1,0,1,0,0,0,0,0,0
22,5225.99,731.05,3,3,0,6.06,0.1398873706225997,2023,6,3,5,1,0,0,0,1,1,0,0,0,0,0,0,0,0,1,0,0
27,19479.22,5000.0,9,3,0,4.19,0.2566837891866306,2023,4,20,3,0,0,0,1,0,0,0,0,1,0,0,0,0,0,1,0,1
57,9581.94,2428.22,9,7,1,7.8,0.253416322790583,2024,8,12,0,0,0,0,1,0,0,0,1,0,0,1,0,0,0,0,0,1
29,19329.44,5000.0,12,0,0,3.25,0.2586727810014155,2023,3,19,6,1,0,0,1,0,0,0,0,1,0,0,1,0,0,0,0,0
49,58653.94,5000.0,3,13,3,9.64,0.0852457652461198,2024,12,22,6,1,1,0,0,0,1,0,0,0,0,0,0,1,0,0,0,1
41,73747.8,5000.0,3,16,2,8.64,0.0677986326371769,2024,9,1,6,1,1,0,0,0,0,0,1,0,0,0,0,0,1,0,0,0
52,106122.59,5000.0,12,15,1,5.11,0.0471153220063701,2023,5,27,5,1,0,1,0,0,0,0,1,0,0,0,0,0,0,1,0,0
52,91578.55,5000.0,6,15,2,3.57,0.0545979380542714,2024,8,19,0,0,0,1,0,0,0,0,0,1,0,0,1,0,0,0,0,0
50,17237.74,5000.0,9,13,2,2.79,0.2900612261236101,2024,12,29,6,1,0,0,1,0,0,1,0,0,0,1,0,0,0,0,0,0
52,100090.35,5000.0,3,20,2,8.4,0.0499548657787688,2024,9,20,4,0,0,1,0,0,0,0,0,0,1,1,0,0,0,0,0,0
51,26442.16,5000.0,6,7,2,6.17,0.1890919652554859,2024,11,27,2,0,0,0,1,0,0,0,1,0,0,0,0,0,0,0,1,0
37,12348.83,4079.81,6,1,0,1.3,0.3303802870393389,2024,7,23,1,0,0,0,1,0,0,0,0,1,0,1,0,0,0,0,0,0
52,49165.33,4937.38,12,13,2,3.9,0.1004240183072095,2024,12,27,4,0,0,1,0,0,1,0,0,0,0,0,1,0,0,0,0,0
22,78455.52,4228.66,6,2,0,8.51,0.053898820631104,2023,2,22,2,0,0,1,0,0,1,0,0,0,0,1,0,0,0,0,0,0
50,6423.98,3185.74,6,0,0,1.86,0.4959137481748075,2023,1,22,6,1,0,0,0,1,0,0,0,1,0,1,0,0,0,0,0,1
37,6356.36,2814.17,12,8,1,6.96,0.4427329477877276,2024,10,4,4,0,0,0,1,0,1,0,0,0,0,1,0,0,0,0,0,1
18,10830.88,3574.16,12,10,1,6.51,0.329997193210524,2024,11,9,5,1,0,0,0,1,0,0,0,1,0,0,1,0,0,0,0,1
57,22463.21,4259.27,3,9,1,4.62,0.1896109238172104,2023,5,11,3,0,0,0,1,0,0,1,0,0,0,0,0,1,0,0,0,0
37,59241.18,5000.0,12,11,1,8.28,0.0844007496136977,2023,3,11,5,1,1,0,0,0,0,0,1,0,0,0,0,0,1,0,0,0
45,27074.93,4082.87,3,4,2,7.36,0.1507989124994967,2023,2,8,2,0,0,0,1,0,1,0,0,0,0,0,0,1,0,0,0,0
51,19147.87,5000.0,12,19,3,5.1,0.2611256500070243,2023,1,17,1,0,0,0,0,1,1,0,0,0,0,0,0,0,1,0,0,1
47,5000.0,1356.62,6,9,2,9.67,0.2713239999999999,2024,11,8,4,0,0,0,0,1,0,0,0,1,0,0,0,0,0,0,1,1
38,38244.02,5000.0,6,20,1,1.92,0.1307393940281382,2023,3,2,3,0,1,0,0,0,0,0,0,1,0,1,0,0,0,0,0,1
59,11740.33,3910.36,9,9,1,3.12,0.3330707058489838,2023,6,14,2,0,0,0,1,0,0,1,0,0,0,0,0,1,0,0,0,1
57,25277.07,5000.0,9,13,1,5.81,0.1978077364188175,2024,12,27,4,0,0,0,1,0,0,0,0,0,1,0,0,1,0,0,0,0
38,5000.0,1564.76,9,4,1,9.52,0.312952,2024,10,4,4,0,0,0,0,1,0,1,0,0,0,0,0,0,0,0,1,0
39,33598.45,5000.0,9,12,1,7.64,0.1488163888512714,2024,10,17,3,0,1,0,0,0,0,0,1,0,0,1,0,0,0,0,0,0
39,18362.75,3811.36,9,10,2,2.77,0.207559325264462,2024,10,20,6,1,0,0,1,0,1,0,0,0,0,0,0,0,0,0,1,0
29,19589.72,2945.83,12,12,4,7.48,0.1503763198248877,2024,10,8,1,0,0,0,0,1,0,0,0,0,1,1,0,0,0,0,0,1
35,9098.05,4159.74,12,14,1,9.37,0.4572122597699507,2023,1,20,4,0,0,0,0,1,0,0,0,1,0,0,0,1,0,0,0,0
54,70325.12,5000.0,3,7,1,6.24,0.071098350063249,2023,3,1,2,0,0,1,0,0,0,0,1,0,0,0,1,0,0,0,0,0
52,75131.34,5000.0,9,15,2,7.02,0.0665501240893613,2023,6,10,5,1,0,1,0,0,1,0,0,0,0,0,0,0,1,0,0,0
55,50946.72,5000.0,12,3,0,1.35,0.0981417449445224,2023,4,5,2,0,0,1,0,0,0,0,0,1,0,0,0,0,0,1,0,0
36,16160.49,4529.99,6,0,0,5.17,0.2803126637868035,2024,10,12,5,1,0,0,1,0,0,0,1,0,0,1,0,0,0,0,0,0
18,9637.48,3025.2,3,3,0,1.12,0.3138994840975027,2024,8,31,5,1,0,0,1,0,0,0,0,0,1,0,1,0,0,0,0,0
35,52914.12,2866.16,6,0,0,5.63,0.0541662603478995,2024,7,26,4,0,0,1,0,0,0,0,1,0,0,0,0,0,0,0,1,0
56,107392.82,5000.0,6,0,0,6.98,0.0465580473629428,2023,1,4,2,0,0,1,0,0,0,0,0,0,1,0,0,0,0,0,1,0
40,11232.83,1770.55,3,6,1,2.53,0.1576227896264788,2023,4,1,5,1,0,0,0,1,0,0,0,1,0,0,0,1,0,0,0,1
41,13286.99,3162.1,6,3,0,7.71,0.2379846752349478,2024,11,10,6,1,0,0,0,1,1,0,0,0,0,0,0,0,0,1,0,0
33,12795.07,4803.38,6,3,0,7.2,0.3754086534891954,2024,12,1,6,1,0,0,1,0,1,0,0,0,0,1,0,0,0,0,0,0
25,20956.18,5000.0,3,2,0,9.48,0.2385931023688477,2023,6,5,0,0,0,0,1,0,0,0,0,1,0,0,0,1,0,0,0,1
19,51089.86,4055.47,12,14,2,5.45,0.0793791566467396,2024,7,28,6,1,1,0,0,0,0,0,0,1,0,0,0,1,0,0,0,1
45,16501.78,1399.37,3,0,0,3.45,0.0848011547845141,2023,2,2,3,0,0,0,0,1,0,0,0,0,1,1,0,0,0,0,0,0
20,26192.24,5000.0,9,1,0,9.12,0.1908962349153795,2024,11,26,1,0,1,0,0,0,0,0,0,0,1,0,0,1,0,0,0,0
28,55092.53,5000.0,9,7,1,8.34,0.0907564056324877,2023,4,27,3,0,1,0,0,0,0,0,0,0,1,0,1,0,0,0,0,0
59,17375.84,5000.0,6,15,2,2.45,0.2877558725218464,2023,5,26,4,0,0,0,1,0,0,0,1,0,0,0,1,0,0,0,0,0
54,119536.4,5000.0,3,14,1,5.45,0.0418282631901245,2024,12,24,1,0,0,1,0,0,0,0,1,0,0,0,1,0,0,0,0,0
35,14348.9,1806.93,12,0,0,2.83,0.1259281199255692,2023,3,15,2,0,0,0,1,0,1,0,0,0,0,0,0,0,0,0,1,0
28,68763.41,5000.0,9,3,0,3.03,0.072713089708611,2023,1,7,5,1,1,0,0,0,0,0,1,0,0,0,1,0,0,0,0,0
18,35542.26,5000.0,3,3,0,2.08,0.140677604631782,2024,8,25,6,1,0,1,0,0,1,0,0,0,0,0,0,0,1,0,0,0
54,16603.87,5000.0,12,13,1,4.01,0.301134615002406,2024,11,22,4,0,0,0,1,0,0,1,0,0,0,0,0,1,0,0,0,0
41,75565.73,5000.0,6,15,1,7.34,0.0661675603477925,2023,5,14,6,1,1,0,0,0,0,0,1,0,0,0,0,0,0,0,1,0
36,63194.18,5000.0,9,4,0,1.65,0.0791212102127126,2024,8,2,4,0,0,1,0,0,0,0,0,0,1,1,0,0,0,0,0,0
29,16822.31,5000.0,9,9,1,6.79,0.2972243407712733,2024,10,31,3,0,0,0,1,0,1,0,0,0,0,1,0,0,0,0,0,0
51,87034.39,5000.0,9,3,0,6.86,0.0574485556801167,2024,10,23,2,0,0,1,0,0,0,0,0,0,1,0,0,0,0,1,0,0
40,10931.61,100.0,3,4,0,9.58,0.0091477833548763,2023,1,6,4,0,0,0,0,1,1,0,0,0,0,0,0,0,0,0,1,0
38,37003.68,5000.0,9,3,0,6.7,0.1351216960042893,2023,4,11,1,0,1,0,0,0,0,0,0,0,1,1,0,0,0,0,0,1
40,54041.77,5000.0,6,11,2,2.16,0.0925210258657331,2024,10,26,5,1,0,1,0,0,1,0,0,0,0,0,0,0,0,1,0,0
22,5000.0,1493.68,3,19,3,5.54,0.298736,2024,11,3,6,1,0,0,0,1,1,0,0,0,0,0,1,0,0,0,0,1
46,70514.23,5000.0,9,23,4,9.25,0.0709076735291585,2024,8,5,0,0,0,1,0,0,0,0,0,1,0,0,1,0,0,0,0,1
32,23946.57,5000.0,12,0,0,8.77,0.2087981702598743,2024,11,1,4,0,0,0,1,0,0,1,0,0,0,0,0,0,0,0,1,0
52,40843.65,5000.0,9,21,1,3.87,0.1224180502966801,2024,10,2,2,0,1,0,0,0,0,0,0,0,1,0,0,0,0,0,1,1
31,24365.96,5000.0,6,0,0,9.24,0.2052043096188289,2024,9,24,1,0,1,0,0,0,0,1,0,0,0,0,0,0,0,1,0,1
44,58990.11,5000.0,9,19,1,6.11,0.0847599707815428,2023,3,26,6,1,0,1,0,0,0,0,0,1,0,0,0,0,0,1,0,1
22,39790.8,5000.0,6,3,0,2.28,0.1256571870884727,2023,2,3,4,0,1,0,0,0,0,1,0,0,0,0,0,0,0,0,1,0
22,5874.16,2304.37,9,0,0,5.07,0.3922892805098941,2023,4,23,6,1,0,0,0,1,0,0,0,0,1,1,0,0,0,0,0,0
56,62479.65,5000.0,6,2,0,3.7,0.0800260564839911,2024,10,23,2,0,0,1,0,0,0,0,0,1,0,0,1,0,0,0,0,0
45,65587.77,5000.0,6,2,0,1.78,0.0762337246715355,2023,3,22,2,0,1,0,0,0,1,0,0,0,0,0,0,1,0,0,0,0
55,22583.39,5000.0,3,1,1,3.41,0.2214016584755433,2024,12,22,6,1,0,0,1,0,0,0,0,0,1,1,0,0,0,0,0,1
20,11745.36,4973.29,6,0,0,2.43,0.4234259316019262,2023,2,8,2,0,0,0,0,1,0,0,1,0,0,0,0,0,0,0,1,0
22,8828.88,1482.01,12,4,1,3.37,0.1678593434274789,2023,3,11,5,1,0,0,1,0,0,0,0,0,1,0,1,0,0,0,0,1
56,6410.52,2517.61,6,2,0,1.64,0.3927310109008317,2023,3,1,2,0,0,0,0,1,0,0,0,0,1,0,0,0,0,1,0,1
31,21140.8,5000.0,9,1,0,9.56,0.2365094982214486,2024,11,25,0,0,0,0,1,0,0,0,0,1,0,1,0,0,0,0,0,1
37,10205.44,4012.26,6,25,1,4.87,0.3931491439859526,2023,5,7,6,1,0,0,0,1,1,0,0,0,0,1,0,0,0,0,0,0
44,76254.77,5000.0,3,7,2,3.9,0.06556966862532,2024,8,15,3,0,0,1,0,0,0,1,0,0,0,1,0,0,0,0,0,0
53,46889.8,5000.0,6,20,3,1.98,0.1066329990744255,2024,11,5,1,0,1,0,0,0,0,0,1,0,0,0,0,0,0,0,1,0
18,26250.57,5000.0,3,8,1,8.9,0.1904720545115782,2023,4,11,1,0,0,1,0,0,0,0,0,1,0,1,0,0,0,0,0,0
34,49456.6,5000.0,3,0,0,1.82,0.1010987411184756,2023,3,25,5,1,0,1,0,0,0,0,0,0,1,0,0,0,1,0,0,0
19,33364.12,5000.0,12,6,0,7.46,0.1498615878374733,2024,9,8,6,1,0,1,0,0,0,0,0,1,0,0,0,0,0,0,1,1
36,65489.43,5000.0,6,19,2,9.23,0.0763481984802738,2023,4,21,4,0,0,1,0,0,0,0,0,0,1,0,0,0,1,0,0,1
55,93514.96,5000.0,9,12,1,7.84,0.0534673810479093,2024,8,3,5,1,0,1,0,0,0,1,0,0,0,0,0,0,1,0,0,0
45,43989.05,5000.0,3,17,1,1.61,0.1136646506346465,2023,2,1,2,0,1,0,0,0,0,0,0,0,1,0,0,0,0,1,0,0
53,31217.32,5000.0,12,16,1,5.92,0.1601674967614132,2024,11,10,6,1,1,0,0,0,0,1,0,0,0,0,0,0,0,1,0,1
19,31764.66,3443.71,3,9,2,2.6,0.108413249189508,2023,5,26,4,0,1,0,0,0,0,0,0,1,0,0,1,0,0,0,0,0
56,16744.41,3559.04,12,2,0,1.34,0.2125509349090233,2024,9,6,4,0,0,0,1,0,0,0,0,0,1,1,0,0,0,0,0,1
48,23547.34,100.0,3,12,1,1.6,0.0042467641780345,2024,10,4,4,0,0,0,1,0,1,0,0,0,0,1,0,0,0,0,0,0
54,39300.68,5000.0,6,8,1,8.81,0.1272242617684986,2023,2,19,6,1,1,0,0,0,0,0,1,0,0,0,0,1,0,0,0,1
59,17871.59,5000.0,6,17,2,8.41,0.2797736519246468,2024,8,18,6,1,0,0,1,0,0,0,1,0,0,0,0,1,0,0,0,1
46,9224.64,1187.38,6,17,1,8.05,0.1287183022860513,2024,10,20,6,1,0,0,0,1,0,0,0,0,1,0,0,0,1,0,0,1
21,5000.0,1612.5,9,4,0,3.95,0.3225,2024,9,27,4,0,0,0,0,1,0,0,0,1,0,0,0,0,0,0,1,1
49,5000.0,550.21,3,2,0,3.66,0.110042,2024,12,31,1,0,0,0,1,0,0,0,0,0,1,0,0,1,0,0,0,1
48,6143.35,1673.66,12,1,0,5.98,0.2724344209592486,2023,5,22,0,0,0,0,0,1,0,0,0,1,0,0,1,0,0,0,0,1
58,11906.8,5000.0,3,15,2,1.21,0.4199281083078577,2023,2,13,0,0,0,0,0,1,0,0,0,0,1,1,0,0,0,0,0,1
37,16279.55,5000.0,12,7,1,6.99,0.3071337966958546,2024,7,6,5,1,0,0,1,0,0,0,0,0,1,0,1,0,0,0,0,0
40,6693.36,2516.64,6,14,1,5.53,0.3759905339022553,2024,8,23,4,0,0,0,0,1,0,0,1,0,0,0,0,0,1,0,0,0
57,73399.72,5000.0,6,15,1,2.24,0.0681201508670605,2024,11,27,2,0,0,1,0,0,1,0,0,0,0,0,0,0,1,0,0,0
39,8108.4,1609.88,3,13,2,1.68,0.1985447190567806,2023,6,4,6,1,0,0,0,1,1,0,0,0,0,0,0,1,0,0,0,0
49,16773.11,4485.27,12,2,0,6.76,0.2674083697060354,2023,1,9,0,0,0,0,1,0,0,0,0,1,0,0,0,0,1,0,0,0
32,6826.49,2250.97,3,11,1,3.36,0.3297404669163801,2024,10,11,4,0,0,0,0,1,0,0,0,0,1,0,0,1,0,0,0,1
41,80492.36,100.0,3,11,2,6.72,0.001242353932721,2023,4,16,6,1,0,1,0,0,0,1,0,0,0,0,0,0,0,1,0,0
29,54368.14,5000.0,6,0,0,1.46,0.0919656254563794,2024,11,23,5,1,0,1,0,0,0,0,0,1,0,0,0,0,1,0,0,0
58,47883.28,5000.0,6,3,0,4.01,0.1044205827169734,2023,1,7,5,1,0,1,0,0,0,0,1,0,0,0,0,0,0,1,0,0
32,46990.68,5000.0,3,14,1,5.22,0.1064040784257644,2023,5,31,2,0,1,0,0,0,0,0,0,1,0,0,0,0,1,0,0,0
45,52244.89,5000.0,6,17,2,7.52,0.0957031395797751,2023,5,5,4,0,1,0,0,0,0,1,0,0,0,0,0,0,0,1,0,1
49,33666.26,4135.45,9,9,1,7.25,0.1228366322840731,2024,9,30,0,0,1,0,0,0,1,0,0,0,0,1,0,0,0,0,0,1
30,32910.71,5000.0,6,14,1,5.45,0.1519262270549617,2023,1,15,6,1,1,0,0,0,0,0,0,1,0,0,0,0,0,1,0,0
43,83569.98,5000.0,12,6,2,6.64,0.0598300968840724,2023,3,9,3,0,0,1,0,0,0,0,1,0,0,1,0,0,0,0,0,0
58,95228.97,2787.6,9,1,0,2.96,0.0292726047546245,2023,1,22,6,1,0,1,0,0,0,1,0,0,0,0,0,0,1,0,0,0
55,63584.68,5000.0,3,17,1,4.46,0.0786352939104199,2024,9,4,2,0,1,0,0,0,0,1,0,0,0,0,0,0,0,0,1,1
28,10641.68,5000.0,3,2,0,7.12,0.4698506250892716,2023,2,1,2,0,0,0,1,0,0,0,1,0,0,1,0,0,0,0,0,0
57,13667.24,100.0,6,1,0,4.24,0.0073167662234657,2024,7,14,6,1,0,0,0,1,0,0,0,0,1,0,0,0,0,0,1,0
40,65092.72,5000.0,9,3,0,8.3,0.0768135054119723,2023,3,16,3,0,1,0,0,0,1,0,0,0,0,1,0,0,0,0,0,0
25,9054.49,2171.64,9,11,1,3.28,0.2398412279432635,2024,10,6,6,1,0,0,0,1,1,0,0,0,0,0,0,1,0,0,0,0
50,10611.56,2712.97,6,4,0,1.86,0.2556617500160202,2023,4,4,1,0,0,0,0,1,0,0,1,0,0,0,0,0,0,1,0,0
33,5016.49,502.29,6,14,2,3.76,0.1001277785862226,2023,3,15,2,0,0,0,0,1,0,1,0,0,0,0,0,0,1,0,0,0
49,81493.39,4439.09,6,8,3,4.03,0.0544717798584645,2024,11,18,0,0,0,1,0,0,0,0,0,1,0,0,1,0,0,0,0,0
52,12897.52,2112.96,3,0,1,8.47,0.1638268442305187,2024,11,6,2,0,0,0,0,1,0,0,0,1,0,1,0,0,0,0,0,0
30,5928.2,1768.49,12,14,2,2.64,0.2983182078877231,2024,12,13,4,0,0,0,0,1,1,0,0,0,0,0,0,0,1,0,0,0
53,77507.12,5000.0,9,10,3,3.01,0.0645102024175327,2024,11,28,3,0,1,0,0,0,1,0,0,0,0,1,0,0,0,0,0,1
54,101099.16,5000.0,6,2,0,4.16,0.0494563950877534,2023,3,28,1,0,0,1,0,0,0,0,1,0,0,0,1,0,0,0,0,0
41,10311.55,3083.07,3,0,0,7.3,0.2989919071332632,2023,3,31,4,0,0,0,0,1,0,1,0,0,0,0,0,0,1,0,0,1
55,67070.88,5000.0,6,12,1,3.5,0.0745480005629865,2024,10,30,2,0,1,0,0,0,0,1,0,0,0,0,0,0,1,0,0,0
48,65829.69,5000.0,12,3,0,6.59,0.0759535704937999,2023,2,8,2,0,0,1,0,0,0,0,1,0,0,0,0,0,1,0,0,0
43,101006.9,5000.0,6,10,1,9.48,0.0495015687047122,2024,12,10,1,0,0,1,0,0,0,0,0,1,0,1,0,0,0,0,0,0
29,79290.95,5000.0,3,3,0,4.4,0.0630588989033427,2024,7,16,1,0,1,0,0,0,0,0,1,0,0,0,0,0,0,0,1,0
53,34972.72,5000.0,6,1,0,5.11,0.1429685766506008,2023,6,7,2,0,0,1,0,0,0,1,0,0,0,0,0,1,0,0,0,0
51,16489.48,3375.6,6,0,0,9.28,0.2047123378056797,2024,8,4,6,1,0,0,0,1,0,0,0,0,1,1,0,0,0,0,0,1
40,51120.14,512.1,9,15,2,2.55,0.0100175781991207,2023,1,4,2,0,1,0,0,0,0,0,1,0,0,1,0,0,0,0,0,1
34,7305.61,1793.86,6,3,0,6.65,0.2455455465046724,2024,10,15,1,0,0,0,0,1,0,1,0,0,0,0,0,1,0,0,0,1
44,13430.04,3895.04,6,1,0,6.73,0.290024452644966,2023,5,22,0,0,0,0,0,1,0,0,0,0,1,0,0,0,0,0,1,0
58,16387.51,5000.0,9,3,0,7.8,0.3051104164085941,2024,12,31,1,0,0,0,0,1,0,0,0,0,1,0,0,1,0,0,0,0
45,15733.37,4193.87,3,17,2,9.54,0.2665589126805001,2023,1,20,4,0,0,0,0,1,0,0,0,1,0,0,0,0,0,1,0,1
55,28758.87,5000.0,3,9,1,7.04,0.1738594040725522,2024,11,29,4,0,0,0,1,0,0,0,0,1,0,0,1,0,0,0,0,0
38,68666.7,5000.0,9,11,1,6.87,0.0728154986332531,2024,9,3,1,0,1,0,0,0,0,1,0,0,0,0,0,0,0,1,0,0
23,5623.01,2074.46,6,0,0,2.76,0.36892340579156,2024,9,5,3,0,0,0,0,1,1,0,0,0,0,1,0,0,0,0,0,0
48,49250.54,5000.0,3,7,1,9.32,0.1015217295079404,2023,3,20,0,0,1,0,0,0,0,0,1,0,0,0,0,1,0,0,0,0
59,55300.16,5000.0,6,12,2,7.36,0.0904156516002847,2023,1,13,4,0,1,0,0,0,0,1,0,0,0,0,0,0,0,1,0,0
34,6776.25,1018.54,6,5,0,8.12,0.1503102748570374,2024,7,30,1,0,0,0,0,1,0,0,0,0,1,0,0,1,0,0,0,1
56,52492.23,5000.0,9,21,3,8.17,0.0952521925625945,2024,12,7,5,1,0,1,0,0,1,0,0,0,0,0,0,1,0,0,0,1
31,53272.09,5000.0,12,8,1,1.36,0.0938577780597682,2024,7,25,3,0,0,1,0,0,1,0,0,0,0,0,0,0,0,1,0,0
49,20184.19,2546.01,6,9,1,7.65,0.1261388244958059,2023,5,23,1,0,0,0,1,0,0,0,0,0,1,0,0,0,0,0,1,1
47,36877.82,5000.0,3,19,1,3.78,0.1355828516978498,2023,5,2,1,0,1,0,0,0,0,0,1,0,0,1,0,0,0,0,0,0
30,51328.16,5000.0,9,9,1,4.34,0.0974124145498299,2023,6,16,4,0,0,1,0,0,0,0,1,0,0,1,0,0,0,0,0,0
32,12068.2,2792.04,6,14,2,3.5,0.2313551316683515,2023,2,15,2,0,0,0,1,0,0,0,1,0,0,1,0,0,0,0,0,0
47,15847.02,5000.0,3,2,0,9.42,0.3155167343765578,2023,5,11,3,0,0,0,0,1,0,0,1,0,0,0,0,1,0,0,0,0
41,78622.5,5000.0,6,3,1,5.19,0.0635950268688988,2024,11,25,0,0,1,0,0,0,0,1,0,0,0,1,0,0,0,0,0,0
28,17784.59,4545.45,3,3,0,5.9,0.2555836260492932,2023,3,18,5,1,0,0,1,0,0,0,1,0,0,0,0,0,1,0,0,1
52,15248.25,4189.61,12,13,1,5.18,0.2747600544324758,2023,6,26,0,0,0,0,0,1,0,1,0,0,0,0,0,0,0,1,0,0
33,24939.68,5000.0,6,11,1,7.49,0.2004837271368357,2023,2,23,3,0,0,0,1,0,0,0,0,0,1,0,1,0,0,0,0,0
33,85979.39,5000.0,9,12,2,5.32,0.0581534714307696,2023,4,25,1,0,0,1,0,0,0,1,0,0,0,0,0,0,0,0,1,0
41,82095.63,5000.0,12,0,0,3.99,0.0609045816446015,2023,2,21,1,0,1,0,0,0,0,0,1,0,0,0,0,0,0,0,1,0
34,71301.14,5000.0,9,1,0,3.36,0.0701251059940977,2024,7,7,6,1,0,1,0,0,0,0,1,0,0,0,1,0,0,0,0,0
24,5000.0,896.45,12,0,0,8.11,0.17929,2024,12,12,3,0,0,1,0,0,0,1,0,0,0,0,0,0,0,1,0,1
31,20136.17,5000.0,6,13,1,9.84,0.2483093855484931,2023,4,11,1,0,0,0,1,0,0,0,0,0,1,0,0,0,1,0,0,0
34,11471.72,3451.55,12,0,0,1.57,0.3008746726733219,2023,6,27,1,0,0,0,0,1,0,0,1,0,0,0,1,0,0,0,0,0
59,76230.33,5000.0,9,0,0,3.85,0.0655906907394996,2024,11,5,1,0,0,1,0,0,0,0,0,0,1,0,0,0,0,1,0,0
46,15822.74,5000.0,3,17,2,1.8,0.3160008949145344,2024,7,10,2,0,0,0,0,1,0,1,0,0,0,1,0,0,0,0,0,0
23,5000.0,364.58,9,15,1,2.9,0.072916,2023,1,22,6,1,0,0,0,1,0,0,0,1,0,0,0,0,0,1,0,0
22,44941.81,5000.0,6,2,1,3.48,0.111254976156946,2023,6,13,1,0,0,1,0,0,0,0,1,0,0,0,0,0,1,0,0,0
55,46466.23,5000.0,3,19,1,4.41,0.1076050284260203,2024,8,24,5,1,1,0,0,0,0,0,0,1,0,0,0,0,0,0,1,1
42,13446.38,5000.0,6,1,0,3.89,0.3718472927286005,2023,6,24,5,1,0,0,1,0,0,0,0,0,1,0,1,0,0,0,0,1
45,65833.3,5000.0,12,10,1,1.59,0.0759494055440028,2024,11,26,1,0,1,0,0,0,0,0,0,0,1,0,0,1,0,0,0,0
57,103860.69,5000.0,9,6,2,5.0,0.0481414094206383,2023,1,15,6,1,0,1,0,0,0,1,0,0,0,0,1,0,0,0,0,0
24,29284.2,5000.0,9,9,2,3.65,0.1707405358520977,2023,2,26,6,1,0,1,0,0,0,1,0,0,0,0,0,0,1,0,0,0
30,61198.4,5000.0,9,10,1,2.0,0.0817014823916965,2023,1,6,4,0,1,0,0,0,1,0,0,0,0,0,1,0,0,0,0,0
33,5000.0,455.56,6,12,2,5.77,0.091112,2023,6,20,1,0,0,0,1,0,0,0,0,1,0,0,0,0,0,1,0,0
46,46791.78,5000.0,9,16,1,7.34,0.1068563752009434,2024,12,30,0,0,1,0,0,0,0,0,1,0,0,0,1,0,0,0,0,1
51,9768.97,3376.2,12,16,2,9.66,0.3456045007815563,2024,8,26,0,0,0,0,0,1,0,1,0,0,0,0,0,1,0,0,0,0
55,14722.76,155.88,3,1,0,6.58,0.0105876887214082,2023,1,17,1,0,0,0,0,1,0,1,0,0,0,0,1,0,0,0,0,0
53,49085.36,5000.0,12,19,2,7.5,0.101863366184948,2023,6,3,5,1,0,1,0,0,0,0,1,0,0,0,0,0,0,0,1,1
56,17298.78,5000.0,6,5,1,2.19,0.2890377240475918,2023,3,26,6,1,0,0,1,0,0,0,1,0,0,0,0,0,0,1,0,1
56,44774.94,5000.0,12,3,0,6.41,0.1116696080441425,2024,10,14,0,0,0,1,0,0,0,1,0,0,0,1,0,0,0,0,0,0
37,6645.34,3033.73,12,8,1,5.05,0.4565199071830786,2023,6,30,4,0,0,0,1,0,0,0,0,0,1,1,0,0,0,0,0,0
41,24786.2,2216.04,6,0,0,5.53,0.0894062018381195,2024,7,11,3,0,1,0,0,0,0,0,0,0,1,0,1,0,0,0,0,0
47,71389.96,5000.0,9,2,0,2.42,0.0700378596654207,2023,6,20,1,0,0,1,0,0,0,0,0,1,0,0,0,0,0,0,1,0
34,9021.54,3034.84,3,13,2,4.94,0.3363993287177134,2024,7,2,1,0,0,0,0,1,0,1,0,0,0,1,0,0,0,0,0,0
25,49086.57,5000.0,3,21,1,5.6,0.101860855219666,2023,5,5,4,0,1,0,0,0,0,1,0,0,0,0,1,0,0,0,0,1
37,35986.58,5000.0,6,4,0,1.41,0.1389406828878987,2024,8,6,1,0,1,0,0,0,0,0,1,0,0,0,0,0,0,1,0,1
37,9553.87,2615.48,9,8,1,7.9,0.273761313478203,2024,10,3,3,0,0,0,0,1,0,0,1,0,0,0,1,0,0,0,0,0
45,13507.16,5000.0,9,17,3,4.19,0.3701740410271293,2024,10,31,3,0,0,0,0,1,1,0,0,0,0,1,0,0,0,0,0,1
29,9408.51,2933.94,3,3,0,8.12,0.3118389628113271,2024,12,17,1,0,0,0,0,1,0,0,0,1,0,0,0,0,1,0,0,1
23,8768.38,1677.63,9,14,1,1.66,0.1913272463100367,2024,9,13,4,0,0,0,0,1,1,0,0,0,0,0,0,1,0,0,0,0
40,11561.86,800.05,12,21,1,9.05,0.0691973436799961,2023,2,16,3,0,0,0,0,1,0,0,0,1,0,0,0,0,1,0,0,0
28,66542.84,5000.0,12,15,1,9.51,0.0751395642265944,2024,10,16,2,0,1,0,0,0,0,0,0,0,1,0,0,0,0,0,1,0
36,54590.9,100.0,3,15,1,7.3,0.0018318071326906,2024,11,29,4,0,1,0,0,0,0,0,0,1,0,0,0,0,0,0,1,1
34,39109.26,5000.0,3,5,0,2.99,0.127846960029415,2023,4,17,0,0,0,1,0,0,0,0,0,1,0,0,0,0,0,1,0,0
26,39008.1,5000.0,12,5,2,6.84,0.1281785065153134,2023,4,15,5,1,1,0,0,0,0,0,0,0,1,0,0,1,0,0,0,0
52,51071.42,100.0,9,12,1,8.97,0.0019580422866644,2024,10,10,3,0,1,0,0,0,0,0,0,1,0,1,0,0,0,0,0,1
52,12166.32,2452.26,9,9,1,1.19,0.2015613595565463,2024,10,28,0,0,0,0,0,1,0,1,0,0,0,0,0,0,1,0,0,0
35,43613.2,5000.0,9,12,1,9.41,0.1146441902910128,2023,3,20,0,0,0,1,0,0,1,0,0,0,0,0,0,1,0,0,0,0
39,58522.0,5000.0,12,8,1,9.35,0.0854379549571101,2024,9,15,6,1,0,1,0,0,0,0,0,0,1,0,0,0,0,0,1,1
43,65813.65,5000.0,12,6,1,8.27,0.0759720817793877,2023,1,4,2,0,0,1,0,0,0,0,1,0,0,0,1,0,0,0,0,0
56,62250.62,5000.0,12,11,1,4.41,0.0803204851614329,2024,7,7,6,1,0,1,0,0,0,0,1,0,0,0,0,0,0,0,1,0
41,13330.47,1030.38,6,1,0,1.77,0.0772950991225365,2024,9,23,0,0,0,0,0,1,0,0,0,0,1,0,0,0,0,0,1,0
38,20474.14,1974.5,6,0,0,2.34,0.0964387270967181,2023,3,8,2,0,0,0,0,1,1,0,0,0,0,0,0,0,0,0,1,1
28,13241.04,2180.81,9,26,1,2.6,0.1647008089998972,2023,5,10,2,0,0,0,0,1,0,0,1,0,0,0,0,0,0,0,1,1
34,54372.3,5000.0,3,17,2,5.14,0.0919585892081078,2023,4,29,5,1,0,0,1,0,0,0,1,0,0,1,0,0,0,0,0,0
22,6144.83,2228.38,3,19,1,4.17,0.3626430674241598,2023,5,8,0,0,0,0,0,1,1,0,0,0,0,0,1,0,0,0,0,1
19,51363.22,5000.0,6,2,0,1.76,0.0973459218483576,2023,4,11,1,0,0,1,0,0,0,0,0,1,0,0,0,1,0,0,0,1
45,8908.47,4533.26,9,2,0,7.09,0.5088707712996733,2023,1,8,6,1,0,0,1,0,0,0,0,0,1,0,0,1,0,0,0,1
55,7627.29,833.25,9,3,1,7.75,0.1092458789425864,2023,3,4,5,1,0,0,0,1,0,0,1,0,0,0,0,0,0,0,1,0
59,22723.33,5000.0,9,5,0,5.93,0.220038172222117,2023,6,2,4,0,1,0,0,0,0,0,0,0,1,0,1,0,0,0,0,0
43,95286.29,5000.0,6,15,1,2.24,0.0524734460749809,2023,5,28,6,1,1,0,0,0,0,0,0,0,1,0,0,0,1,0,0,0
53,64391.16,5000.0,9,3,1,7.04,0.077650410397949,2023,3,27,0,0,1,0,0,0,0,0,0,1,0,0,0,0,0,0,1,0
49,46229.25,5000.0,9,11,1,3.07,0.1081566324350925,2023,3,21,1,0,1,0,0,0,0,0,1,0,0,1,0,0,0,0,0,1
54,18262.89,4712.99,6,2,0,2.13,0.2580637566124529,2024,11,12,1,0,0,0,0,1,0,0,0,1,0,0,0,0,0,0,1,1
40,8834.98,2038.44,9,4,0,2.07,0.2307237820572316,2024,9,27,4,0,0,0,0,1,0,0,1,0,0,0,1,0,0,0,0,1
43,27492.23,5000.0,6,5,1,2.68,0.1818695682380076,2023,5,17,2,0,0,0,1,0,1,0,0,0,0,0,0,0,0,0,1,0
57,48613.72,5000.0,12,0,0,8.59,0.1028516229574696,2024,10,14,0,0,0,1,0,0,0,1,0,0,0,0,1,0,0,0,0,0
51,75338.58,5000.0,9,12,2,9.05,0.0663670592145485,2024,11,4,0,0,1,0,0,0,1,0,0,0,0,0,0,0,1,0,0,0
54,71493.87,5000.0,3,11,1,6.37,0.0699360658473237,2024,7,9,1,0,0,1,0,0,0,1,0,0,0,1,0,0,0,0,0,0
32,5000.0,100.0,12,4,0,5.2,0.02,2023,2,25,5,1,0,0,0,1,0,0,1,0,0,0,0,0,0,0,1,1
33,48645.3,5000.0,9,11,1,4.23,0.1027848528018123,2024,9,8,6,1,1,0,0,0,0,0,1,0,0,0,0,0,0,1,0,0
26,52272.03,5000.0,6,2,0,5.5,0.0956534498468875,2024,7,17,2,0,1,0,0,0,0,0,1,0,0,0,0,0,1,0,0,0
34,10117.82,3653.46,6,21,2,7.11,0.3610916185502411,2023,1,1,6,1,0,0,0,1,1,0,0,0,0,0,0,0,0,1,0,1
24,52509.45,5000.0,3,4,0,8.78,0.0952209554661113,2024,11,7,3,0,0,1,0,0,0,0,0,0,1,1,0,0,0,0,0,0
51,25429.2,5000.0,12,1,0,3.44,0.1966243531058782,2023,1,17,1,0,0,0,1,0,0,1,0,0,0,0,0,0,0,0,1,1
50,10253.18,3568.12,6,6,1,1.74,0.3480013030103831,2023,1,20,4,0,0,0,0,1,0,1,0,0,0,0,0,0,0,1,0,1
58,18512.29,5000.0,3,18,2,6.63,0.2700908423539173,2023,4,4,1,0,0,0,1,0,0,0,1,0,0,0,0,0,0,1,0,1
33,50992.65,4323.26,12,25,3,4.15,0.0847820225071652,2023,4,22,5,1,1,0,0,0,0,0,1,0,0,0,0,0,0,0,1,1
35,59372.89,5000.0,3,0,1,8.72,0.0842135189983172,2024,11,24,6,1,0,1,0,0,0,1,0,0,0,0,0,0,0,1,0,0
59,20658.59,3088.02,6,16,1,2.67,0.1494787398365522,2023,4,22,5,1,0,0,1,0,0,0,1,0,0,1,0,0,0,0,0,1
38,10117.73,3044.61,6,4,0,9.07,0.3009182889837938,2024,12,9,0,0,0,0,0,1,0,0,0,0,1,0,0,0,1,0,0,0
40,44452.23,5000.0,6,1,0,5.8,0.1124802962641019,2024,10,28,0,0,1,0,0,0,0,0,0,0,1,0,0,0,1,0,0,1
55,54956.53,5000.0,12,19,2,6.83,0.0909809989822865,2023,4,25,1,0,0,1,0,0,0,0,0,0,1,0,0,0,1,0,0,1
42,44897.49,5000.0,9,6,1,5.1,0.1113648001257976,2024,10,9,2,0,1,0,0,0,0,1,0,0,0,0,0,1,0,0,0,1
48,9178.49,1635.03,12,14,2,2.42,0.1781371445629945,2024,12,10,1,0,1,0,0,0,0,0,1,0,0,0,0,0,1,0,0,0
18,35760.92,5000.0,6,11,2,9.45,0.1398174319900047,2024,12,21,5,1,1,0,0,0,0,0,0,0,1,0,0,0,0,1,0,0
27,57167.21,5000.0,9,2,0,7.0,0.0874627255729289,2023,2,7,1,0,1,0,0,0,1,0,0,0,0,1,0,0,0,0,0,0
18,12546.15,5000.0,6,12,2,6.5,0.3985286322895868,2023,1,25,2,0,0,0,1,0,0,1,0,0,0,0,0,0,1,0,0,0
36,43914.61,4564.17,3,13,2,8.51,0.1039328369305796,2024,8,29,3,0,0,1,0,0,1,0,0,0,0,1,0,0,0,0,0,0
53,16753.38,3545.42,6,15,2,1.88,0.21162416181093,2023,1,31,1,0,0,0,1,0,0,1,0,0,0,0,0,0,1,0,0,0
34,14048.27,3715.82,6,17,1,8.65,0.2645037431655285,2023,1,24,1,0,0,0,0,1,0,0,0,1,0,0,0,0,0,1,0,0
53,10380.77,3950.06,6,11,1,4.06,0.3805170522032566,2024,11,24,6,1,0,0,0,1,1,0,0,0,0,0,0,0,0,0,1,0
51,43523.42,5000.0,9,0,0,2.67,0.1148806780349522,2023,3,24,4,0,0,1,0,0,0,0,0,1,0,0,0,0,0,0,1,0
21,11079.68,3865.82,3,10,1,9.1,0.3489107988678373,2023,5,31,2,0,0,0,1,0,0,0,0,1,0,0,0,0,0,1,0,1
53,14503.78,4852.7,9,3,0,2.04,0.3345817435178967,2023,6,22,3,0,0,0,0,1,0,0,0,1,0,0,0,1,0,0,0,0
35,41488.13,5000.0,9,1,0,2.05,0.1205163983047681,2024,8,11,6,1,0,1,0,0,1,0,0,0,0,0,0,0,1,0,0,1
54,26284.55,5000.0,12,11,2,9.59,0.1902258170674407,2024,10,16,2,0,0,0,1,0,0,0,0,0,1,1,0,0,0,0,0,0
32,54375.44,5000.0,6,13,2,7.66,0.0919532789068005,2024,11,25,0,0,0,1,0,0,0,0,0,0,1,1,0,0,0,0,0,1
53,102446.0,5000.0,12,0,0,3.88,0.0488062003396911,2023,1,16,0,0,0,1,0,0,1,0,0,0,0,0,0,1,0,0,0,0
39,54244.59,5000.0,12,13,2,1.38,0.0921750906403753,2023,6,25,6,1,0,1,0,0,0,0,1,0,0,0,0,0,1,0,0,0
32,5000.0,202.75,6,17,5,1.38,0.04055,2023,3,6,0,0,0,0,0,1,0,0,0,1,0,0,0,0,0,1,0,1
53,23492.12,3415.43,12,2,0,1.39,0.1453861975845517,2024,12,23,0,0,0,1,0,0,0,1,0,0,0,1,0,0,0,0,0,1
30,7244.47,1787.74,9,17,3,3.85,0.2467730558619195,2024,8,27,1,0,0,0,0,1,0,0,0,1,0,0,1,0,0,0,0,1
46,16532.11,3400.04,6,13,1,3.05,0.2056627980336448,2023,2,25,5,1,0,0,1,0,0,1,0,0,0,0,0,0,0,0,1,1
37,67152.49,5000.0,6,2,0,1.59,0.0744574028453747,2024,7,20,5,1,0,1,0,0,1,0,0,0,0,0,0,0,0,1,0,0
53,7384.56,1048.99,6,8,1,5.73,0.1420517945551258,2024,12,17,1,0,0,0,0,1,0,0,0,0,1,0,0,0,0,0,1,1
26,60473.35,5000.0,3,13,2,2.48,0.0826810487594948,2023,3,17,4,0,1,0,0,0,1,0,0,0,0,0,0,0,0,1,0,1
26,56839.89,5000.0,12,12,1,6.72,0.0879663912087092,2024,7,17,2,0,0,1,0,0,0,1,0,0,0,0,1,0,0,0,0,0
27,50624.89,5000.0,9,1,1,7.11,0.0987656467006644,2023,6,14,2,0,1,0,0,0,0,0,0,0,1,0,0,0,0,1,0,0
39,26357.25,4690.81,9,1,0,9.96,0.1779703876542507,2023,3,1,2,0,0,0,1,0,0,0,0,0,1,0,0,0,0,1,0,0
57,11225.5,3883.86,12,12,1,1.24,0.3459854794886642,2023,3,8,2,0,0,0,1,0,1,0,0,0,0,0,1,0,0,0,0,0
34,87102.76,5000.0,12,10,3,3.05,0.0574034623013093,2023,4,6,3,0,0,1,0,0,0,0,0,0,1,0,0,0,0,1,0,0
53,20776.21,5000.0,3,14,1,6.23,0.2406598701110549,2024,12,9,0,0,0,0,1,0,0,0,0,0,1,0,0,1,0,0,0,1
58,37588.77,5000.0,3,17,1,9.7,0.133018452053632,2024,10,9,2,0,1,0,0,0,0,0,1,0,0,0,0,0,0,0,1,1
39,18255.8,4625.47,12,20,3,5.53,0.253369887926029,2023,3,29,2,0,0,0,1,0,0,1,0,0,0,0,0,0,0,1,0,1
24,33584.28,5000.0,9,2,0,4.79,0.1488791779963721,2024,12,25,2,0,1,0,0,0,1,0,0,0,0,1,0,0,0,0,0,0
48,121134.47,5000.0,9,0,0,5.56,0.0412764426178609,2024,8,22,3,0,0,1,0,0,0,1,0,0,0,0,0,1,0,0,0,0
21,9072.97,1517.69,6,15,1,8.54,0.1672759857025869,2024,8,25,6,1,0,0,0,1,0,0,1,0,0,1,0,0,0,0,0,0
26,48544.37,5000.0,3,16,1,3.49,0.1029985557542512,2023,4,29,5,1,1,0,0,0,0,0,1,0,0,0,0,0,0,1,0,1
19,32831.07,5000.0,12,15,2,9.3,0.1522947622480778,2023,1,21,5,1,1,0,0,0,0,1,0,0,0,0,0,1,0,0,0,0
18,8475.04,2636.2,12,10,2,1.99,0.3110545790934319,2024,9,10,1,0,0,0,0,1,0,0,1,0,0,0,0,0,1,0,0,0
36,51493.33,5000.0,3,12,1,4.22,0.0970999544989613,2023,1,2,0,0,1,0,0,0,0,0,1,0,0,1,0,0,0,0,0,0
58,51319.83,5000.0,3,19,1,5.19,0.0974282260872649,2024,7,1,0,0,1,0,0,0,0,0,1,0,0,0,0,1,0,0,0,1
34,7066.16,2654.75,6,1,0,8.1,0.3756991067284069,2024,12,12,3,0,0,0,1,0,0,0,0,0,1,0,0,0,0,0,1,0
52,18171.75,5000.0,6,6,1,4.3,0.2751523656224634,2023,6,26,0,0,0,0,0,1,0,1,0,0,0,0,0,0,1,0,0,0
37,15152.82,5000.0,9,0,0,1.92,0.3299715828472851,2024,8,13,1,0,0,0,1,0,0,0,1,0,0,1,0,0,0,0,0,1
43,21110.96,2916.95,12,11,1,4.88,0.138172304812287,2024,10,8,1,0,0,0,0,1,0,1,0,0,0,0,0,0,1,0,0,0
38,42504.88,5000.0,6,3,0,2.18,0.1176335517239432,2024,10,28,0,0,0,1,0,0,1,0,0,0,0,0,0,0,0,0,1,0
26,87280.52,5000.0,6,4,1,2.99,0.0572865514550096,2024,12,25,2,0,0,1,0,0,0,1,0,0,0,0,0,0,0,0,1,0
19,61325.71,5000.0,12,3,0,2.97,0.0815318730105203,2023,4,8,5,1,0,1,0,0,0,1,0,0,0,0,0,0,0,0,1,0
25,15591.26,5000.0,9,14,1,9.2,0.3206924905363646,2023,3,4,5,1,0,0,0,1,0,0,1,0,0,1,0,0,0,0,0,1
58,54596.9,5000.0,3,0,0,5.81,0.0915802911886938,2023,2,26,6,1,1,0,0,0,0,0,1,0,0,0,1,0,0,0,0,1
57,13886.95,2979.38,3,1,0,9.98,0.2145453105253493,2024,9,5,3,0,0,0,0,1,0,0,0,1,0,1,0,0,0,0,0,0
40,72208.42,5000.0,3,6,0,2.15,0.0692440022922534,2023,1,3,1,0,0,1,0,0,0,0,0,1,0,0,0,0,0,0,1,0
38,39459.22,5000.0,6,4,0,4.07,0.1267130977246889,2024,8,12,0,0,1,0,0,0,1,0,0,0,0,0,0,0,0,1,0,0
20,58743.19,5000.0,12,17,3,2.27,0.0851162492196967,2023,2,23,3,0,0,1,0,0,0,1,0,0,0,0,0,0,1,0,0,1
46,51034.72,5000.0,12,0,0,3.96,0.0979725175331617,2024,9,14,5,1,0,1,0,0,0,0,0,1,0,0,0,0,0,1,0,0
26,64001.34,5000.0,3,10,1,2.14,0.0781233642920601,2024,9,8,6,1,1,0,0,0,0,0,1,0,0,1,0,0,0,0,0,0
44,11284.51,4205.07,9,14,1,7.59,0.3726409033267727,2023,4,14,4,0,0,0,1,0,0,1,0,0,0,1,0,0,0,0,0,0
58,74913.66,5000.0,12,5,0,8.74,0.0667435017859226,2023,6,10,5,1,1,0,0,0,0,0,1,0,0,0,0,0,0,1,0,0
58,101879.55,5000.0,9,7,1,8.58,0.0490775626708205,2024,10,6,6,1,0,1,0,0,1,0,0,0,0,1,0,0,0,0,0,0
40,27513.52,412.59,6,13,1,6.8,0.0149959001974302,2023,2,26,6,1,1,0,0,0,0,0,1,0,0,0,1,0,0,0,0,0
51,11775.35,1012.55,6,1,0,8.02,0.0859889514961338,2023,5,29,0,0,0,0,1,0,0,0,1,0,0,0,0,0,0,1,0,1
39,84788.68,5000.0,12,10,2,1.84,0.0589701361077917,2023,1,6,4,0,0,1,0,0,0,0,1,0,0,1,0,0,0,0,0,0
37,40161.67,5000.0,12,27,4,6.64,0.1244968149979819,2024,8,13,1,0,1,0,0,0,0,0,0,1,0,0,0,0,0,0,1,1
31,19216.36,4614.13,9,5,2,8.34,0.240114673122277,2024,12,26,3,0,0,0,0,1,0,1,0,0,0,1,0,0,0,0,0,0
30,16431.65,5000.0,9,0,0,9.56,0.3042908046361747,2024,10,26,5,1,0,0,0,1,0,0,0,1,0,0,0,0,0,0,1,1
43,68546.27,100.0,3,14,1,5.88,0.0014588685861389,2023,1,25,2,0,1,0,0,0,0,0,0,0,1,0,0,0,1,0,0,0
55,59449.58,5000.0,12,1,1,8.18,0.0841048834995974,2024,7,18,3,0,1,0,0,0,0,0,0,1,0,0,0,0,0,0,1,0
40,67464.46,5000.0,6,1,0,3.36,0.0741130959915783,2024,7,10,2,0,0,1,0,0,0,0,0,1,0,0,1,0,0,0,0,0
48,54925.23,5000.0,12,0,0,9.31,0.0910328459252696,2023,4,26,2,0,1,0,0,0,0,0,0,0,1,0,0,0,1,0,0,0
25,8761.88,1723.46,3,13,1,4.07,0.1966997950211598,2024,12,4,2,0,0,0,0,1,0,0,1,0,0,0,0,0,0,0,1,1
47,12903.45,2746.05,3,0,0,4.42,0.2128151773362938,2023,2,4,5,1,0,0,0,1,0,1,0,0,0,1,0,0,0,0,0,1
25,20761.17,5000.0,12,15,1,8.47,0.240834211174033,2024,8,12,0,0,0,0,1,0,0,0,0,0,1,1,0,0,0,0,0,1
19,39745.22,5000.0,9,1,0,2.84,0.1258012913250951,2023,4,1,5,1,1,0,0,0,1,0,0,0,0,0,0,0,0,1,0,1
24,51613.36,5000.0,9,13,1,5.51,0.0968741426638374,2024,7,28,6,1,0,1,0,0,1,0,0,0,0,0,0,1,0,0,0,0
50,18183.27,5000.0,12,15,2,8.33,0.2749780430032661,2023,6,9,4,0,0,0,1,0,1,0,0,0,0,0,0,0,0,0,1,1
52,33308.64,100.0,9,3,0,4.58,0.0030022240475744,2023,4,2,6,1,0,1,0,0,0,0,1,0,0,0,0,1,0,0,0,1
38,38150.66,3600.42,12,21,2,6.69,0.0943737277415384,2023,6,7,2,0,0,1,0,0,0,0,1,0,0,1,0,0,0,0,0,1
18,33647.71,5000.0,6,14,1,6.47,0.1485985227523656,2024,9,5,3,0,1,0,0,0,0,1,0,0,0,0,0,0,0,1,0,1
56,7685.51,4660.3,12,8,2,5.98,0.6063748534580008,2023,3,18,5,1,0,0,0,1,0,0,0,1,0,0,0,0,0,0,1,0
38,68424.36,5000.0,9,17,4,4.8,0.0730733908216313,2023,5,5,4,0,1,0,0,0,0,1,0,0,0,0,0,1,0,0,0,1
37,53312.88,5000.0,6,0,0,5.6,0.0937859669183131,2024,8,18,6,1,1,0,0,0,0,1,0,0,0,0,0,0,0,0,1,0
35,13889.78,4626.11,3,13,1,7.51,0.3330585509633701,2023,3,5,6,1,0,0,0,1,0,0,0,0,1,0,0,0,1,0,0,0
52,18501.07,5000.0,3,15,1,3.24,0.270254639326266,2023,3,21,1,0,0,0,0,1,0,1,0,0,0,1,0,0,0,0,0,1
57,52259.75,5000.0,3,0,0,2.11,0.0956759265017532,2024,10,6,6,1,0,1,0,0,0,1,0,0,0,0,1,0,0,0,0,0
39,56901.43,5000.0,9,3,0,5.67,0.087871253850738,2023,2,17,4,0,0,1,0,0,0,0,0,0,1,0,0,0,1,0,0,0
28,9101.16,5000.0,3,17,1,2.76,0.5493805185273086,2024,10,8,1,0,0,0,1,0,0,0,0,1,0,0,0,1,0,0,0,1
47,19749.74,5000.0,3,18,1,9.41,0.2531678898051316,2023,3,7,1,0,0,0,1,0,0,0,0,1,0,1,0,0,0,0,0,1
33,55396.64,5000.0,6,11,1,9.53,0.0902581817236568,2024,9,7,5,1,1,0,0,0,1,0,0,0,0,0,0,0,0,1,0,0
53,80684.32,5000.0,12,0,0,3.31,0.0619699093950348,2024,11,11,0,0,1,0,0,0,1,0,0,0,0,1,0,0,0,0,0,0
59,38191.5,5000.0,3,19,2,9.95,0.1309191835879711,2024,12,29,6,1,1,0,0,0,0,1,0,0,0,0,0,0,0,1,0,1
35,59687.21,5000.0,3,18,1,4.41,0.0837700405162178,2024,8,2,4,0,0,1,0,0,1,0,0,0,0,0,1,0,0,0,0,0
28,5000.0,1905.5,9,18,2,1.17,0.3811,2023,4,22,5,1,0,0,0,1,0,0,1,0,0,1,0,0,0,0,0,1
57,10375.57,1884.58,12,12,1,3.07,0.1816362860064555,2024,10,18,4,0,0,0,0,1,0,0,0,1,0,0,0,0,1,0,0,1
38,17286.06,3588.71,3,22,3,8.35,0.2076071701706461,2023,4,24,0,0,0,0,1,0,1,0,0,0,0,1,0,0,0,0,0,1
44,21624.84,2937.62,3,0,0,1.06,0.1358447045157328,2023,3,31,4,0,0,0,1,0,0,0,0,1,0,0,0,1,0,0,0,1
43,24803.26,3622.64,12,3,1,1.21,0.1460549943838028,2023,4,7,4,0,0,0,1,0,0,0,0,0,1,0,1,0,0,0,0,1
36,34709.09,5000.0,3,12,1,3.64,0.1440544825577392,2023,3,5,6,1,1,0,0,0,0,1,0,0,0,0,0,1,0,0,0,1
35,15325.93,5000.0,12,0,0,4.53,0.3262444758654124,2024,10,3,3,0,0,0,0,1,0,0,0,1,0,0,0,1,0,0,0,1
41,34335.97,3673.83,3,1,0,2.07,0.106996540362774,2023,2,19,6,1,0,0,1,0,0,0,0,0,1,0,0,0,1,0,0,1
25,12248.55,1624.7,12,3,0,7.13,0.1326442721791559,2024,9,13,4,0,0,0,0,1,1,0,0,0,0,0,0,0,0,1,0,0
39,17531.91,3282.93,9,10,1,1.93,0.1872545546948393,2024,8,18,6,1,0,0,1,0,0,0,0,1,0,0,0,0,0,0,1,0
47,95054.71,5000.0,3,2,0,4.14,0.0526012861435272,2023,5,21,6,1,1,0,0,0,0,0,1,0,0,1,0,0,0,0,0,0
53,14106.22,4365.48,3,16,1,5.66,0.3094719917880197,2024,12,10,1,0,0,0,1,0,0,0,1,0,0,0,0,0,0,0,1,0
53,9694.89,3919.03,3,0,0,9.47,0.4042366648822215,2023,1,20,4,0,0,0,0,1,1,0,0,0,0,0,1,0,0,0,0,0
56,68145.25,5000.0,9,5,1,9.81,0.0733726855503501,2024,12,4,2,0,1,0,0,0,1,0,0,0,0,1,0,0,0,0,0,0
56,37115.47,5000.0,3,2,0,2.91,0.1347147159930886,2023,3,21,1,0,1,0,0,0,1,0,0,0,0,0,0,1,0,0,0,0
21,11071.04,4379.15,12,21,4,6.94,0.395550011561696,2023,4,3,0,0,0,0,0,1,0,0,0,0,1,1,0,0,0,0,0,1
34,64516.58,4396.88,9,9,1,5.54,0.0681511636233662,2024,11,26,1,0,0,1,0,0,0,1,0,0,0,0,0,0,0,0,1,0
58,21407.17,5000.0,6,3,1,9.51,0.2335666040863879,2024,12,16,0,0,0,0,1,0,0,0,1,0,0,0,1,0,0,0,0,0
26,23570.84,5000.0,12,19,1,5.9,0.2121265088558575,2023,5,23,1,0,0,0,1,0,0,0,1,0,0,0,0,0,1,0,0,1
20,29741.42,5000.0,3,2,0,1.51,0.1681157120271998,2024,10,29,1,0,0,1,0,0,0,0,1,0,0,0,0,0,0,1,0,0
36,58796.11,5000.0,12,15,1,5.89,0.0850396395271728,2024,8,13,1,0,1,0,0,0,0,0,0,0,1,0,0,0,0,1,0,0
21,31286.3,5000.0,12,11,1,2.38,0.1598143596398423,2023,1,27,4,0,1,0,0,0,1,0,0,0,0,1,0,0,0,0,0,0
59,18947.78,5000.0,9,12,2,4.71,0.263883156760317,2023,3,4,5,1,0,0,0,1,0,0,1,0,0,0,1,0,0,0,0,0
53,35862.37,5000.0,3,4,2,3.91,0.1394219065834187,2023,2,25,5,1,1,0,0,0,1,0,0,0,0,0,1,0,0,0,0,0
34,13123.18,3951.6,12,3,0,4.57,0.3011160404718978,2024,12,13,4,0,0,0,0,1,0,0,1,0,0,0,1,0,0,0,0,0
53,26387.49,3859.18,9,0,0,1.83,0.14625036333505,2023,2,18,5,1,0,0,0,1,1,0,0,0,0,0,0,0,1,0,0,0
26,8902.03,679.0,12,18,1,2.68,0.076274737335192,2023,4,10,0,0,0,0,0,1,0,0,1,0,0,0,1,0,0,0,0,0
46,70896.79,5000.0,9,13,1,3.5,0.0705250548014938,2023,3,13,0,0,1,0,0,0,1,0,0,0,0,0,0,0,0,0,1,0
25,38631.82,5000.0,9,0,0,8.58,0.1294269853193559,2023,1,25,2,0,0,1,0,0,0,1,0,0,0,0,0,0,0,0,1,0
19,5000.0,533.35,9,12,1,3.76,0.10667,2023,1,26,3,0,0,0,0,1,0,0,0,1,0,0,0,0,0,1,0,0
53,67993.76,5000.0,12,6,0,3.07,0.0735361597887806,2023,4,5,2,0,0,1,0,0,0,0,0,0,1,1,0,0,0,0,0,0
47,25025.6,5000.0,12,14,2,8.28,0.1997954095006713,2023,4,10,0,0,0,0,1,0,1,0,0,0,0,0,0,0,1,0,0,0
47,10448.84,2185.24,3,14,1,1.86,0.2091370908158226,2023,2,4,5,1,0,0,1,0,1,0,0,0,0,0,0,1,0,0,0,0
19,56925.95,100.0,3,3,1,9.08,0.0017566680924956,2024,8,3,5,1,0,1,0,0,0,0,0,1,0,1,0,0,0,0,0,0
29,66153.74,5000.0,9,2,0,9.61,0.0755815166308057,2023,4,18,1,0,0,1,0,0,0,0,1,0,0,0,0,1,0,0,0,0
20,36445.59,2570.36,12,14,3,5.82,0.070525953894559,2024,9,14,5,1,1,0,0,0,0,0,0,0,1,0,0,1,0,0,0,1
26,11148.74,1449.09,12,13,1,9.77,0.1299779167870091,2024,9,6,4,0,0,0,0,1,1,0,0,0,0,0,0,0,0,0,1,1
34,11686.1,2872.76,9,14,2,8.94,0.2458270937267352,2023,3,11,5,1,0,1,0,0,0,0,1,0,0,0,1,0,0,0,0,0
40,58691.89,5000.0,12,16,2,1.06,0.0851906455900466,2023,1,8,6,1,1,0,0,0,0,0,1,0,0,0,0,1,0,0,0,1
19,9568.6,2208.68,9,13,2,1.44,0.2308258261396651,2023,6,7,2,0,0,0,1,0,0,0,1,0,0,0,0,0,1,0,0,0
51,15841.55,2253.51,9,12,2,2.33,0.1422531254833018,2023,1,28,5,1,1,0,0,0,0,1,0,0,0,0,0,0,1,0,0,1
26,9729.39,1280.26,12,1,0,4.04,0.1315868723527374,2024,8,16,4,0,0,0,0,1,0,0,1,0,0,0,0,1,0,0,0,1
24,54401.1,5000.0,12,3,0,7.01,0.0919099062335136,2024,9,25,2,0,0,1,0,0,0,1,0,0,0,1,0,0,0,0,0,0
53,7528.98,1249.59,3,9,2,2.77,0.165970689256712,2024,8,9,4,0,0,0,1,0,0,0,0,0,1,0,0,0,1,0,0,0
33,14785.78,2350.36,6,0,0,7.17,0.1589608394011002,2023,5,16,1,0,0,0,0,1,0,0,0,0,1,0,0,0,0,0,1,0
39,5000.0,1229.57,12,0,0,6.33,0.245914,2024,12,27,4,0,0,0,0,1,0,1,0,0,0,0,1,0,0,0,0,0
40,72149.69,2434.43,3,0,0,9.35,0.0337413785145854,2024,9,13,4,0,0,1,0,0,0,0,0,1,0,0,0,0,0,0,1,0
28,73555.86,5000.0,3,2,0,9.56,0.067975549466759,2023,1,15,6,1,0,1,0,0,0,0,0,0,1,0,0,0,0,0,1,0
47,5000.0,1600.73,6,11,1,1.39,0.320146,2023,2,9,3,0,0,0,0,1,0,1,0,0,0,0,0,1,0,0,0,0
22,7645.54,1047.37,12,19,2,1.57,0.1369909777465031,2024,9,30,0,0,0,0,0,1,0,1,0,0,0,0,0,1,0,0,0,1
22,22886.23,5000.0,9,5,0,3.35,0.2184719807499968,2024,8,25,6,1,1,0,0,0,0,0,0,0,1,0,0,0,0,1,0,0
37,50955.3,5000.0,12,3,0,1.74,0.0981252195551787,2023,1,8,6,1,1,0,0,0,0,0,1,0,0,0,0,0,1,0,0,0
28,38420.85,5000.0,6,0,0,3.74,0.1301376726438899,2024,11,30,5,1,1,0,0,0,0,1,0,0,0,0,0,0,1,0,0,0
44,56950.6,5000.0,6,15,1,3.02,0.087795387581518,2024,9,12,3,0,0,1,0,0,0,0,0,0,1,0,0,1,0,0,0,0
49,15029.84,5000.0,3,4,0,1.48,0.3326715387522422,2023,6,21,2,0,0,0,0,1,0,1,0,0,0,1,0,0,0,0,0,1
47,19552.26,3746.92,9,7,1,4.14,0.1916361586844692,2024,10,25,4,0,0,0,1,0,0,0,0,0,1,0,0,0,1,0,0,0
23,5479.37,294.86,12,0,0,9.4,0.0538127558460188,2024,10,26,5,1,0,0,1,0,0,0,1,0,0,0,0,0,1,0,0,0
59,88044.4,5000.0,3,13,1,8.06,0.0567895289194997,2023,3,24,4,0,1,0,0,0,0,0,0,0,1,0,0,0,1,0,0,0
37,12603.99,2745.13,3,9,2,3.65,0.2177984907953751,2023,6,13,1,0,0,0,0,1,0,0,1,0,0,0,0,0,0,0,1,1
59,7288.99,1717.09,12,11,1,7.28,0.2355731040926109,2024,12,23,0,0,0,0,0,1,0,0,1,0,0,0,0,1,0,0,0,0
21,5000.0,1913.26,12,13,2,8.59,0.382652,2024,8,30,4,0,0,0,1,0,0,1,0,0,0,0,0,0,0,0,1,0
19,7524.1,2460.14,3,16,1,9.49,0.3269680094629257,2024,8,7,2,0,0,0,0,1,0,0,0,1,0,0,0,1,0,0,0,1
27,9257.54,5000.0,6,3,0,8.72,0.5401002858210712,2023,5,23,1,0,0,0,0,1,0,0,0,0,1,1,0,0,0,0,0,0
40,53838.64,5000.0,3,3,0,8.6,0.0928701022165493,2023,5,7,6,1,1,0,0,0,0,1,0,0,0,0,0,0,0,0,1,0
43,91130.26,5000.0,9,20,2,7.93,0.0548665174443702,2024,12,31,1,0,0,1,0,0,0,1,0,0,0,0,0,0,0,1,0,0
36,23569.12,5000.0,3,4,0,3.09,0.2121419891790614,2024,9,28,5,1,0,0,1,0,0,1,0,0,0,1,0,0,0,0,0,1
39,31036.75,5000.0,6,10,1,1.3,0.1610993419091883,2023,5,27,5,1,0,1,0,0,1,0,0,0,0,0,0,1,0,0,0,0
21,20095.14,2152.44,3,19,2,4.88,0.1071124659992416,2023,2,21,1,0,0,1,0,0,0,0,0,1,0,0,0,0,0,0,1,1
43,29229.79,5000.0,6,8,0,1.45,0.1710583620340755,2023,4,17,0,0,0,0,1,0,1,0,0,0,0,0,0,0,0,0,1,0
34,49318.57,5000.0,6,13,2,7.44,0.101381690507247,2024,12,24,1,0,1,0,0,0,0,0,0,0,1,0,0,1,0,0,0,1
42,9913.28,496.71,9,13,1,9.11,0.0501055150263081,2024,7,25,3,0,0,0,1,0,0,0,1,0,0,0,0,0,0,0,1,0
44,10002.27,1904.0,3,15,1,8.52,0.1903567890088949,2023,2,3,4,0,0,0,0,1,0,0,0,1,0,0,0,0,0,1,0,1
43,7441.53,1147.54,9,8,2,7.29,0.1542075352783634,2024,9,5,3,0,0,0,0,1,0,0,1,0,0,0,0,1,0,0,0,0
51,21957.03,5000.0,3,14,2,7.82,0.2277175009552749,2024,9,13,4,0,0,0,1,0,0,0,0,1,0,0,1,0,0,0,0,0
50,63348.74,5000.0,3,0,0,8.8,0.0789281681056324,2024,7,4,3,0,1,0,0,0,0,0,0,0,1,0,0,0,0,1,0,0
23,31541.61,1227.56,9,2,0,8.39,0.0389187489161143,2024,8,11,6,1,0,1,0,0,0,0,1,0,0,0,0,1,0,0,0,0
49,83511.96,5000.0,6,20,1,5.85,0.0598716638910163,2023,4,21,4,0,1,0,0,0,1,0,0,0,0,1,0,0,0,0,0,0
40,75459.37,5000.0,12,20,2,1.2,0.0662608235398731,2023,6,20,1,0,0,1,0,0,0,0,1,0,0,0,1,0,0,0,0,0
47,83242.41,5000.0,9,9,1,2.67,0.060065536305352,2023,3,30,3,0,0,1,0,0,0,1,0,0,0,0,0,0,0,0,1,0
47,15065.27,5000.0,9,6,1,2.6,0.3318891729122677,2023,4,16,6,1,0,0,1,0,1,0,0,0,0,0,0,1,0,0,0,0
48,69317.51,5000.0,12,7,1,7.83,0.0721318466286512,2024,9,20,4,0,1,0,0,0,0,1,0,0,0,0,0,0,1,0,0,0
51,62322.82,5000.0,12,1,0,3.57,0.0802274351513619,2024,8,8,3,0,1,0,0,0,0,0,0,0,1,0,0,0,0,0,1,0
50,16001.98,5000.0,3,0,0,2.77,0.3124613329100524,2024,9,29,6,1,0,0,1,0,0,0,0,1,0,0,0,1,0,0,0,0
27,16800.51,1500.09,6,0,1,5.27,0.0892883608890444,2023,4,27,3,0,0,0,1,0,0,0,0,1,0,1,0,0,0,0,0,0
34,63398.5,5000.0,9,14,1,9.47,0.0788662192323162,2023,4,9,6,1,1,0,0,0,0,0,1,0,0,0,0,0,1,0,0,0
21,10503.59,1088.1,3,2,0,1.09,0.1035931524364526,2023,3,12,6,1,0,0,0,1,0,0,0,1,0,1,0,0,0,0,0,0
46,52252.03,5000.0,6,3,0,1.31,0.0956900621851438,2023,2,15,2,0,1,0,0,0,0,0,1,0,0,0,1,0,0,0,0,0
45,26717.35,5000.0,3,1,0,5.68,0.1871443088479958,2024,11,25,0,0,0,0,1,0,0,1,0,0,0,0,0,1,0,0,0,0
22,8489.6,4652.14,6,2,0,8.76,0.5479810591782888,2024,7,11,3,0,0,0,0,1,0,0,0,1,0,1,0,0,0,0,0,0
32,12049.71,1200.17,9,18,2,5.32,0.0996015671746457,2023,4,4,1,0,0,0,0,1,1,0,0,0,0,0,0,0,0,0,1,1
25,52774.43,5000.0,12,10,1,6.99,0.0947428517939464,2023,5,14,6,1,0,1,0,0,0,0,0,1,0,0,1,0,0,0,0,1
43,34520.39,5000.0,12,0,0,3.05,0.1448419325505882,2023,2,15,2,0,1,0,0,0,0,0,0,0,1,0,0,1,0,0,0,1
31,65497.66,5000.0,6,7,2,8.65,0.0763386050738301,2024,10,15,1,0,1,0,0,0,0,0,1,0,0,0,1,0,0,0,0,0
52,67792.41,5000.0,3,8,1,8.51,0.0737545692799533,2024,8,30,4,0,0,1,0,0,0,0,0,1,0,0,0,0,1,0,0,0
26,19488.06,100.0,12,10,1,8.73,0.0051313470915011,2023,5,3,2,0,0,0,1,0,1,0,0,0,0,1,0,0,0,0,0,0
38,80238.86,5000.0,3,13,2,9.14,0.0623139461353264,2023,4,23,6,1,0,1,0,0,0,0,0,1,0,1,0,0,0,0,0,0
46,50368.86,5000.0,6,10,1,5.31,0.0992676824530076,2023,4,27,3,0,0,1,0,0,0,0,0,0,1,0,0,0,0,0,1,1
54,10827.75,2186.9,9,2,0,5.69,0.2019717854586594,2023,1,25,2,0,0,0,0,1,1,0,0,0,0,0,0,0,0,0,1,1
49,15842.93,5000.0,3,15,3,5.5,0.315598187961444,2023,2,25,5,1,0,0,0,1,0,0,1,0,0,0,0,0,0,1,0,1
54,58494.68,5000.0,9,0,0,8.06,0.08547785884118,2023,1,2,0,0,1,0,0,0,0,0,1,0,0,0,0,0,0,0,1,0
24,5957.52,2800.34,12,10,1,6.53,0.4700512965126428,2023,3,20,0,0,0,0,0,1,0,1,0,0,0,0,0,0,0,0,1,0
35,52221.19,5000.0,9,15,1,4.42,0.0957465733737588,2023,1,13,4,0,1,0,0,0,1,0,0,0,0,0,1,0,0,0,0,1
40,57650.1,5000.0,9,15,2,7.3,0.0867301184213037,2023,2,6,0,0,0,1,0,0,0,0,0,1,0,0,0,0,1,0,0,0
43,15863.89,5000.0,3,0,0,2.03,0.315181207131416,2023,1,6,4,0,0,0,1,0,1,0,0,0,0,1,0,0,0,0,0,0
52,16775.98,4729.45,9,0,0,8.7,0.2819179565068628,2023,5,17,2,0,0,0,0,1,0,1,0,0,0,0,0,0,1,0,0,0
48,13910.17,5000.0,3,11,1,5.31,0.3594492375003325,2023,3,18,5,1,0,0,1,0,1,0,0,0,0,0,0,0,0,0,1,1
53,5000.0,1210.56,6,24,4,2.53,0.242112,2023,2,22,2,0,0,0,0,1,0,1,0,0,0,0,1,0,0,0,0,1
35,35556.58,5000.0,12,2,0,3.95,0.1406209483589254,2023,5,6,5,1,1,0,0,0,0,0,0,1,0,0,0,0,0,1,0,0
20,7338.88,1915.33,12,0,1,2.52,0.2609839648556727,2024,10,15,1,0,0,0,0,1,0,0,0,0,1,0,0,0,0,0,1,0
37,39208.82,5000.0,6,0,0,1.67,0.1275223278843892,2024,12,22,6,1,1,0,0,0,0,0,1,0,0,0,0,0,0,1,0,0
58,59744.98,5000.0,3,3,0,4.73,0.0836890396481846,2023,6,23,4,0,0,1,0,0,0,0,0,0,1,0,0,0,0,1,0,1
24,36619.12,5000.0,3,3,0,6.54,0.1365406924033128,2024,10,26,5,1,1,0,0,0,0,0,0,0,1,0,0,0,0,1,0,0
22,26212.03,5000.0,6,2,0,8.56,0.1907521088599395,2024,12,24,1,0,1,0,0,0,0,0,1,0,0,0,1,0,0,0,0,0
50,51030.19,5000.0,3,7,1,1.4,0.0979812146496025,2023,4,7,4,0,1,0,0,0,0,0,0,1,0,0,1,0,0,0,0,1
22,56873.63,5000.0,9,11,2,3.01,0.0879142055817432,2024,7,12,4,0,1,0,0,0,1,0,0,0,0,0,0,0,0,1,0,0
38,54036.53,5000.0,3,4,0,7.69,0.0925299977626246,2023,3,20,0,0,0,0,1,0,1,0,0,0,0,0,0,1,0,0,0,1
57,19197.62,5000.0,9,3,0,1.45,0.2604489514846111,2023,6,27,1,0,0,0,1,0,1,0,0,0,0,0,1,0,0,0,0,0
40,11400.96,3848.37,3,9,2,8.61,0.3375478907039407,2024,12,18,2,0,1,0,0,0,0,0,0,0,1,0,0,1,0,0,0,1
38,50613.48,5000.0,12,22,7,8.15,0.0987879118369256,2023,3,10,4,0,0,1,0,0,0,1,0,0,0,0,0,1,0,0,0,1
32,14556.94,2938.57,9,17,1,4.94,0.2018672880426793,2024,8,6,1,0,0,0,0,1,0,0,0,0,1,0,0,0,0,1,0,0
33,52403.5,5000.0,3,3,0,9.07,0.0954134742908393,2024,10,23,2,0,0,1,0,0,0,1,0,0,0,0,0,0,0,1,0,0
33,55848.08,5000.0,9,11,1,9.12,0.0895285925675511,2023,3,28,1,0,1,0,0,0,1,0,0,0,0,1,0,0,0,0,0,0
51,57328.46,5000.0,9,8,1,5.01,0.0872167157464198,2024,11,4,0,0,0,1,0,0,0,1,0,0,0,0,1,0,0,0,0,1
22,5000.0,2625.85,9,14,3,4.06,0.52517,2024,9,21,5,1,0,0,0,1,0,0,1,0,0,1,0,0,0,0,0,1
58,76383.36,5000.0,9,2,0,8.69,0.0654592832784522,2024,12,26,3,0,1,0,0,0,0,0,0,1,0,0,0,1,0,0,0,0
58,27709.57,5000.0,6,2,0,1.98,0.18044307436023,2023,6,20,1,0,0,0,1,0,0,1,0,0,0,0,0,1,0,0,0,0
45,21358.22,5000.0,3,0,1,5.5,0.2341019054958699,2024,8,19,0,0,0,0,1,0,0,0,0,0,1,0,0,0,0,1,0,0
24,7188.86,2383.81,3,10,2,3.06,0.3315977776726769,2023,6,18,6,1,0,0,1,0,1,0,0,0,0,0,0,0,0,1,0,1
32,15208.15,2946.25,9,3,0,8.35,0.193728362752866,2024,11,19,1,0,0,0,1,0,0,0,1,0,0,1,0,0,0,0,0,1
39,24824.66,5000.0,12,0,0,5.2,0.2014126276049702,2024,8,17,5,1,1,0,0,0,0,1,0,0,0,1,0,0,0,0,0,0
45,22086.12,5000.0,12,13,1,5.16,0.2263865269227913,2024,12,16,0,0,0,0,1,0,0,0,1,0,0,0,1,0,0,0,0,0
35,23623.27,5000.0,6,3,0,6.49,0.2116557106615637,2024,8,2,4,0,1,0,0,0,0,1,0,0,0,0,1,0,0,0,0,0
46,75276.84,5000.0,12,1,0,4.58,0.0664214916566636,2024,7,5,4,0,1,0,0,0,1,0,0,0,0,0,0,0,1,0,0,0
43,97263.93,4950.36,6,9,2,8.35,0.0508961544120209,2024,12,17,1,0,0,1,0,0,1,0,0,0,0,0,1,0,0,0,0,0
48,14235.76,453.77,6,10,1,6.39,0.0318753617650199,2023,2,15,2,0,0,0,1,0,0,0,0,0,1,1,0,0,0,0,0,1
30,44489.88,5000.0,9,13,2,6.5,0.1123851087033725,2023,3,26,6,1,1,0,0,0,0,1,0,0,0,1,0,0,0,0,0,0
52,41555.68,5000.0,6,0,0,7.63,0.1203204952969124,2023,4,6,3,0,1,0,0,0,0,1,0,0,0,0,1,0,0,0,0,0
49,94547.99,5000.0,12,25,5,3.08,0.0528831971996443,2023,5,7,6,1,0,1,0,0,0,1,0,0,0,0,0,0,1,0,0,1
26,18333.53,3755.75,12,4,0,1.12,0.2048568933533258,2024,11,20,2,0,0,0,1,0,0,1,0,0,0,0,0,0,1,0,0,0
32,37944.45,5000.0,6,0,0,6.7,0.1317715766073826,2023,5,14,6,1,0,1,0,0,0,0,1,0,0,0,0,1,0,0,0,1
28,65345.57,5000.0,12,16,1,2.7,0.0765162810577671,2023,6,14,2,0,0,1,0,0,0,1,0,0,0,0,0,1,0,0,0,1
33,5000.0,100.0,3,9,1,7.57,0.02,2023,1,20,4,0,1,0,0,0,0,0,0,1,0,0,0,1,0,0,0,1
55,5000.0,1943.27,6,0,0,2.05,0.388654,2023,6,14,2,0,0,0,0,1,0,0,1,0,0,0,1,0,0,0,0,0
44,7060.95,3566.59,9,16,1,4.81,0.5051147508479737,2024,7,8,0,0,0,0,0,1,0,0,0,1,0,1,0,0,0,0,0,0
42,69492.99,5000.0,9,12,2,5.27,0.0719497031283299,2024,9,16,0,0,1,0,0,0,0,0,0,0,1,1,0,0,0,0,0,0
46,18804.14,5000.0,6,2,0,7.96,0.2658988924779331,2023,2,19,6,1,0,0,0,1,1,0,0,0,0,1,0,0,0,0,0,0
42,94340.17,5000.0,3,14,1,5.59,0.0529996924957841,2023,3,22,2,0,0,1,0,0,1,0,0,0,0,0,0,0,0,1,0,0
50,47040.88,5000.0,3,4,1,4.92,0.106290528578547,2023,6,28,2,0,1,0,0,0,0,0,1,0,0,0,0,0,0,0,1,1
41,99032.55,5000.0,3,2,0,9.42,0.0504884505145025,2023,3,27,0,0,0,1,0,0,0,0,0,1,0,0,0,0,0,0,1,0
27,17338.42,5000.0,6,1,0,2.85,0.2883769109296003,2024,10,3,3,0,0,0,1,0,0,1,0,0,0,0,0,0,0,1,0,1
59,16456.34,4741.66,12,4,0,7.03,0.2881357580118058,2024,9,13,4,0,0,0,0,1,0,0,0,0,1,0,0,1,0,0,0,0
20,33827.54,5000.0,3,14,1,8.62,0.1478085607170962,2023,1,3,1,0,1,0,0,0,0,0,0,0,1,0,0,1,0,0,0,0
55,19102.95,5000.0,9,7,1,5.56,0.2617396789501098,2024,10,27,6,1,0,0,0,1,0,0,1,0,0,0,0,0,1,0,0,0
48,63218.14,5000.0,3,13,1,7.43,0.0790912228673605,2024,12,12,3,0,0,1,0,0,0,0,0,1,0,0,0,0,0,0,1,0
27,14543.65,5000.0,3,2,0,6.83,0.3437926517758609,2024,8,12,0,0,0,0,1,0,0,0,0,0,1,0,1,0,0,0,0,1
25,61741.77,5000.0,9,0,0,5.59,0.0809824532079336,2023,3,31,4,0,1,0,0,0,1,0,0,0,0,0,0,0,1,0,0,0
53,47090.9,5000.0,6,12,2,6.92,0.1061776266752175,2024,10,10,3,0,0,1,0,0,0,0,0,1,0,0,1,0,0,0,0,1
49,12906.27,3911.21,6,14,1,7.08,0.3030472785708031,2024,12,18,2,0,0,1,0,0,0,0,1,0,0,0,0,1,0,0,0,1
22,5374.66,2389.23,6,1,0,7.87,0.4445360264649299,2024,10,14,0,0,0,0,0,1,0,0,1,0,0,0,0,0,1,0,0,1
37,36586.11,5000.0,12,0,1,4.3,0.1366638869232066,2023,6,3,5,1,1,0,0,0,1,0,0,0,0,1,0,0,0,0,0,1
40,59470.76,5000.0,12,0,0,4.42,0.0840749302682528,2023,6,5,0,0,0,1,0,0,0,1,0,0,0,0,0,0,0,0,1,0
26,50640.92,5000.0,6,1,0,6.74,0.098734383182612,2024,11,15,4,0,1,0,0,0,0,0,0,1,0,0,1,0,0,0,0,0
26,60827.56,5000.0,9,19,1,9.41,0.0821995819000466,2024,11,26,1,0,1,0,0,0,0,0,1,0,0,0,1,0,0,0,0,0
23,38119.38,5000.0,3,0,0,4.56,0.1311668762713349,2023,3,29,2,0,1,0,0,0,0,0,1,0,0,0,0,1,0,0,0,1
58,12275.99,4480.84,6,18,2,4.33,0.3650084433108857,2024,12,7,5,1,0,0,0,1,1,0,0,0,0,0,0,0,0,1,0,1
55,56820.93,5000.0,12,3,0,9.8,0.0879957438218628,2024,7,7,6,1,0,1,0,0,0,0,0,0,1,0,0,0,0,1,0,1
57,30063.11,5000.0,12,0,0,4.95,0.166316791576121,2024,12,16,0,0,0,0,1,0,0,1,0,0,0,0,0,1,0,0,0,0
47,23209.73,5000.0,3,1,0,5.97,0.2154268920836218,2024,7,16,1,0,0,0,0,1,1,0,0,0,0,0,0,0,0,0,1,1
23,11789.84,2056.93,12,12,3,8.38,0.1744663201536238,2023,5,15,0,0,0,0,1,0,0,0,0,1,0,1,0,0,0,0,0,1
48,33247.05,5000.0,6,0,0,6.99,0.1503892826581606,2023,2,28,1,0,1,0,0,0,0,0,1,0,0,0,0,0,0,0,1,0
32,5000.0,1291.24,9,4,0,2.16,0.258248,2024,10,10,3,0,0,0,0,1,0,0,0,1,0,0,0,1,0,0,0,1
37,52129.41,5000.0,6,19,2,4.12,0.0959151465554664,2024,10,18,4,0,0,1,0,0,0,1,0,0,0,1,0,0,0,0,0,0
45,29986.84,5000.0,6,1,0,5.18,0.16673980986326,2024,10,17,3,0,0,0,1,0,0,0,0,0,1,0,0,0,0,0,1,1
56,26372.17,5000.0,3,25,3,7.58,0.1895938028611221,2024,9,15,6,1,0,0,1,0,0,0,0,0,1,0,1,0,0,0,0,1
23,12553.8,4591.58,12,15,4,7.14,0.3657522025203524,2024,7,10,2,0,0,1,0,0,0,1,0,0,0,0,0,1,0,0,0,1
24,37788.43,5000.0,6,13,1,5.77,0.1323156320598659,2024,11,1,4,0,0,1,0,0,0,0,1,0,0,0,0,0,0,1,0,0
57,50899.84,5000.0,9,15,1,9.36,0.0982321358966943,2024,9,18,2,0,0,1,0,0,0,0,1,0,0,0,0,0,1,0,0,0
38,10287.99,4994.74,12,13,1,8.62,0.4854923070492875,2023,5,12,4,0,0,0,0,1,0,0,0,0,1,0,1,0,0,0,0,1
27,41975.32,5000.0,9,3,0,1.55,0.1191176148269983,2023,1,28,5,1,1,0,0,0,0,0,0,1,0,0,0,0,0,0,1,1
57,66790.29,5000.0,12,17,2,3.05,0.0748611811686998,2024,8,9,4,0,0,1,0,0,0,1,0,0,0,0,0,0,0,0,1,1
21,44517.17,5000.0,3,7,1,7.31,0.1123162141708468,2023,3,6,0,0,0,1,0,0,1,0,0,0,0,0,0,0,0,1,0,1
44,45774.63,2270.23,6,17,1,1.94,0.0495958132266716,2024,8,28,2,0,1,0,0,0,0,0,0,1,0,0,0,0,0,1,0,1
34,81752.05,5000.0,12,18,3,9.18,0.0611605458211751,2023,6,9,4,0,1,0,0,0,0,0,1,0,0,0,0,0,1,0,0,0
58,62390.73,5000.0,12,2,0,3.71,0.0801401105580909,2024,8,7,2,0,0,1,0,0,0,0,0,1,0,0,0,0,0,1,0,0
51,57488.58,5000.0,3,11,1,6.65,0.0869737954912088,2024,10,17,3,0,1,0,0,0,0,1,0,0,0,0,0,0,1,0,0,0
42,87603.13,5000.0,6,5,0,1.41,0.0570755862261999,2023,3,3,4,0,1,0,0,0,0,0,1,0,0,1,0,0,0,0,0,0
18,54350.84,5000.0,6,18,2,4.57,0.0919948983309181,2024,10,13,6,1,1,0,0,0,0,0,0,0,1,0,1,0,0,0,0,0
40,18237.69,5000.0,9,12,2,5.42,0.2741575276254833,2024,8,7,2,0,0,0,1,0,0,0,1,0,0,0,1,0,0,0,0,1
53,42699.65,5000.0,3,17,4,1.35,0.1170969785466625,2023,4,27,3,0,0,1,0,0,0,0,0,1,0,0,1,0,0,0,0,1
23,31510.28,5000.0,9,0,0,9.71,0.158678374168684,2023,6,27,1,0,1,0,0,0,0,1,0,0,0,0,0,0,0,0,1,1
35,64946.43,5000.0,6,2,0,8.68,0.0769865256643051,2024,7,24,2,0,0,1,0,0,0,1,0,0,0,0,0,1,0,0,0,0
43,14313.91,5000.0,12,1,0,2.82,0.349310565736406,2024,7,7,6,1,0,0,0,1,0,0,0,0,1,0,0,0,0,0,1,0
55,49825.96,5000.0,3,16,3,4.51,0.1003492958289213,2024,11,26,1,0,0,1,0,0,1,0,0,0,0,0,1,0,0,0,0,1
34,19178.3,5000.0,12,2,0,3.09,0.2607113247785257,2024,9,1,6,1,0,0,1,0,0,0,0,0,1,0,0,0,0,0,1,0
20,9892.22,1360.75,6,3,0,6.11,0.1375575957671786,2024,10,6,6,1,0,0,1,0,0,0,1,0,0,0,0,0,0,0,1,0
51,18668.87,1839.23,6,20,4,1.85,0.0985185498640249,2024,11,12,1,0,0,0,1,0,0,0,0,1,0,1,0,0,0,0,0,1
22,35351.11,5000.0,3,16,1,7.3,0.1414382744983113,2023,3,1,2,0,0,1,0,0,1,0,0,0,0,0,0,0,0,1,0,1
19,6427.8,2263.98,9,23,4,1.06,0.3522169326985905,2024,8,23,4,0,0,0,0,1,0,0,1,0,0,0,0,0,0,0,1,1
37,18836.99,3789.57,3,3,0,2.05,0.2011770458019036,2023,5,13,5,1,0,0,1,0,0,0,1,0,0,0,1,0,0,0,0,0
48,23164.5,5000.0,3,4,0,3.87,0.2158475253081223,2024,7,28,6,1,0,0,0,1,1,0,0,0,0,0,0,1,0,0,0,1
43,58993.4,5000.0,6,1,1,3.68,0.0847552438069343,2023,2,7,1,0,1,0,0,0,0,1,0,0,0,1,0,0,0,0,0,1
35,45832.33,5000.0,3,2,0,7.63,0.1090932972423614,2023,1,29,6,1,1,0,0,0,0,0,1,0,0,1,0,0,0,0,0,0
57,61497.68,5000.0,6,1,0,1.39,0.0813038800813299,2023,1,4,2,0,0,1,0,0,0,0,0,1,0,0,0,0,1,0,0,0
31,12326.01,5000.0,12,14,1,6.71,0.405646271583424,2023,5,26,4,0,0,0,1,0,0,0,0,0,1,1,0,0,0,0,0,0
20,28093.96,100.0,9,9,1,2.35,0.0035594839602533,2024,12,18,2,0,1,0,0,0,0,1,0,0,0,0,0,0,0,1,0,1
33,56231.08,5000.0,12,10,1,7.47,0.0889187972203272,2024,9,4,2,0,1,0,0,0,0,0,1,0,0,1,0,0,0,0,0,0
35,20112.71,5000.0,6,3,0,9.85,0.2485990202215415,2023,2,20,0,0,0,0,1,0,0,0,1,0,0,0,0,0,1,0,0,0
19,6497.99,1451.29,12,15,4,1.32,0.2233444495913351,2024,12,23,0,0,0,0,0,1,0,1,0,0,0,0,0,1,0,0,0,1
56,37931.77,5000.0,9,16,3,9.09,0.1318156257933653,2024,12,9,0,0,0,1,0,0,0,0,0,1,0,0,0,1,0,0,0,1
37,43210.32,5000.0,6,3,0,3.68,0.1157130981672896,2023,4,29,5,1,1,0,0,0,0,1,0,0,0,0,0,0,0,0,1,0
57,92079.7,5000.0,6,16,1,7.58,0.0543007850807507,2023,2,20,0,0,1,0,0,0,0,0,0,0,1,0,0,0,0,0,1,1
57,35244.5,5000.0,3,21,2,1.68,0.1418661067684319,2023,4,22,5,1,0,0,1,0,0,1,0,0,0,0,0,0,0,0,1,1
37,12929.58,1939.99,9,12,3,4.84,0.1500427701441191,2023,2,10,4,0,0,0,0,1,0,1,0,0,0,0,1,0,0,0,0,1
29,25025.35,5000.0,6,2,0,9.68,0.199797405430893,2024,10,6,6,1,0,0,1,0,1,0,0,0,0,1,0,0,0,0,0,0
26,73885.03,5000.0,3,1,0,3.97,0.0676727071776244,2023,1,19,3,0,0,1,0,0,0,0,1,0,0,0,0,0,1,0,0,0
18,36520.05,5000.0,6,15,2,3.49,0.1369110940428613,2023,1,20,4,0,0,1,0,0,0,0,0,1,0,0,1,0,0,0,0,0
31,56023.06,5000.0,9,1,0,2.67,0.0892489628378028,2023,2,7,1,0,1,0,0,0,1,0,0,0,0,0,0,0,0,1,0,0
45,98921.19,5000.0,9,9,1,4.95,0.0505452876173446,2023,2,22,2,0,0,1,0,0,1,0,0,0,0,0,0,1,0,0,0,0
52,48525.79,5000.0,3,4,0,1.36,0.1030379927869283,2023,3,24,4,0,1,0,0,0,1,0,0,0,0,0,0,1,0,0,0,0
46,11775.75,5000.0,9,4,1,7.87,0.424601405430652,2024,10,14,0,0,0,0,0,1,0,0,1,0,0,0,1,0,0,0,0,0
27,87254.82,5000.0,3,19,2,5.83,0.0573034246131044,2023,6,1,3,0,0,1,0,0,0,1,0,0,0,0,1,0,0,0,0,1
49,103436.36,5000.0,6,0,0,9.51,0.0483389013302478,2023,1,27,4,0,0,1,0,0,0,0,0,0,1,0,0,0,0,1,0,0
54,61140.91,5000.0,9,9,1,8.6,0.0817783052296735,2023,5,12,4,0,0,1,0,0,0,1,0,0,0,0,0,0,1,0,0,0
24,16792.43,5000.0,9,1,0,8.84,0.2977532137993131,2024,7,1,0,0,0,1,0,0,1,0,0,0,0,0,1,0,0,0,0,0
28,5000.0,1166.39,12,12,1,9.48,0.233278,2023,3,5,6,1,0,0,0,1,0,0,1,0,0,0,0,0,0,0,1,1
39,15985.59,930.38,3,0,0,1.59,0.0582011674264134,2024,12,26,3,0,0,0,1,0,1,0,0,0,0,0,0,0,0,0,1,1
48,16914.42,1139.16,9,22,2,9.7,0.0673484517943861,2024,11,7,3,0,0,0,1,0,0,0,0,0,1,1,0,0,0,0,0,1
28,11095.95,100.0,9,26,3,6.78,0.009012297279638,2023,6,7,2,0,0,0,1,0,1,0,0,0,0,0,0,1,0,0,0,1
51,82745.39,5000.0,12,21,1,6.48,0.0604263270739312,2023,6,28,2,0,0,1,0,0,0,1,0,0,0,0,1,0,0,0,0,0
31,48627.15,100.0,12,16,3,8.31,0.0020564643414224,2024,7,5,4,0,0,1,0,0,0,0,0,1,0,0,0,0,0,1,0,1
45,10470.43,100.0,12,15,1,3.2,0.0095507061314578,2023,3,24,4,0,0,0,0,1,0,1,0,0,0,0,0,0,0,0,1,0
26,12654.81,5000.0,3,19,3,2.24,0.3951066827554108,2024,12,3,1,0,0,0,0,1,0,0,0,1,0,1,0,0,0,0,0,1
42,19588.71,5000.0,3,4,0,6.93,0.2552490694895172,2023,4,28,4,0,0,0,1,0,0,1,0,0,0,0,0,0,0,0,1,1
54,121408.12,5000.0,9,4,1,3.92,0.0411834068429689,2023,6,25,6,1,0,1,0,0,0,1,0,0,0,1,0,0,0,0,0,0
30,16552.94,5000.0,9,5,0,9.96,0.3020611444250991,2023,2,4,5,1,0,0,0,1,0,1,0,0,0,0,0,0,0,1,0,0
29,15120.54,4053.33,9,11,1,5.8,0.2680678071021273,2024,9,10,1,0,0,0,1,0,0,0,1,0,0,0,1,0,0,0,0,0
44,45023.8,5000.0,3,10,2,7.14,0.111052376742967,2024,12,20,4,0,0,1,0,0,0,0,0,1,0,0,0,1,0,0,0,0
34,5000.0,487.77,12,11,1,4.12,0.097554,2024,11,20,2,0,0,0,0,1,0,0,0,1,0,0,1,0,0,0,0,1
35,7582.07,1907.12,6,10,2,9.85,0.2515302549303818,2023,1,26,3,0,0,0,0,1,0,0,0,1,0,1,0,0,0,0,0,1
59,5000.0,1539.07,6,18,2,6.91,0.307814,2023,3,12,6,1,0,0,1,0,0,1,0,0,0,1,0,0,0,0,0,1
43,83717.33,5000.0,6,14,2,5.75,0.0597247905541182,2023,1,5,3,0,0,1,0,0,0,0,0,0,1,1,0,0,0,0,0,0
46,63499.65,5000.0,3,16,1,6.25,0.0787405914835751,2023,3,16,3,0,1,0,0,0,1,0,0,0,0,0,1,0,0,0,0,1
28,79486.38,5000.0,9,11,1,9.34,0.0629038584975186,2023,5,1,0,0,0,1,0,0,0,1,0,0,0,0,0,0,0,1,0,0
39,40358.66,5000.0,6,14,1,7.75,0.1238891479548627,2023,6,10,5,1,1,0,0,0,0,0,0,1,0,1,0,0,0,0,0,1
39,15580.55,5000.0,9,1,0,1.5,0.3209129331121174,2023,6,25,6,1,0,0,0,1,0,0,0,0,1,0,0,0,0,0,1,1
36,8696.0,2109.84,12,21,2,4.65,0.242621895124195,2023,4,17,0,0,0,1,0,0,0,0,1,0,0,0,1,0,0,0,0,0
51,65007.85,5000.0,6,0,1,4.43,0.076913788104052,2024,10,21,0,0,1,0,0,0,0,0,0,0,1,0,0,0,1,0,0,0
58,8435.93,2337.84,3,11,3,6.55,0.2771288998367696,2024,12,8,6,1,0,0,0,1,0,0,0,1,0,0,0,0,1,0,0,0
55,40165.08,5000.0,9,10,1,6.4,0.124486245265788,2023,2,27,0,0,0,1,0,0,1,0,0,0,0,0,0,1,0,0,0,0
46,58961.38,5000.0,9,11,2,3.73,0.084801271612028,2023,2,24,4,0,1,0,0,0,0,0,0,1,0,0,0,0,0,1,0,0
27,20851.08,5000.0,6,4,0,9.02,0.2397957324033095,2023,1,29,6,1,0,0,0,1,0,1,0,0,0,0,1,0,0,0,0,0
44,5000.0,509.56,6,8,1,9.44,0.101912,2024,9,7,5,1,0,0,1,0,0,0,1,0,0,1,0,0,0,0,0,0
21,5000.0,960.81,3,13,2,9.01,0.192162,2024,8,27,1,0,0,0,0,1,1,0,0,0,0,0,0,0,1,0,0,0
43,14600.62,5000.0,12,2,0,5.72,0.3424512109759722,2023,6,14,2,0,0,0,1,0,1,0,0,0,0,0,0,0,0,1,0,0
58,9471.05,100.0,3,2,0,6.96,0.0105584914027483,2023,3,30,3,0,0,0,0,1,1,0,0,0,0,0,1,0,0,0,0,0
55,13352.47,5000.0,6,15,1,4.37,0.3744625526213502,2023,3,16,3,0,0,0,0,1,0,0,1,0,0,0,0,1,0,0,0,0
28,16971.53,3558.25,6,4,0,7.79,0.2096599422680218,2023,2,20,0,0,0,0,1,0,0,0,0,1,0,1,0,0,0,0,0,0
34,33185.62,5000.0,9,3,1,1.72,0.1506676687071086,2024,12,1,6,1,1,0,0,0,0,0,0,1,0,0,0,0,0,0,1,0
20,11882.07,5000.0,6,19,2,6.65,0.420802099297513,2024,11,17,6,1,0,0,0,1,1,0,0,0,0,0,0,0,1,0,0,1
32,55175.85,4826.08,9,20,1,9.35,0.0874672524301845,2024,9,10,1,0,0,1,0,0,0,0,0,0,1,0,0,0,0,1,0,0
42,8014.84,2112.78,9,12,1,2.81,0.2636085062209601,2024,7,17,2,0,0,0,1,0,0,1,0,0,0,0,0,0,0,1,0,0
31,67143.46,5000.0,9,1,0,2.42,0.0744674164840477,2024,10,20,6,1,1,0,0,0,0,0,1,0,0,0,0,0,0,0,1,0
49,38262.35,4477.1,9,18,1,1.63,0.11701058612448,2023,4,6,3,0,1,0,0,0,0,1,0,0,0,1,0,0,0,0,0,1
29,44885.9,5000.0,6,1,0,4.27,0.1113935556600179,2024,7,19,4,0,1,0,0,0,0,0,0,1,0,0,0,0,0,0,1,0
34,33298.95,5000.0,6,7,1,3.18,0.1501548847636337,2023,1,4,2,0,0,1,0,0,0,0,0,1,0,0,1,0,0,0,0,0
49,49477.02,5000.0,3,16,2,2.11,0.1010570159641789,2024,9,23,0,0,1,0,0,0,0,0,0,0,1,0,0,0,1,0,0,1
30,20967.45,4732.85,3,23,3,1.68,0.2257236812297156,2023,2,2,3,0,0,0,1,0,0,0,0,0,1,0,1,0,0,0,0,1
35,53326.7,5000.0,9,16,2,3.34,0.0937616616066623,2024,11,26,1,0,0,1,0,0,1,0,0,0,0,0,0,1,0,0,0,1
38,35613.09,5000.0,9,0,0,5.22,0.1403978143991437,2023,4,7,4,0,1,0,0,0,1,0,0,0,0,0,0,1,0,0,0,1
23,42582.29,5000.0,9,5,0,4.09,0.1174197066433017,2023,5,30,1,0,0,1,0,0,1,0,0,0,0,0,0,0,0,0,1,1
49,71597.06,5000.0,6,8,1,3.21,0.0698352697722504,2023,1,7,5,1,1,0,0,0,1,0,0,0,0,0,0,0,0,1,0,0
34,46654.93,5000.0,3,0,0,9.48,0.1071698103501602,2024,9,9,0,0,1,0,0,0,0,0,0,0,1,0,0,0,0,1,0,1
24,15998.56,5000.0,3,0,0,1.85,0.3125281275314778,2023,4,23,6,1,0,0,1,0,1,0,0,0,0,0,0,0,0,0,1,0
37,15664.6,5000.0,3,6,1,3.08,0.319191042222591,2024,7,30,1,0,0,0,1,0,1,0,0,0,0,0,0,0,1,0,0,1
49,16010.99,3818.2,3,5,1,2.73,0.2384736983784263,2024,7,7,6,1,0,0,0,1,0,1,0,0,0,0,0,1,0,0,0,0
42,20615.32,5000.0,3,0,0,5.27,0.2425380736267979,2023,6,7,2,0,0,0,0,1,1,0,0,0,0,0,1,0,0,0,0,1
26,60669.49,5000.0,3,1,0,2.1,0.082413747008587,2024,10,13,6,1,1,0,0,0,1,0,0,0,0,0,0,1,0,0,0,0
27,41744.9,5000.0,6,9,1,9.99,0.1197751102529889,2023,2,6,0,0,1,0,0,0,0,0,0,0,1,1,0,0,0,0,0,0
33,62901.27,5000.0,12,6,2,5.62,0.0794896510038668,2024,8,29,3,0,0,1,0,0,1,0,0,0,0,0,0,0,0,0,1,0
57,60856.42,5000.0,3,0,0,8.04,0.0821606003113558,2024,9,9,0,0,0,1,0,0,0,0,1,0,0,0,0,0,0,0,1,0
22,35699.68,5000.0,9,4,0,4.17,0.140057277824339,2024,8,1,3,0,0,1,0,0,0,0,0,1,0,0,1,0,0,0,0,0
30,66409.54,5000.0,12,8,1,8.83,0.0752903874955315,2023,3,31,4,0,0,1,0,0,0,0,0,0,1,1,0,0,0,0,0,0
44,30546.65,3417.91,6,3,0,2.73,0.1118914840088847,2024,9,29,6,1,1,0,0,0,0,1,0,0,0,0,0,1,0,0,0,0
22,51344.24,5000.0,3,20,1,6.94,0.0973819069091294,2023,5,10,2,0,0,1,0,0,1,0,0,0,0,0,0,0,0,0,1,0
24,50876.76,5000.0,3,15,2,5.12,0.0982766984375577,2023,4,7,4,0,1,0,0,0,0,1,0,0,0,0,1,0,0,0,0,0
35,54132.27,5000.0,12,17,2,5.52,0.0923663463586507,2023,6,8,3,0,0,1,0,0,1,0,0,0,0,0,0,0,0,1,0,1
27,24142.04,5000.0,6,10,1,8.5,0.2071076015117198,2023,5,26,4,0,0,0,1,0,0,0,0,0,1,0,1,0,0,0,0,1
38,17239.68,5000.0,9,8,1,2.75,0.290028585217359,2023,5,25,3,0,0,0,0,1,1,0,0,0,0,1,0,0,0,0,0,0
41,17243.17,2771.56,3,9,1,8.59,0.1607337861889664,2024,7,27,5,1,0,0,1,0,0,0,0,0,1,0,0,0,1,0,0,1
36,6849.73,100.0,12,17,1,9.3,0.0145991155855778,2024,11,27,2,0,0,0,0,1,0,1,0,0,0,0,0,1,0,0,0,1
33,5000.0,1619.14,9,11,2,7.1,0.323828,2024,9,5,3,0,0,0,1,0,0,1,0,0,0,0,0,1,0,0,0,0
29,7991.05,4189.89,12,6,1,1.03,0.5243228361729685,2024,11,18,0,0,0,0,0,1,0,0,0,0,1,0,0,0,0,0,1,0
24,15306.35,5000.0,6,2,0,8.85,0.3266618102944202,2024,12,8,6,1,0,0,1,0,0,0,0,1,0,0,0,0,1,0,0,0
35,63630.51,5000.0,3,2,0,5.53,0.0785786566852913,2023,5,26,4,0,0,1,0,0,0,0,0,0,1,0,0,1,0,0,0,0
20,12012.7,3541.27,12,3,0,2.75,0.2947938431826317,2024,9,21,5,1,0,0,1,0,0,0,0,1,0,1,0,0,0,0,0,1
48,77352.83,5000.0,12,0,0,1.07,0.0646388761729855,2023,6,13,1,0,0,1,0,0,0,0,0,1,0,0,1,0,0,0,0,0
42,53246.75,5000.0,9,13,1,6.49,0.093902444750149,2024,8,22,3,0,1,0,0,0,0,1,0,0,0,0,0,0,0,0,1,1
18,17285.97,1404.79,3,7,1,6.38,0.0812676407514302,2024,10,27,6,1,0,1,0,0,0,0,1,0,0,0,0,0,0,1,0,0
52,82114.95,5000.0,12,2,0,3.77,0.060890252018664,2023,2,18,5,1,1,0,0,0,0,0,0,1,0,0,0,0,0,1,0,0
31,5000.0,184.77,6,0,0,4.68,0.036954,2023,6,4,6,1,0,0,0,1,0,1,0,0,0,0,0,0,0,0,1,1
56,71363.49,5000.0,6,9,1,8.96,0.0700638379653237,2023,4,2,6,1,0,1,0,0,0,0,1,0,0,0,1,0,0,0,0,0
19,34838.78,5000.0,6,14,3,2.9,0.1435182288243159,2023,2,11,5,1,1,0,0,0,0,0,1,0,0,0,0,1,0,0,0,1
24,39621.5,5000.0,9,19,1,3.98,0.1261941117827442,2024,10,13,6,1,0,1,0,0,0,1,0,0,0,0,0,0,0,1,0,1
32,15801.34,5000.0,12,9,1,7.36,0.3164288598308751,2024,11,1,4,0,0,0,1,0,0,0,0,1,0,0,1,0,0,0,0,0
55,78891.5,5000.0,12,9,1,1.03,0.0633781839615167,2024,8,26,0,0,1,0,0,0,1,0,0,0,0,0,0,0,1,0,0,0
40,71573.34,5000.0,3,2,0,8.26,0.0698584137613251,2023,1,8,6,1,0,1,0,0,0,0,0,1,0,0,0,0,0,0,1,0
19,55583.7,5000.0,9,9,1,2.07,0.0899544290862249,2023,4,28,4,0,0,1,0,0,1,0,0,0,0,0,0,0,1,0,0,0
40,68656.71,5000.0,6,8,1,9.18,0.0728260937641783,2023,5,18,3,0,0,1,0,0,1,0,0,0,0,0,0,0,0,1,0,0
38,29249.5,5000.0,12,2,0,3.2,0.1709430930443255,2023,4,23,6,1,0,1,0,0,0,0,0,1,0,1,0,0,0,0,0,0
27,6426.32,2377.55,3,15,1,3.26,0.3699706830658916,2023,4,17,0,0,0,0,0,1,0,1,0,0,0,0,0,0,0,1,0,0
35,30882.89,5000.0,9,25,2,1.84,0.1619019463528186,2024,8,22,3,0,1,0,0,0,0,0,0,0,1,1,0,0,0,0,0,1
39,33586.57,5000.0,6,3,0,1.45,0.1488690271141113,2024,12,28,5,1,1,0,0,0,1,0,0,0,0,0,0,0,0,1,0,0
26,59617.86,5000.0,3,6,1,3.19,0.0838674853475116,2023,4,24,0,0,0,1,0,0,1,0,0,0,0,1,0,0,0,0,0,0
39,18521.68,5000.0,6,9,1,5.16,0.2699539134678927,2024,8,19,0,0,0,0,1,0,0,0,0,1,0,0,0,1,0,0,0,0
52,9499.62,3756.15,9,0,0,6.12,0.3954000265273769,2023,6,8,3,0,0,0,1,0,0,0,1,0,0,0,0,0,1,0,0,0
54,80359.14,5000.0,9,13,1,8.12,0.0622206758310255,2024,7,7,6,1,1,0,0,0,1,0,0,0,0,0,0,0,1,0,0,0
54,60799.99,5000.0,12,3,1,1.28,0.0822368556310617,2024,11,17,6,1,1,0,0,0,0,1,0,0,0,0,0,0,1,0,0,0
51,17960.71,4494.82,3,25,3,3.05,0.2502584808729721,2024,8,8,3,0,0,0,0,1,0,0,0,1,0,0,0,0,0,0,1,1
18,8309.1,1498.11,12,21,1,2.46,0.1802975051449615,2024,10,14,0,0,0,0,1,0,0,0,0,1,0,0,0,0,0,1,0,1
35,67869.25,5000.0,6,0,0,7.2,0.0736710660571613,2023,4,15,5,1,1,0,0,0,1,0,0,0,0,0,0,1,0,0,0,0
26,18573.52,5000.0,3,2,0,2.89,0.2692004531182027,2024,12,29,6,1,0,0,1,0,0,0,0,1,0,0,1,0,0,0,0,1
58,21194.87,2848.79,12,0,0,1.04,0.134409411333969,2023,2,9,3,0,1,0,0,0,1,0,0,0,0,0,1,0,0,0,0,0
26,68001.78,5000.0,12,1,0,2.83,0.073527487074603,2023,2,19,6,1,1,0,0,0,0,0,1,0,0,1,0,0,0,0,0,0
50,62074.48,5000.0,9,1,1,2.78,0.0805483992777708,2024,7,13,5,1,1,0,0,0,0,0,1,0,0,0,0,0,1,0,0,0
33,66372.12,5000.0,6,16,2,6.1,0.0753328355339561,2023,6,30,4,0,0,1,0,0,0,0,0,0,1,0,1,0,0,0,0,1
41,8710.5,4467.94,6,15,2,4.54,0.5129372596291831,2024,11,25,0,0,0,0,0,1,0,0,1,0,0,0,0,0,1,0,0,0
43,91393.04,5000.0,9,14,1,2.07,0.0547087611923183,2024,12,1,6,1,0,1,0,0,0,1,0,0,0,0,1,0,0,0,0,0
35,74995.46,5000.0,9,14,1,2.74,0.0666707024665226,2023,5,11,3,0,0,1,0,0,1,0,0,0,0,0,0,1,0,0,0,0
36,85475.53,5000.0,9,12,2,2.77,0.0584962737288672,2024,10,10,3,0,0,1,0,0,0,0,1,0,0,0,0,0,1,0,0,0
51,83455.16,5000.0,12,27,4,9.5,0.059912412845413,2024,8,9,4,0,1,0,0,0,0,0,0,1,0,1,0,0,0,0,0,0
28,88916.3,5000.0,6,9,3,7.0,0.0562326592537026,2024,9,27,4,0,0,1,0,0,0,0,1,0,0,0,0,0,0,1,0,0
58,37441.9,5000.0,3,0,0,2.42,0.1335402316655939,2024,10,21,0,0,1,0,0,0,0,0,0,1,0,1,0,0,0,0,0,1
24,8134.68,2826.34,9,9,2,4.62,0.3474432921762134,2024,11,23,5,1,0,0,1,0,1,0,0,0,0,0,0,1,0,0,0,1
40,68126.78,2011.0,6,10,4,4.6,0.0295184947828152,2023,3,28,1,0,0,1,0,0,0,0,1,0,0,0,0,0,1,0,0,1
47,19033.36,5000.0,9,13,2,9.15,0.2626966547157202,2023,3,28,1,0,0,0,1,0,0,1,0,0,0,0,0,1,0,0,0,0
31,19812.56,5000.0,6,2,0,7.38,0.2523651663389284,2023,2,7,1,0,0,0,1,0,0,0,1,0,0,0,0,0,0,1,0,1
25,10189.38,2588.51,12,7,0,9.68,0.2540399906569389,2024,10,17,3,0,0,0,0,1,0,1,0,0,0,0,0,0,0,1,0,1
27,8996.14,1166.75,6,14,2,4.82,0.1296945134246465,2024,12,25,2,0,0,0,0,1,0,0,0,1,0,0,0,0,0,1,0,0
18,10644.57,2725.59,6,4,0,1.68,0.2560544953906076,2024,9,6,4,0,0,0,1,0,0,0,1,0,0,0,0,0,0,1,0,1
37,33069.91,5000.0,6,11,3,7.63,0.1511948475215082,2023,5,28,6,1,1,0,0,0,0,1,0,0,0,0,0,0,1,0,0,1
30,52666.92,5000.0,6,9,2,9.38,0.0949362522053691,2023,6,23,4,0,0,1,0,0,0,1,0,0,0,0,1,0,0,0,0,1
45,52563.09,955.46,9,4,0,8.01,0.0181773940611177,2024,7,31,2,0,0,1,0,0,0,0,0,1,0,0,1,0,0,0,0,0
25,46434.22,5000.0,9,1,0,8.81,0.1076792072742903,2023,2,26,6,1,1,0,0,0,0,0,0,1,0,1,0,0,0,0,0,0
50,37085.35,5000.0,12,22,2,5.7,0.1348241286653624,2023,5,30,1,0,1,0,0,0,0,1,0,0,0,0,0,0,0,0,1,1
55,25100.07,5000.0,12,1,0,5.44,0.199202631705808,2023,4,20,3,0,0,0,1,0,0,0,1,0,0,0,0,0,1,0,0,1
33,76772.06,5000.0,9,5,1,9.45,0.0651278603179333,2024,9,27,4,0,0,1,0,0,1,0,0,0,0,1,0,0,0,0,0,0
51,49930.45,5000.0,12,15,1,3.26,0.1001392937576168,2024,7,28,6,1,1,0,0,0,0,0,0,0,1,1,0,0,0,0,0,0
41,47356.31,5000.0,9,14,1,5.43,0.1055825506674823,2023,3,6,0,0,1,0,0,0,1,0,0,0,0,0,0,0,0,1,0,0
32,18087.81,5000.0,3,15,3,9.08,0.2764292636864274,2023,6,25,6,1,0,0,1,0,0,0,1,0,0,0,0,1,0,0,0,1
21,11643.9,2967.75,9,8,0,9.88,0.2548759436271352,2024,10,9,2,0,0,0,1,0,0,1,0,0,0,0,1,0,0,0,0,1
47,48793.65,5000.0,12,5,1,9.07,0.1024723503980538,2023,1,10,1,0,1,0,0,0,1,0,0,0,0,0,0,1,0,0,0,0
58,8527.52,1014.95,3,17,2,8.39,0.119020535865058,2024,7,26,4,0,0,0,0,1,0,0,0,0,1,0,1,0,0,0,0,0
51,86206.93,5000.0,6,21,2,4.52,0.0579999774960087,2024,11,28,3,0,1,0,0,0,0,0,0,0,1,0,0,0,0,0,1,0
53,36216.68,5000.0,9,18,1,4.6,0.1380579335267617,2024,12,31,1,0,0,1,0,0,0,0,0,0,1,0,0,0,0,1,0,1
30,31225.54,5000.0,6,2,0,3.18,0.1601253333008812,2023,5,10,2,0,1,0,0,0,0,0,1,0,0,0,0,0,0,1,0,0
28,17409.74,4788.42,3,11,1,3.57,0.275042591101303,2023,2,27,0,0,0,1,0,0,0,0,0,0,1,0,0,0,1,0,0,0
41,9584.17,3259.6,6,13,1,5.59,0.3401024814877031,2023,2,21,1,0,0,0,0,1,0,1,0,0,0,0,1,0,0,0,0,0
19,7131.2,1541.79,6,0,0,4.34,0.2162034440206416,2023,6,18,6,1,0,0,1,0,0,0,1,0,0,1,0,0,0,0,0,0
51,12336.95,5000.0,6,14,1,3.95,0.4052865578607354,2024,9,24,1,0,0,0,0,1,0,0,1,0,0,1,0,0,0,0,0,1
20,20660.5,2291.73,3,2,0,8.45,0.1109232593596476,2024,10,5,5,1,1,0,0,0,0,1,0,0,0,0,0,0,1,0,0,1
47,55805.34,5000.0,12,18,3,6.02,0.0895971604151144,2024,9,21,5,1,0,1,0,0,0,0,0,0,1,0,1,0,0,0,0,0
58,20840.88,5000.0,3,18,1,8.41,0.2399130938808726,2024,7,22,0,0,0,0,0,1,0,0,1,0,0,0,1,0,0,0,0,1
30,7321.74,1345.67,12,12,1,4.08,0.1837910114262456,2024,11,5,1,0,0,0,0,1,0,0,0,0,1,0,0,1,0,0,0,1
27,14026.99,100.0,9,8,3,4.51,0.0071291132309925,2023,6,2,4,0,0,0,0,1,0,1,0,0,0,0,0,0,1,0,0,1
23,8606.96,4303.74,6,13,2,7.25,0.5000302081106454,2024,9,23,0,0,0,0,1,0,1,0,0,0,0,0,0,0,0,0,1,0
44,12405.26,4351.8,12,5,1,5.39,0.3508028046167513,2023,2,2,3,0,0,0,0,1,0,1,0,0,0,0,1,0,0,0,0,1
31,8682.6,2199.39,9,12,1,4.29,0.2533100684126874,2023,1,10,1,0,0,0,0,1,0,0,0,1,0,0,1,0,0,0,0,1
55,62434.13,5000.0,3,11,1,7.05,0.0800844025535392,2024,11,2,5,1,1,0,0,0,1,0,0,0,0,0,0,0,1,0,0,1
52,57190.04,3899.91,3,4,0,9.16,0.0681921187675336,2023,6,6,1,0,1,0,0,0,1,0,0,0,0,1,0,0,0,0,0,0
25,10262.17,3815.82,12,4,1,6.28,0.3718336375250069,2024,8,30,4,0,0,0,1,0,1,0,0,0,0,0,0,0,1,0,0,0
55,7645.13,1203.96,3,0,1,6.62,0.1574806445410346,2024,11,3,6,1,0,0,0,1,0,0,0,0,1,0,0,0,1,0,0,0
42,79194.81,5000.0,3,15,2,5.0,0.0631354504165108,2024,7,16,1,0,0,1,0,0,0,0,1,0,0,0,0,0,0,0,1,0
21,21936.53,3976.67,3,17,3,6.21,0.1812807221561477,2023,4,4,1,0,1,0,0,0,0,0,1,0,0,0,0,0,0,1,0,0
28,52442.61,5000.0,9,22,1,7.63,0.0953423180120135,2024,12,11,2,0,0,1,0,0,1,0,0,0,0,0,0,0,0,1,0,0
28,69467.58,5000.0,6,24,4,6.48,0.0719760210446369,2023,1,11,2,0,0,1,0,0,0,0,1,0,0,0,0,0,0,0,1,1
21,13029.46,3846.21,9,11,2,2.01,0.29519335413747,2024,9,25,2,0,0,0,1,0,0,0,0,0,1,0,0,1,0,0,0,0
44,14318.19,5000.0,9,15,2,7.14,0.349206149659978,2024,9,25,2,0,0,0,0,1,0,0,0,1,0,0,0,1,0,0,0,1
57,14338.38,3660.97,12,0,0,9.42,0.2553266129088502,2023,5,3,2,0,0,0,1,0,0,1,0,0,0,0,0,0,1,0,0,1
21,10320.91,2354.89,9,12,2,9.01,0.2281668961360965,2024,9,21,5,1,0,0,0,1,1,0,0,0,0,0,0,0,0,0,1,1
51,18314.73,5000.0,6,0,0,8.0,0.2730042976336533,2024,11,29,4,0,0,0,1,0,0,0,0,1,0,0,0,1,0,0,0,0
43,69132.32,5000.0,6,7,2,4.48,0.072325071688611,2024,8,28,2,0,1,0,0,0,0,1,0,0,0,0,0,0,0,0,1,0
20,10071.58,2207.37,12,10,1,4.61,0.2191681940668693,2024,11,10,6,1,0,0,1,0,1,0,0,0,0,0,0,0,0,1,0,0
44,71772.39,5000.0,6,8,2,3.59,0.0696646718884518,2024,7,17,2,0,0,1,0,0,0,0,0,0,1,0,1,0,0,0,0,0
55,86425.03,5000.0,9,0,0,6.09,0.057853610233054,2024,8,24,5,1,1,0,0,0,0,1,0,0,0,0,0,1,0,0,0,0
35,98559.53,5000.0,6,19,1,6.03,0.0507307613987201,2023,5,14,6,1,0,1,0,0,0,0,0,0,1,0,0,1,0,0,0,0
29,15231.52,3876.44,6,7,2,8.98,0.2545011922644621,2024,12,30,0,0,0,0,0,1,0,0,1,0,0,1,0,0,0,0,0,0
20,8142.84,808.39,9,1,0,1.6,0.0992761739147521,2023,5,22,0,0,0,0,1,0,0,0,0,0,1,0,0,0,1,0,0,1
43,11848.64,2266.75,6,0,0,1.81,0.1913088759553839,2023,2,27,0,0,0,0,0,1,0,1,0,0,0,0,0,1,0,0,0,1
31,56765.05,5000.0,9,20,2,7.98,0.0880823675835747,2024,7,29,0,0,0,1,0,0,0,1,0,0,0,0,0,0,0,1,0,1
22,51734.62,5000.0,9,25,2,9.41,0.0966470808135828,2024,9,21,5,1,1,0,0,0,0,1,0,0,0,0,0,0,0,1,0,1
24,15141.42,3235.49,6,4,0,8.7,0.2136847138511447,2023,6,6,1,0,0,0,1,0,0,0,0,0,1,1,0,0,0,0,0,1
22,10604.39,3591.8,3,13,1,3.09,0.3387087800429822,2023,3,16,3,0,0,0,0,1,1,0,0,0,0,0,1,0,0,0,0,1
30,12494.53,3878.1,6,15,2,7.48,0.3103838239613655,2024,7,22,0,0,0,0,0,1,0,0,0,1,0,0,0,0,1,0,0,1
37,8679.61,3442.59,6,14,1,2.01,0.396629572066026,2023,6,23,4,0,0,0,0,1,0,0,0,0,1,0,0,0,0,1,0,0
23,20628.12,5000.0,12,0,0,1.44,0.2423875757945949,2023,5,29,0,0,1,0,0,0,0,0,0,0,1,0,0,0,1,0,0,1
51,73162.11,5000.0,12,12,1,7.95,0.0683413859988455,2024,8,4,6,1,0,0,1,0,0,0,0,0,1,0,0,0,1,0,0,0
19,8362.54,100.0,9,3,0,1.13,0.0119580892886611,2024,7,11,3,0,0,0,1,0,0,1,0,0,0,0,0,0,0,1,0,0
28,29430.46,5000.0,3,7,2,7.29,0.1698920098428634,2024,7,15,0,0,0,1,0,0,0,0,1,0,0,0,0,1,0,0,0,0
44,29217.91,5000.0,3,15,2,4.56,0.1711279143511633,2023,2,11,5,1,0,1,0,0,0,0,1,0,0,0,0,0,0,1,0,1
41,44391.95,5000.0,3,16,3,5.18,0.1126330336919193,2024,11,30,5,1,1,0,0,0,0,0,0,0,1,0,0,1,0,0,0,1
59,12038.8,601.43,3,12,3,4.78,0.0499576369737847,2023,5,29,0,0,0,0,1,0,0,1,0,0,0,1,0,0,0,0,0,1
29,19271.83,5000.0,3,7,1,5.01,0.2594460411906912,2023,6,15,3,0,0,0,1,0,0,0,0,1,0,0,0,0,0,0,1,1
22,37975.1,5000.0,6,12,1,2.53,0.1316652227380573,2024,9,13,4,0,0,1,0,0,0,0,1,0,0,1,0,0,0,0,0,1
58,18223.41,3529.2,3,6,1,8.9,0.1936629862358362,2023,6,18,6,1,0,0,0,1,0,0,0,0,1,0,0,0,0,0,1,0
49,22069.91,5000.0,6,0,1,9.62,0.2265528042479557,2023,3,7,1,0,0,0,1,0,0,0,0,1,0,0,1,0,0,0,0,1
58,55624.14,5000.0,9,19,2,9.12,0.0898890301944443,2024,8,26,0,0,0,1,0,0,0,0,0,0,1,0,0,0,0,1,0,1
34,7865.87,3219.12,3,3,0,2.41,0.4092516148881179,2024,7,20,5,1,0,0,1,0,0,0,0,0,1,0,0,0,1,0,0,1
44,30567.0,5000.0,12,16,1,2.75,0.1635750973271829,2024,9,22,6,1,0,1,0,0,0,1,0,0,0,1,0,0,0,0,0,1
19,6456.33,1641.66,6,0,0,4.07,0.2542713894735864,2023,5,27,5,1,0,0,0,1,0,1,0,0,0,1,0,0,0,0,0,0
19,35069.08,5000.0,6,1,0,3.57,0.1425757390841162,2024,10,20,6,1,0,1,0,0,0,1,0,0,0,0,0,1,0,0,0,0
36,24787.01,1874.9,12,12,2,5.35,0.0756404261748391,2024,11,19,1,0,0,1,0,0,0,0,1,0,0,0,0,0,1,0,0,0
58,20125.12,5000.0,9,24,1,9.08,0.2484457235534496,2024,8,1,3,0,0,0,1,0,0,0,1,0,0,0,0,1,0,0,0,1
24,36937.71,5000.0,9,15,1,2.55,0.1353630206095613,2023,4,16,6,1,0,1,0,0,0,0,0,1,0,0,0,0,0,1,0,0
29,67822.97,4372.17,3,12,1,8.27,0.0644644432409845,2023,3,22,2,0,0,1,0,0,0,0,0,1,0,0,0,1,0,0,0,0
26,18532.88,5000.0,12,3,0,3.22,0.2697907718606066,2023,1,31,1,0,0,0,1,0,0,0,0,0,1,0,0,1,0,0,0,0
22,45333.08,5000.0,3,3,0,3.78,0.1102947339999841,2024,9,11,2,0,1,0,0,0,0,0,0,0,1,0,0,0,0,1,0,0
27,43384.51,5000.0,6,10,1,5.53,0.1152485068979688,2023,3,29,2,0,1,0,0,0,0,0,0,1,0,0,0,1,0,0,0,1
22,17294.09,4419.45,3,4,0,1.78,0.2555468370986851,2023,5,15,0,0,0,1,0,0,0,0,0,0,1,0,1,0,0,0,0,0
30,77093.52,5000.0,3,20,1,7.84,0.0648562940179667,2023,6,21,2,0,1,0,0,0,0,1,0,0,0,1,0,0,0,0,0,0
35,78591.96,5000.0,6,4,0,1.1,0.0636197392201441,2024,7,30,1,0,1,0,0,0,0,0,0,1,0,0,0,1,0,0,0,0
41,24350.17,5000.0,3,19,2,4.91,0.2053373754680152,2023,2,3,4,0,0,0,1,0,0,1,0,0,0,1,0,0,0,0,0,1
37,29172.37,5000.0,3,3,1,4.6,0.1713950563495526,2024,10,28,0,0,1,0,0,0,0,1,0,0,0,0,0,0,0,1,0,0
22,41464.57,5000.0,12,6,1,8.1,0.1205848752320354,2023,5,21,6,1,1,0,0,0,0,0,0,1,0,0,1,0,0,0,0,1
57,60975.25,5000.0,12,15,3,4.94,0.0820004838028544,2024,7,4,3,0,1,0,0,0,0,0,0,0,1,1,0,0,0,0,0,1
39,5000.0,2989.0,6,4,0,2.5,0.5978,2024,7,17,2,0,0,0,1,0,1,0,0,0,0,0,1,0,0,0,0,0
30,17675.77,2798.3,12,3,0,1.81,0.1583127637438142,2024,11,26,1,0,0,0,1,0,0,0,0,1,0,0,0,0,0,0,1,0
58,44301.86,5000.0,12,15,2,4.37,0.1128620784770662,2024,7,3,2,0,1,0,0,0,0,0,0,1,0,0,1,0,0,0,0,1
46,6911.65,3036.82,9,16,1,2.44,0.4393769939160692,2024,8,24,5,1,0,0,1,0,0,0,0,1,0,0,0,0,0,1,0,1
53,88498.95,5000.0,9,2,0,1.12,0.0564978454546635,2023,6,15,3,0,0,1,0,0,0,0,0,0,1,0,0,0,1,0,0,0
28,50713.67,5000.0,12,12,1,2.4,0.0985927462950325,2023,4,8,5,1,1,0,0,0,1,0,0,0,0,1,0,0,0,0,0,0
33,42035.61,5000.0,12,7,1,8.29,0.1189467691797502,2023,2,5,6,1,1,0,0,0,0,0,0,1,0,0,0,0,0,0,1,0
37,18534.91,5000.0,6,4,0,6.17,0.2697612235505864,2023,6,17,5,1,0,0,1,0,0,0,0,1,0,0,0,0,0,1,0,1
18,12656.86,4144.63,9,10,2,5.92,0.3274611554524582,2024,7,26,4,0,0,0,1,0,0,0,0,1,0,0,0,0,0,0,1,0
26,10857.34,3398.68,3,4,0,9.9,0.3130306318122118,2024,11,13,2,0,0,1,0,0,1,0,0,0,0,0,1,0,0,0,0,1
32,46937.13,5000.0,3,20,3,2.85,0.1065254735430138,2024,8,5,0,0,1,0,0,0,0,0,0,1,0,0,0,0,1,0,0,1
26,45552.1,5000.0,9,6,1,3.92,0.1097644235940823,2023,6,27,1,0,0,1,0,0,0,0,1,0,0,1,0,0,0,0,0,0
57,17807.33,5000.0,6,0,0,8.15,0.2807832504929149,2023,1,22,6,1,0,0,1,0,0,0,1,0,0,0,1,0,0,0,0,1
25,16301.15,5000.0,9,8,3,6.26,0.306726826021477,2023,6,24,5,1,0,0,1,0,1,0,0,0,0,0,0,0,1,0,0,0
21,5000.0,299.16,6,6,1,8.85,0.059832,2024,9,14,5,1,0,0,0,1,0,0,0,1,0,0,0,0,0,0,1,0
44,14281.13,5000.0,12,15,2,9.78,0.350112351053453,2024,9,16,0,0,0,0,1,0,0,0,0,0,1,0,0,0,0,1,0,1
42,13519.52,5000.0,12,0,0,4.35,0.3698356154656378,2023,4,15,5,1,0,0,0,1,0,0,0,0,1,1,0,0,0,0,0,0
47,71616.92,5000.0,9,2,0,2.64,0.0698159038394837,2024,10,7,0,0,1,0,0,0,0,0,1,0,0,0,0,1,0,0,0,0
28,12569.8,3758.94,6,14,1,5.79,0.2990453308724085,2023,6,10,5,1,0,0,1,0,0,0,1,0,0,0,0,0,0,0,1,1
27,6004.14,1962.92,9,21,1,7.17,0.3269277531836366,2024,11,24,6,1,0,0,1,0,1,0,0,0,0,0,0,0,1,0,0,1
53,75526.73,5000.0,12,1,0,7.24,0.0662017275208393,2023,4,18,1,0,0,1,0,0,0,1,0,0,0,0,0,1,0,0,0,0
21,28461.93,5000.0,12,1,0,6.71,0.1756732589813832,2024,7,27,5,1,1,0,0,0,0,0,0,0,1,0,1,0,0,0,0,1
55,95521.5,5000.0,12,4,1,1.34,0.0523442366378249,2023,1,12,3,0,0,1,0,0,0,1,0,0,0,0,0,1,0,0,0,0
49,69632.51,5000.0,3,7,1,8.4,0.0718055402569863,2024,12,10,1,0,1,0,0,0,0,1,0,0,0,1,0,0,0,0,0,0
26,46209.39,5000.0,3,15,1,5.72,0.1082031162930304,2023,6,22,3,0,1,0,0,0,0,0,0,1,0,0,0,0,0,1,0,0
37,12150.18,3625.93,12,6,3,8.43,0.2984260315485038,2023,5,12,4,0,0,0,0,1,0,1,0,0,0,0,0,1,0,0,0,1
53,17784.49,5000.0,9,11,1,5.28,0.2811438506248984,2023,1,16,0,0,0,0,0,1,0,1,0,0,0,0,1,0,0,0,0,1
44,78066.53,5000.0,12,12,1,6.17,0.0640479344989459,2024,12,19,3,0,1,0,0,0,0,0,0,1,0,0,0,0,0,0,1,0
23,9767.2,1310.18,3,7,1,9.73,0.1341407977721353,2024,12,12,3,0,0,0,1,0,0,0,0,1,0,0,0,0,1,0,0,1
20,6841.85,2226.15,12,2,0,9.02,0.3253725235133772,2023,2,14,1,0,0,0,0,1,1,0,0,0,0,0,0,1,0,0,0,0
47,105614.49,5000.0,6,3,0,3.86,0.0473419887744569,2024,10,9,2,0,0,1,0,0,0,1,0,0,0,0,0,1,0,0,0,0
53,40789.87,5000.0,9,12,1,7.02,0.1225794541634969,2024,9,1,6,1,1,0,0,0,0,1,0,0,0,1,0,0,0,0,0,0
43,15325.71,4648.76,6,6,2,2.86,0.303330808164842,2023,4,25,1,0,0,0,0,1,0,1,0,0,0,0,0,0,1,0,0,0
43,59930.72,5000.0,9,12,3,5.47,0.0834296667885852,2024,10,13,6,1,0,1,0,0,1,0,0,0,0,0,1,0,0,0,0,1
22,11432.82,5000.0,12,20,1,3.76,0.4373374198141841,2023,1,11,2,0,0,0,1,0,0,0,0,0,1,0,0,0,1,0,0,1
33,14785.32,5000.0,12,5,1,4.2,0.3381732691615738,2023,5,19,4,0,0,0,0,1,0,1,0,0,0,0,0,0,0,1,0,1
35,6060.38,1795.79,12,0,0,7.24,0.296316402601817,2023,4,18,1,0,0,0,0,1,0,0,0,0,1,0,0,0,1,0,0,0
56,12918.98,5000.0,12,12,1,4.82,0.3870274588241487,2024,12,30,0,0,0,0,1,0,0,1,0,0,0,0,0,0,0,1,0,1
37,48712.28,5000.0,6,2,0,4.96,0.1026435223315353,2024,7,19,4,0,1,0,0,0,0,0,0,0,1,0,0,0,0,1,0,0
19,46828.63,4028.58,6,2,0,3.18,0.0860281413314888,2023,5,11,3,0,0,1,0,0,0,0,1,0,0,0,0,0,0,1,0,0
39,39043.54,5000.0,6,15,1,4.06,0.1280621582981461,2024,12,23,0,0,1,0,0,0,0,0,1,0,0,0,0,0,0,1,0,1
51,14697.95,4926.54,12,3,0,3.96,0.3351855190689858,2024,12,12,3,0,0,0,0,1,0,1,0,0,0,1,0,0,0,0,0,0
50,38642.16,5000.0,6,4,0,8.49,0.1293923528084351,2023,2,13,0,0,1,0,0,0,0,0,1,0,0,1,0,0,0,0,0,0
31,81269.17,5000.0,6,10,2,1.05,0.0615239456733715,2024,11,6,2,0,0,1,0,0,0,0,0,0,1,0,0,0,1,0,0,0
53,15878.79,100.0,9,1,0,7.21,0.0062977090823671,2024,8,24,5,1,0,0,0,1,1,0,0,0,0,1,0,0,0,0,0,0
44,90723.28,5000.0,9,20,1,7.86,0.0551126458390834,2024,8,15,3,0,0,1,0,0,0,0,0,1,0,0,0,0,0,0,1,1
22,9916.58,4285.59,12,6,2,3.24,0.4321641130309038,2023,2,18,5,1,0,0,1,0,0,1,0,0,0,0,0,0,0,0,1,0
56,18430.73,5000.0,3,19,2,9.22,0.2712860532382602,2023,6,10,5,1,0,0,1,0,0,1,0,0,0,0,0,0,1,0,0,0
31,10350.01,2436.98,9,0,0,6.19,0.235456777336447,2024,10,5,5,1,0,0,0,1,1,0,0,0,0,0,1,0,0,0,0,1
41,52345.54,5000.0,3,12,2,9.59,0.0955191215908747,2023,1,9,0,0,1,0,0,0,0,0,1,0,0,0,0,0,0,1,0,1
37,54223.65,4712.74,12,18,2,9.26,0.0869129982950244,2023,2,17,4,0,1,0,0,0,0,0,0,0,1,0,0,0,0,0,1,1
40,58157.66,5000.0,9,16,2,4.35,0.0859731976836757,2023,2,16,3,0,0,1,0,0,1,0,0,0,0,0,0,1,0,0,0,1
53,124251.05,5000.0,6,6,1,8.56,0.0402411086264462,2023,3,1,2,0,0,1,0,0,1,0,0,0,0,0,0,0,1,0,0,0
39,52597.76,5000.0,6,14,1,3.76,0.0950610824491385,2023,5,21,6,1,1,0,0,0,0,0,0,1,0,0,0,1,0,0,0,0
21,8078.5,2970.79,6,16,3,7.87,0.3677402983227084,2024,12,1,6,1,0,0,0,1,1,0,0,0,0,1,0,0,0,0,0,1
54,5942.79,369.03,6,22,2,3.81,0.0620970958085343,2024,10,10,3,0,0,0,0,1,0,1,0,0,0,0,0,1,0,0,0,0
19,59603.24,5000.0,9,5,0,3.26,0.0838880570921983,2024,7,21,6,1,0,1,0,0,0,0,0,0,1,0,0,0,1,0,0,0
35,51682.13,5000.0,6,14,1,6.6,0.0967452386347079,2023,1,16,0,0,0,1,0,0,0,0,0,1,0,1,0,0,0,0,0,0
36,18008.91,5000.0,9,11,1,3.12,0.2776403458066035,2024,10,16,2,0,0,0,1,0,0,0,0,0,1,1,0,0,0,0,0,0
55,57680.94,5000.0,6,5,0,9.03,0.0866837468321424,2023,2,12,6,1,0,1,0,0,0,1,0,0,0,0,0,0,0,1,0,0
31,37384.1,5000.0,3,13,2,5.65,0.1337466998001824,2024,10,28,0,0,1,0,0,0,0,0,0,0,1,0,0,0,0,1,0,0
54,58923.87,5000.0,6,2,1,4.05,0.0848552547549914,2024,12,5,3,0,0,1,0,0,0,0,0,0,1,0,0,0,0,1,0,0
24,5000.0,2397.57,6,13,1,3.56,0.479514,2024,11,17,6,1,0,0,0,1,0,0,0,0,1,1,0,0,0,0,0,0
24,30169.37,435.44,9,11,1,4.01,0.014433181733659,2024,7,7,6,1,1,0,0,0,0,0,1,0,0,0,0,0,1,0,0,1
32,17224.95,100.0,6,13,1,4.22,0.00580553209153,2023,5,18,3,0,0,0,1,0,0,1,0,0,0,0,0,1,0,0,0,0
40,51963.47,5000.0,12,10,1,8.56,0.0962214417166521,2024,12,27,4,0,1,0,0,0,1,0,0,0,0,0,0,0,0,0,1,0
43,86404.73,5000.0,6,1,0,2.85,0.0578672024089422,2023,4,25,1,0,0,1,0,0,0,0,1,0,0,0,0,1,0,0,0,0
29,20189.85,5000.0,12,5,0,9.4,0.2476491900633239,2024,11,9,5,1,0,0,1,0,0,1,0,0,0,0,0,0,1,0,0,1
24,43644.9,5000.0,12,2,0,2.28,0.114560922352898,2023,6,8,3,0,1,0,0,0,0,0,0,1,0,0,0,0,1,0,0,1
33,22887.46,5000.0,9,15,2,5.19,0.218460239799436,2024,8,29,3,0,0,0,1,0,0,0,0,1,0,0,0,0,1,0,0,1
30,11134.76,4521.21,12,2,1,6.51,0.4060446745147628,2023,3,17,4,0,0,0,1,0,0,0,1,0,0,1,0,0,0,0,0,0
27,71807.62,5000.0,12,8,2,2.48,0.0696304932540585,2023,3,4,5,1,1,0,0,0,0,0,0,1,0,0,0,0,0,1,0,0
30,72484.38,5000.0,12,0,1,3.78,0.0689803789450913,2023,4,26,2,0,1,0,0,0,0,0,1,0,0,0,0,0,1,0,0,0
18,13027.26,5000.0,6,16,1,4.32,0.3838105633878498,2024,12,9,0,0,0,0,1,0,0,0,1,0,0,0,0,0,1,0,0,1
31,17807.39,100.0,6,7,3,7.35,0.0056156460885059,2023,6,1,3,0,0,0,1,0,0,0,1,0,0,0,0,1,0,0,0,1
58,11679.87,2850.73,9,9,1,4.37,0.2440720658705961,2023,4,3,0,0,0,0,0,1,1,0,0,0,0,0,0,0,0,0,1,0
26,58430.16,5000.0,3,1,0,5.99,0.0855722455663308,2024,12,25,2,0,0,1,0,0,0,0,1,0,0,0,0,0,1,0,0,0
51,20614.71,5000.0,9,0,0,6.44,0.242545250454651,2023,1,31,1,0,0,0,0,1,0,1,0,0,0,0,0,1,0,0,0,1
31,40799.61,5000.0,6,2,0,7.13,0.1225501910434928,2023,1,30,0,0,1,0,0,0,0,0,1,0,0,0,1,0,0,0,0,0
32,6333.94,1404.87,9,9,1,4.18,0.2218003328102255,2023,2,10,4,0,0,0,0,1,0,1,0,0,0,0,0,0,0,0,1,0
47,38597.6,5000.0,3,2,0,4.81,0.1295417331647563,2024,7,16,1,0,1,0,0,0,1,0,0,0,0,0,0,0,1,0,0,0
54,29891.2,5000.0,3,9,1,2.23,0.16727331120865,2024,10,20,6,1,0,1,0,0,0,0,0,1,0,0,0,0,0,1,0,0
59,56116.17,5000.0,6,6,0,2.24,0.0891008776971058,2023,5,24,2,0,0,1,0,0,0,0,0,1,0,0,0,0,1,0,0,0
46,103152.26,3786.84,12,17,3,5.93,0.0367111685192355,2024,10,8,1,0,0,1,0,0,0,0,0,0,1,0,0,0,0,0,1,1
38,11983.02,3922.34,3,19,2,8.53,0.3273248313029603,2024,9,1,6,1,0,0,0,1,0,1,0,0,0,0,0,0,0,0,1,0
55,13547.28,5000.0,6,17,1,9.26,0.3690777779746192,2024,8,2,4,0,0,0,0,1,0,0,0,1,0,0,1,0,0,0,0,1
39,16669.66,3912.24,9,9,3,7.02,0.2346922492720307,2024,12,16,0,0,0,0,1,0,1,0,0,0,0,1,0,0,0,0,0,1
47,19000.2,5000.0,3,9,2,6.77,0.2631551246828981,2023,5,16,1,0,0,0,1,0,0,0,0,1,0,1,0,0,0,0,0,1
59,81520.05,5000.0,9,11,3,5.65,0.061334604186332,2023,2,15,2,0,0,1,0,0,0,0,0,0,1,0,0,1,0,0,0,0
49,81915.77,5000.0,6,0,0,9.01,0.0610383080083358,2024,11,28,3,0,0,1,0,0,0,0,0,1,0,1,0,0,0,0,0,0
28,19712.95,5000.0,6,10,1,3.12,0.2536403734600859,2023,1,25,2,0,0,0,1,0,0,0,1,0,0,0,0,0,1,0,0,0
26,27975.27,5000.0,3,10,2,3.95,0.178729284829065,2024,8,10,5,1,0,1,0,0,0,0,0,1,0,0,0,1,0,0,0,1
37,24127.63,5000.0,3,1,0,1.84,0.2072312945780418,2024,9,20,4,0,0,0,1,0,0,0,0,0,1,0,0,1,0,0,0,1
19,7932.43,3703.9,12,13,1,3.17,0.4669313186501488,2024,10,16,2,0,0,0,0,1,1,0,0,0,0,0,0,1,0,0,0,1
31,49058.19,5000.0,6,28,1,2.18,0.1019197813861457,2024,7,26,4,0,1,0,0,0,0,0,0,1,0,0,0,1,0,0,0,1
54,74115.51,5000.0,6,3,0,6.15,0.067462262622223,2023,6,28,2,0,1,0,0,0,0,0,0,0,1,0,0,0,0,0,1,0
59,138674.69,5000.0,9,7,2,7.21,0.0360556061095215,2024,10,2,2,0,0,1,0,0,1,0,0,0,0,0,0,0,0,0,1,0
21,5000.0,577.2,9,9,1,7.69,0.11544,2024,8,1,3,0,0,0,0,1,0,0,1,0,0,0,0,0,1,0,0,1
28,11357.36,5000.0,6,7,1,3.75,0.4402431550994244,2024,11,1,4,0,0,0,1,0,1,0,0,0,0,1,0,0,0,0,0,0
54,9894.97,451.11,6,19,2,8.7,0.0455898299843253,2023,4,2,6,1,0,0,0,1,0,0,1,0,0,1,0,0,0,0,0,0
38,53212.81,5000.0,9,1,0,9.76,0.093962337264279,2023,2,11,5,1,1,0,0,0,1,0,0,0,0,0,1,0,0,0,0,0
39,52312.1,1356.37,9,12,1,8.72,0.025928418090652,2023,4,28,4,0,0,1,0,0,0,1,0,0,0,0,0,0,1,0,0,1
28,10871.93,5000.0,3,7,2,2.21,0.4598999441681468,2024,8,15,3,0,0,0,0,1,0,0,0,0,1,0,0,0,1,0,0,0
43,112535.2,5000.0,3,20,3,6.34,0.0444305426213309,2023,2,1,2,0,0,1,0,0,0,0,0,0,1,0,0,0,0,0,1,1
50,72766.67,5000.0,6,9,1,4.39,0.0687127774295567,2024,8,3,5,1,0,1,0,0,0,0,0,0,1,0,0,0,0,1,0,0
39,53862.78,5000.0,12,2,0,3.74,0.092828480074738,2023,4,15,5,1,1,0,0,0,0,0,0,1,0,0,0,0,1,0,0,0
36,13312.98,2932.68,12,17,2,6.66,0.2202872685153887,2023,4,1,5,1,0,0,1,0,0,1,0,0,0,0,0,0,0,1,0,1
22,61167.95,5000.0,6,8,1,6.77,0.081742154183686,2024,9,1,6,1,0,1,0,0,0,0,0,1,0,0,0,0,0,0,1,0
41,64841.95,5000.0,12,3,2,8.19,0.0771105742501575,2023,2,12,6,1,1,0,0,0,0,0,0,0,1,0,0,0,0,0,1,0
26,6698.25,1171.45,6,14,2,3.68,0.1748889635352517,2024,9,12,3,0,0,0,0,1,0,0,0,0,1,0,1,0,0,0,0,0
35,33834.19,5000.0,9,16,2,6.78,0.1477795094252293,2023,4,6,3,0,1,0,0,0,0,0,1,0,0,0,0,0,1,0,0,0
20,48491.06,5000.0,9,2,0,9.95,0.103111790090792,2024,11,13,2,0,0,1,0,0,1,0,0,0,0,0,1,0,0,0,0,0
52,19437.53,5000.0,3,3,1,7.81,0.257234329670488,2024,10,11,4,0,0,0,1,0,0,0,0,1,0,0,0,0,0,0,1,0
59,75780.1,5000.0,12,1,0,3.4,0.0659803827126118,2023,6,29,3,0,1,0,0,0,0,0,0,0,1,0,0,0,1,0,0,0
41,44754.12,5000.0,9,1,0,1.1,0.111721557702397,2024,12,5,3,0,0,1,0,0,1,0,0,0,0,0,0,0,0,1,0,0
23,48708.11,5000.0,3,14,1,8.56,0.1026523098514805,2023,2,28,1,0,1,0,0,0,0,1,0,0,0,1,0,0,0,0,0,0
58,14916.91,2816.85,3,0,1,4.92,0.1888360256916479,2023,4,20,3,0,0,0,1,0,0,0,0,1,0,0,0,1,0,0,0,0
32,55414.72,5000.0,9,12,2,9.66,0.0902287334484411,2023,4,6,3,0,0,1,0,0,0,0,0,1,0,0,0,1,0,0,0,1
51,67807.82,5000.0,9,3,0,6.11,0.0737378078221656,2024,11,7,3,0,1,0,0,0,0,0,0,0,1,0,1,0,0,0,0,0
36,27607.45,5000.0,9,4,0,7.09,0.1811105335697429,2024,12,27,4,0,1,0,0,0,1,0,0,0,0,0,1,0,0,0,0,0
35,5457.25,1223.2,3,22,5,9.6,0.2241421961610701,2024,7,10,2,0,0,0,0,1,1,0,0,0,0,1,0,0,0,0,0,0
57,10000.2,100.0,3,9,1,8.07,0.0099998000039999,2024,8,24,5,1,0,0,0,1,0,0,0,1,0,0,0,1,0,0,0,1
25,35539.11,5000.0,3,23,1,3.61,0.1406900735555842,2023,1,25,2,0,0,1,0,0,0,0,0,0,1,0,0,1,0,0,0,1
59,22015.78,5000.0,6,0,0,1.06,0.2271098275873033,2024,11,20,2,0,0,0,1,0,0,0,1,0,0,1,0,0,0,0,0,1
23,12681.02,2184.26,3,3,0,6.11,0.1722463965832401,2024,7,18,3,0,0,0,1,0,0,0,0,1,0,0,1,0,0,0,0,0
59,17728.61,3829.67,3,4,0,7.98,0.2160163712778385,2023,6,9,4,0,1,0,0,0,1,0,0,0,0,1,0,0,0,0,0,0
38,19863.87,5000.0,3,1,0,4.96,0.2517132864844564,2023,2,4,5,1,0,0,1,0,0,0,1,0,0,0,0,1,0,0,0,0
31,49215.54,840.39,9,4,0,7.29,0.0170757041373517,2023,3,23,3,0,1,0,0,0,0,0,1,0,0,0,0,1,0,0,0,1
53,5392.22,2409.37,9,15,1,1.54,0.4468233862861678,2024,12,17,1,0,0,0,1,0,1,0,0,0,0,0,0,0,1,0,0,0
45,18265.87,266.09,3,17,1,7.88,0.0145676061419467,2023,1,10,1,0,0,0,1,0,1,0,0,0,0,0,0,0,1,0,0,1
21,10830.62,3253.25,12,5,0,8.49,0.3003752324428334,2023,2,2,3,0,0,0,0,1,0,0,0,0,1,0,0,0,0,0,1,1
20,11189.77,100.0,6,10,1,6.79,0.0089367341777355,2024,12,7,5,1,0,0,1,0,1,0,0,0,0,1,0,0,0,0,0,1
31,28207.8,5000.0,12,20,1,6.86,0.1772559363013067,2023,6,10,5,1,0,1,0,0,0,0,0,1,0,0,1,0,0,0,0,0
48,74617.34,5000.0,9,20,2,1.57,0.0670085532397697,2023,2,6,0,0,1,0,0,0,1,0,0,0,0,0,0,0,1,0,0,0
43,103694.09,5000.0,12,10,1,2.24,0.0482187557651549,2023,3,25,5,1,0,1,0,0,0,0,0,0,1,0,0,1,0,0,0,0
51,111109.28,5000.0,3,9,1,4.2,0.0450007416122217,2023,6,27,1,0,0,1,0,0,0,0,0,1,0,0,0,0,0,1,0,0
57,82919.36,5000.0,3,1,0,6.43,0.0602995488628952,2024,12,25,2,0,1,0,0,0,0,1,0,0,0,0,1,0,0,0,0,0
43,71672.22,5000.0,6,0,0,8.63,0.0697620361138527,2024,8,11,6,1,1,0,0,0,0,0,0,0,1,1,0,0,0,0,0,0
32,67879.32,5000.0,9,18,4,8.75,0.0736601368428558,2023,5,26,4,0,1,0,0,0,0,0,0,1,0,1,0,0,0,0,0,1
35,83720.04,100.0,12,17,1,2.89,0.0011944571455054,2023,5,16,1,0,1,0,0,0,0,0,1,0,0,0,0,1,0,0,0,0
42,9422.29,5000.0,6,13,1,5.02,0.5306565601355934,2023,5,12,4,0,0,0,0,1,0,0,0,1,0,0,0,0,1,0,0,0
30,12170.02,3405.45,9,17,2,6.45,0.2798228762154869,2023,1,9,0,0,0,0,0,1,0,1,0,0,0,0,0,1,0,0,0,1
55,17606.94,5000.0,3,1,0,4.21,0.2839789310351486,2023,4,8,5,1,0,0,0,1,1,0,0,0,0,0,0,0,0,1,0,0
50,70359.09,5000.0,6,1,0,4.9,0.071064023141857,2023,6,14,2,0,1,0,0,0,0,0,0,1,0,0,0,0,0,0,1,0
24,5034.62,866.36,3,3,0,8.04,0.1720805145174809,2024,8,18,6,1,0,0,0,1,0,0,1,0,0,0,0,0,0,0,1,0
23,9829.65,1822.27,3,8,1,3.63,0.1853850340551291,2024,11,6,2,0,0,0,0,1,0,0,0,0,1,0,1,0,0,0,0,0
28,64750.25,5000.0,12,0,0,2.58,0.077219779074212,2023,2,1,2,0,1,0,0,0,0,0,1,0,0,1,0,0,0,0,0,0
23,60745.27,100.0,3,2,0,8.17,0.0016462187097036,2023,5,2,1,0,1,0,0,0,1,0,0,0,0,0,0,0,0,1,0,0
27,13209.08,4130.03,3,8,1,9.55,0.312665984307764,2023,5,3,2,0,0,0,1,0,1,0,0,0,0,0,0,1,0,0,0,1
47,54768.51,5000.0,3,7,1,3.08,0.0912933362620235,2024,11,19,1,0,1,0,0,0,0,0,0,0,1,0,0,0,0,0,1,0
59,68086.33,5000.0,12,19,1,6.54,0.0734361802141487,2024,10,2,2,0,1,0,0,0,1,0,0,0,0,0,0,1,0,0,0,0
51,16412.73,5000.0,6,3,0,8.06,0.3046415800418334,2024,12,18,2,0,0,0,1,0,0,0,0,0,1,0,1,0,0,0,0,1
30,16870.02,1464.54,3,11,1,8.76,0.0868131750881148,2024,8,6,1,0,0,0,1,0,0,1,0,0,0,1,0,0,0,0,0,1
34,9339.0,3168.75,9,3,0,8.0,0.3393029232251847,2023,6,11,6,1,0,0,0,1,1,0,0,0,0,0,0,0,1,0,0,0
26,88920.02,5000.0,6,13,2,7.58,0.0562303067408216,2023,2,5,6,1,0,1,0,0,0,0,0,0,1,0,0,0,0,1,0,0
51,37175.61,5000.0,3,16,1,9.55,0.1344967843163838,2023,5,24,2,0,1,0,0,0,0,0,1,0,0,0,0,0,1,0,0,1
57,119935.82,5000.0,3,13,1,9.76,0.041688963313879,2024,7,6,5,1,0,1,0,0,0,0,0,1,0,1,0,0,0,0,0,0
19,47440.39,5000.0,9,1,0,5.61,0.1053954236042326,2023,5,1,0,0,1,0,0,0,0,0,0,1,0,0,0,0,0,1,0,1
50,73248.65,5000.0,12,24,2,5.23,0.0682606437115223,2024,7,31,2,0,0,1,0,0,0,0,1,0,0,1,0,0,0,0,0,1
54,72412.41,5000.0,3,6,1,3.11,0.0690489378823326,2023,5,12,4,0,0,1,0,0,0,1,0,0,0,0,0,1,0,0,0,0
29,11358.24,854.37,6,1,0,8.8,0.0752202806068545,2023,6,18,6,1,0,0,0,1,0,0,1,0,0,0,0,0,0,1,0,0
50,89320.13,5000.0,3,1,0,6.01,0.0559784227810684,2024,7,10,2,0,0,1,0,0,0,0,0,1,0,0,0,1,0,0,0,0
53,21350.44,2787.28,3,4,0,9.03,0.1305490659677271,2024,7,6,5,1,0,0,1,0,0,0,1,0,0,0,0,1,0,0,0,0
52,13665.97,3644.41,6,17,2,3.56,0.2666777404018888,2024,10,4,4,0,0,0,1,0,0,0,1,0,0,1,0,0,0,0,0,1
57,51941.19,5000.0,9,4,1,3.28,0.0962627155827581,2024,11,14,3,0,0,1,0,0,0,0,0,1,0,0,0,0,0,0,1,1
41,18499.11,5000.0,3,15,2,9.31,0.2702832730871917,2023,6,27,1,0,0,0,1,0,1,0,0,0,0,1,0,0,0,0,0,1
47,99580.93,5000.0,9,11,1,7.15,0.0502104167936571,2024,11,25,0,0,0,1,0,0,0,0,0,0,1,0,0,1,0,0,0,0
58,47258.91,5000.0,6,18,1,8.07,0.1058001549337468,2023,4,7,4,0,1,0,0,0,1,0,0,0,0,0,0,0,1,0,0,0
48,123241.37,100.0,12,2,1,4.11,0.0008114158419368,2023,2,9,3,0,0,1,0,0,0,0,0,0,1,0,0,0,1,0,0,0
23,33789.24,5000.0,12,20,1,7.32,0.1479761012677408,2023,4,10,0,0,1,0,0,0,0,0,1,0,0,1,0,0,0,0,0,1
28,41484.19,5000.0,12,5,1,3.64,0.1205278444631557,2023,3,17,4,0,1,0,0,0,0,0,0,1,0,1,0,0,0,0,0,0
39,47181.61,5000.0,3,8,1,7.38,0.1059734926383393,2024,9,9,0,0,1,0,0,0,0,0,0,0,1,0,0,1,0,0,0,0
56,59593.92,5000.0,12,2,0,9.78,0.0839011764958573,2024,11,7,3,0,1,0,0,0,0,1,0,0,0,0,0,0,1,0,0,0
45,68282.57,5000.0,12,20,3,3.31,0.0732251290483061,2024,12,14,5,1,0,1,0,0,0,1,0,0,0,0,0,0,0,1,0,1
23,8770.84,3529.35,12,12,2,8.02,0.402395893665829,2023,4,30,6,1,0,0,0,1,0,1,0,0,0,1,0,0,0,0,0,1
46,27592.5,5000.0,6,10,3,8.56,0.1812086617740328,2023,5,21,6,1,1,0,0,0,1,0,0,0,0,0,0,1,0,0,0,1
22,9036.31,1295.22,12,0,0,3.49,0.1433350560129079,2024,7,28,6,1,0,0,0,1,0,0,1,0,0,0,1,0,0,0,0,1
44,99957.28,5000.0,12,5,0,3.49,0.0500213691288918,2024,9,1,6,1,0,1,0,0,1,0,0,0,0,0,1,0,0,0,0,0
36,41602.93,5000.0,3,13,1,5.25,0.1201838428206859,2023,3,11,5,1,0,1,0,0,1,0,0,0,0,0,0,0,0,0,1,1
52,19920.09,2906.85,12,10,1,8.98,0.1459255455171136,2024,7,28,6,1,0,0,1,0,0,0,0,0,1,0,0,0,1,0,0,0
53,65406.47,5000.0,9,3,0,5.31,0.0764450367066132,2024,10,19,5,1,1,0,0,0,0,1,0,0,0,0,0,0,1,0,0,0
19,13566.0,3198.82,12,7,1,9.55,0.235796845053811,2024,9,24,1,0,0,0,1,0,1,0,0,0,0,0,0,0,0,0,1,1
57,61321.83,5000.0,3,15,1,8.01,0.0815370317552493,2024,9,27,4,0,1,0,0,0,0,0,0,1,0,0,0,0,1,0,0,0
57,19073.13,5000.0,3,11,1,2.37,0.2621488974279523,2023,4,10,0,0,0,0,1,0,0,1,0,0,0,0,0,1,0,0,0,1
32,9235.58,2050.57,3,8,1,1.2,0.2220293690271753,2023,6,22,3,0,0,0,1,0,0,0,1,0,0,0,0,1,0,0,0,0
18,8783.91,3842.26,12,15,1,6.0,0.4374202376845847,2024,10,21,0,0,0,0,0,1,0,0,1,0,0,0,0,1,0,0,0,0
56,7494.69,3508.72,9,10,1,3.08,0.4681607911734841,2023,5,2,1,0,0,0,1,0,0,1,0,0,0,0,1,0,0,0,0,0
41,100739.87,5000.0,3,19,1,4.76,0.0496327819362879,2023,5,30,1,0,0,1,0,0,0,0,0,1,0,0,1,0,0,0,0,0
52,10610.46,3794.73,12,18,1,4.5,0.3576404793006147,2023,6,2,4,0,0,0,0,1,0,0,0,1,0,0,0,0,0,0,1,1
47,5107.15,1344.22,3,0,0,9.67,0.2632035479670658,2024,12,7,5,1,0,0,0,1,0,0,0,1,0,0,0,1,0,0,0,1
29,75273.1,5000.0,3,6,0,2.51,0.0664247918579147,2023,1,19,3,0,1,0,0,0,0,0,1,0,0,0,0,1,0,0,0,0
30,44923.97,5000.0,9,11,2,8.45,0.1112991572205217,2024,10,18,4,0,0,1,0,0,1,0,0,0,0,0,0,0,1,0,0,1
22,9653.55,2600.59,3,11,3,6.91,0.2693920889206562,2023,6,16,4,0,0,0,1,0,0,0,1,0,0,0,1,0,0,0,0,0
40,10503.0,5000.0,3,2,1,8.5,0.4760544606302961,2023,2,17,4,0,0,0,0,1,0,0,1,0,0,1,0,0,0,0,0,0
54,27164.46,4909.26,12,4,0,3.08,0.1807236366929436,2024,8,23,4,0,0,0,1,0,0,0,0,0,1,0,0,0,1,0,0,0
26,45270.5,5000.0,3,0,0,6.02,0.1104472007156978,2023,3,21,1,0,1,0,0,0,1,0,0,0,0,0,0,0,0,0,1,0
56,69724.15,5000.0,6,5,1,8.48,0.0717111646395115,2023,2,8,2,0,0,1,0,0,0,0,0,1,0,1,0,0,0,0,0,0
22,50374.17,5000.0,6,6,2,1.42,0.0992572185308462,2023,6,5,0,0,0,1,0,0,0,0,0,0,1,0,0,0,1,0,0,1
43,96075.14,3138.75,12,0,0,3.16,0.0326697416209854,2024,9,10,1,0,0,1,0,0,1,0,0,0,0,0,0,0,0,1,0,0
50,72103.36,5000.0,12,0,0,9.27,0.0693448959937512,2023,6,19,0,0,1,0,0,0,0,0,1,0,0,0,0,0,1,0,0,0
51,30433.01,5000.0,9,11,1,6.67,0.1642952833124295,2024,7,15,0,0,0,0,1,0,0,0,1,0,0,0,1,0,0,0,0,1
26,15389.11,5000.0,12,15,3,5.7,0.3249050789811756,2024,7,8,0,0,0,0,1,0,0,1,0,0,0,0,1,0,0,0,0,1
34,70118.84,4549.16,3,2,0,4.14,0.064877855937149,2024,11,17,6,1,0,1,0,0,0,0,0,0,1,0,0,1,0,0,0,0
51,71448.72,5000.0,9,7,1,2.97,0.0699802599682681,2024,9,19,3,0,1,0,0,0,0,0,1,0,0,0,0,0,0,1,0,0
59,8550.18,2744.65,12,18,2,5.81,0.3210049379077399,2023,6,13,1,0,0,0,1,0,1,0,0,0,0,0,0,0,0,0,1,1
38,12329.51,5000.0,9,11,2,8.51,0.4055311200526217,2023,1,16,0,0,0,0,0,1,0,1,0,0,0,0,0,0,1,0,0,1
58,13990.78,5000.0,12,2,0,9.49,0.3573782162252569,2023,4,19,2,0,0,0,0,1,0,0,0,0,1,0,1,0,0,0,0,0
59,84862.55,5000.0,9,12,1,2.06,0.05891880458459,2024,7,4,3,0,0,1,0,0,0,0,0,0,1,0,0,1,0,0,0,0
59,48636.49,5000.0,6,1,0,1.89,0.1028034712208878,2023,3,23,3,0,1,0,0,0,0,0,0,1,0,0,0,1,0,0,0,0
30,50571.58,5000.0,12,8,1,5.2,0.09886976044648,2024,8,24,5,1,1,0,0,0,0,0,0,0,1,0,0,0,0,1,0,0
56,13945.39,5000.0,6,12,2,7.58,0.3585414248005972,2024,9,16,0,0,0,0,0,1,0,1,0,0,0,0,1,0,0,0,0,0
43,48253.1,5000.0,12,17,2,8.28,0.1036202855360588,2024,12,19,3,0,1,0,0,0,0,1,0,0,0,0,1,0,0,0,0,1
24,10652.92,4543.51,12,3,1,6.19,0.4265037191680779,2024,9,27,4,0,0,0,0,1,1,0,0,0,0,0,0,0,0,0,1,0
38,10295.55,1006.21,9,4,0,5.48,0.0977325155042712,2024,8,17,5,1,0,0,0,1,0,0,0,1,0,0,1,0,0,0,0,0
50,5000.0,2348.23,12,5,1,2.18,0.469646,2023,2,11,5,1,0,0,0,1,0,1,0,0,0,0,0,1,0,0,0,0
58,71507.29,5000.0,9,0,0,3.49,0.0699229407239457,2023,5,30,1,0,1,0,0,0,0,0,1,0,0,1,0,0,0,0,0,0
33,50260.11,5000.0,6,1,0,7.88,0.0994824722826909,2024,12,29,6,1,1,0,0,0,0,0,0,0,1,0,0,0,0,1,0,0
49,8268.86,2977.21,12,11,2,1.14,0.3600508413493516,2024,9,25,2,0,0,0,0,1,0,1,0,0,0,0,0,0,1,0,0,1
19,26043.08,5000.0,12,19,2,4.3,0.1919895803414956,2024,8,2,4,0,1,0,0,0,0,0,0,1,0,1,0,0,0,0,0,1
38,6652.18,281.57,9,11,2,8.21,0.042327477608844,2024,7,1,0,0,0,0,0,1,0,0,0,1,0,0,0,0,0,0,1,1
24,32122.0,5000.0,3,18,2,5.86,0.1556565593674117,2024,12,12,3,0,0,1,0,0,0,0,1,0,0,0,0,1,0,0,0,0
31,60847.04,100.0,6,16,2,9.8,0.0016434653189374,2023,1,11,2,0,0,1,0,0,0,1,0,0,0,0,0,1,0,0,0,0
20,5000.0,1102.78,9,13,2,9.69,0.220556,2023,3,2,3,0,0,0,0,1,0,0,0,0,1,0,1,0,0,0,0,1
39,46586.56,5000.0,3,20,1,5.42,0.1073270917620876,2023,4,2,6,1,1,0,0,0,0,0,1,0,0,0,0,0,1,0,0,0
28,37500.53,5000.0,6,15,2,3.95,0.133331448915522,2024,8,3,5,1,1,0,0,0,0,0,0,0,1,0,0,1,0,0,0,0
18,46677.23,5000.0,6,2,0,1.84,0.1071186100803325,2023,4,6,3,0,0,1,0,0,0,0,0,0,1,0,0,0,0,0,1,1
44,31336.01,5000.0,12,6,1,7.62,0.1595608375156888,2024,10,30,2,0,1,0,0,0,0,0,1,0,0,1,0,0,0,0,0,0
59,12725.9,1196.32,6,3,0,1.5,0.0940067107237995,2024,9,29,6,1,0,0,1,0,0,0,1,0,0,1,0,0,0,0,0,1
29,10133.67,4291.26,12,15,1,8.32,0.4234655361779099,2024,11,29,4,0,0,0,1,0,0,0,0,0,1,1,0,0,0,0,0,0
33,37758.49,5000.0,3,8,3,1.38,0.1324205496565143,2023,5,19,4,0,1,0,0,0,0,1,0,0,0,0,0,1,0,0,0,1
28,14545.02,5000.0,9,1,0,8.99,0.3437602698380614,2023,4,12,2,0,0,0,0,1,1,0,0,0,0,0,0,0,1,0,0,1
32,32334.41,5000.0,12,16,5,4.11,0.1546340261040792,2024,9,6,4,0,0,1,0,0,1,0,0,0,0,1,0,0,0,0,0,1
20,20589.24,5000.0,9,5,1,1.95,0.2428452920068929,2023,3,1,2,0,1,0,0,0,1,0,0,0,0,0,0,0,1,0,0,0
33,9579.45,3343.44,6,9,2,9.6,0.3490221254873714,2023,3,22,2,0,0,0,0,1,0,0,0,0,1,0,0,1,0,0,0,0
48,19747.07,5000.0,12,2,0,1.56,0.2532021206184006,2023,6,6,1,0,0,0,0,1,0,0,0,0,1,1,0,0,0,0,0,0
49,12147.42,4140.51,6,3,0,4.24,0.3408550951560084,2023,4,17,0,0,0,0,0,1,0,0,0,1,0,0,1,0,0,0,0,0
26,16909.46,5000.0,9,9,2,4.23,0.2956924703686575,2023,5,16,1,0,0,0,0,1,1,0,0,0,0,0,0,0,1,0,0,0
56,86265.26,5000.0,9,18,1,2.68,0.0579607596383526,2024,12,18,2,0,0,1,0,0,0,0,1,0,0,0,1,0,0,0,0,0
23,50263.78,5000.0,9,4,0,5.8,0.0994752085895648,2023,2,3,4,0,0,1,0,0,0,0,0,1,0,1,0,0,0,0,0,0
48,85640.92,5000.0,3,10,1,9.0,0.0583833055506643,2024,9,18,2,0,1,0,0,0,0,0,0,0,1,1,0,0,0,0,0,0
34,6530.53,1366.54,9,0,0,8.48,0.2092540727934792,2023,6,22,3,0,0,0,0,1,0,1,0,0,0,0,0,1,0,0,0,0
47,7629.86,2603.78,9,1,1,8.64,0.3412618318029427,2023,3,27,0,0,0,0,1,0,1,0,0,0,0,0,0,0,0,0,1,0
32,5000.0,1677.88,3,22,1,1.38,0.335576,2023,1,28,5,1,0,0,0,1,0,0,0,0,1,0,1,0,0,0,0,1
24,66478.42,5000.0,6,14,1,6.98,0.0752123771894699,2023,5,30,1,0,0,1,0,0,0,0,0,0,1,0,0,0,0,1,0,0
26,63620.4,5000.0,3,19,1,9.42,0.0785911437211963,2024,10,31,3,0,1,0,0,0,0,0,0,0,1,0,0,0,0,1,0,1
42,31399.76,100.0,3,0,0,7.61,0.0031847377177405,2024,9,13,4,0,0,0,1,0,0,0,0,1,0,0,0,1,0,0,0,1
25,13682.52,5000.0,3,4,0,9.32,0.3654297600149679,2023,2,18,5,1,0,0,0,1,1,0,0,0,0,1,0,0,0,0,0,0
39,76501.97,5000.0,9,0,0,8.8,0.0653577940541923,2024,12,21,5,1,0,1,0,0,0,1,0,0,0,0,0,1,0,0,0,0
33,60649.25,5000.0,9,13,2,9.54,0.0824412503040021,2023,5,29,0,0,0,1,0,0,0,1,0,0,0,0,0,0,0,0,1,0
23,10417.6,2405.42,9,0,0,1.3,0.2308996313930272,2023,2,20,0,0,0,0,0,1,1,0,0,0,0,0,0,1,0,0,0,1
37,9060.84,1401.57,12,20,1,1.28,0.1546843339028169,2023,3,10,4,0,0,0,0,1,1,0,0,0,0,0,0,0,0,0,1,1
36,5000.0,872.08,3,20,3,7.07,0.174416,2024,9,24,1,0,0,0,1,0,0,1,0,0,0,0,0,1,0,0,0,1
32,10401.57,2407.7,6,0,0,6.81,0.2314746716120739,2024,8,29,3,0,0,0,0,1,0,0,1,0,0,1,0,0,0,0,0,0
58,15514.11,4212.87,6,14,2,9.75,0.271550865631351,2023,5,9,1,0,0,0,0,1,0,1,0,0,0,0,0,1,0,0,0,0
41,117505.05,5000.0,12,5,1,1.11,0.0425513626861143,2024,12,19,3,0,0,1,0,0,0,0,1,0,0,0,0,1,0,0,0,0
30,5000.0,1897.38,6,13,1,4.85,0.379476,2023,6,9,4,0,0,1,0,0,0,0,0,1,0,1,0,0,0,0,0,0
45,20541.92,5000.0,6,5,1,5.25,0.2434047060839493,2023,6,16,4,0,0,0,0,1,0,0,0,1,0,0,1,0,0,0,0,1
53,59020.79,5000.0,12,19,1,6.54,0.0847159111221655,2024,8,7,2,0,0,1,0,0,0,1,0,0,0,1,0,0,0,0,0,0
27,12461.8,5000.0,9,1,0,5.77,0.4012261471055546,2024,7,8,0,0,0,0,0,1,0,1,0,0,0,0,0,1,0,0,0,1
29,9819.16,4877.59,3,17,2,9.23,0.4967420838442392,2024,9,29,6,1,0,0,0,1,1,0,0,0,0,0,1,0,0,0,0,1
59,16219.16,5000.0,6,0,0,8.02,0.3082773707146363,2024,8,24,5,1,0,0,1,0,0,0,1,0,0,0,0,1,0,0,0,1
36,16741.38,5000.0,6,3,0,6.13,0.2986611617441334,2024,12,19,3,0,0,0,1,0,0,0,0,0,1,0,1,0,0,0,0,0
27,12255.74,3049.01,3,8,2,9.07,0.248782203277811,2023,2,17,4,0,0,0,1,0,0,1,0,0,0,1,0,0,0,0,0,1
58,20224.5,5000.0,3,10,2,6.8,0.2472249004919775,2023,3,15,2,0,0,0,0,1,1,0,0,0,0,0,0,1,0,0,0,0
24,27203.53,5000.0,9,6,4,9.07,0.1837996759979311,2024,7,14,6,1,1,0,0,0,0,0,0,0,1,1,0,0,0,0,0,1
22,6320.49,1528.33,12,14,1,6.83,0.2418056195010197,2024,12,28,5,1,0,0,0,1,1,0,0,0,0,0,0,0,0,0,1,0
45,57996.95,5000.0,6,16,1,2.7,0.0862114300838233,2024,8,17,5,1,0,1,0,0,0,0,0,0,1,0,0,1,0,0,0,1
24,31434.69,5000.0,9,2,0,4.62,0.1590599430120036,2023,1,5,3,0,1,0,0,0,0,1,0,0,0,0,0,0,1,0,0,1
26,52799.34,5000.0,3,13,1,2.43,0.0946981534238875,2023,6,25,6,1,1,0,0,0,0,0,0,0,1,0,0,0,0,1,0,0
41,50858.66,5000.0,3,0,0,9.77,0.0983116739607374,2023,5,19,4,0,1,0,0,0,0,0,0,0,1,1,0,0,0,0,0,0
47,13179.49,4417.6,9,4,0,6.04,0.3351874769054038,2024,12,24,1,0,0,0,0,1,0,0,1,0,0,1,0,0,0,0,0,0
41,21738.2,5000.0,9,16,3,8.21,0.2300098444213412,2023,2,20,0,0,0,0,1,0,1,0,0,0,0,1,0,0,0,0,0,0
59,58366.34,5000.0,12,4,2,4.43,0.0856658135493848,2023,1,6,4,0,0,1,0,0,0,0,1,0,0,0,0,0,1,0,0,0
25,11864.35,4431.27,12,18,2,2.42,0.3734945445810348,2024,10,6,6,1,0,0,1,0,0,0,0,0,1,0,1,0,0,0,0,1
38,10858.65,4029.68,9,20,2,5.76,0.3711032218553872,2024,12,18,2,0,0,0,0,1,0,0,0,0,1,0,0,0,1,0,0,1
50,23914.38,5000.0,12,3,0,5.45,0.2090792234630377,2024,11,20,2,0,0,0,1,0,0,0,1,0,0,0,1,0,0,0,0,0
52,65726.52,5000.0,6,19,2,4.81,0.0760727937520501,2024,12,23,0,0,1,0,0,0,1,0,0,0,0,0,1,0,0,0,0,1
35,8537.18,1561.09,3,5,1,6.75,0.1828578055048622,2024,7,7,6,1,0,0,0,1,0,0,0,1,0,0,0,0,1,0,0,1
26,65440.39,5000.0,6,18,1,3.75,0.0764054126205543,2023,3,1,2,0,1,0,0,0,0,1,0,0,0,1,0,0,0,0,0,0
59,83071.53,5000.0,9,14,1,2.2,0.0601890924604374,2024,10,10,3,0,1,0,0,0,0,0,0,1,0,0,0,1,0,0,0,0
27,18990.02,4844.31,12,14,3,4.33,0.2550976776222458,2023,4,16,6,1,0,0,1,0,0,0,0,0,1,0,0,0,0,0,1,1
52,20254.07,5000.0,9,21,1,3.2,0.2468639636379256,2023,6,2,4,0,0,0,1,0,1,0,0,0,0,1,0,0,0,0,0,1
48,23531.91,5000.0,9,2,2,2.0,0.2124774402077859,2024,12,8,6,1,0,0,1,0,0,0,0,0,1,0,0,0,1,0,0,0
22,5000.0,424.41,9,2,0,7.21,0.084882,2024,12,21,5,1,0,0,0,1,0,0,1,0,0,0,1,0,0,0,0,1
33,71754.36,5000.0,3,1,0,6.96,0.0696821768043084,2023,6,24,5,1,0,1,0,0,0,0,1,0,0,0,1,0,0,0,0,0
25,24639.13,5000.0,9,14,2,5.43,0.2029292430373962,2023,4,26,2,0,0,1,0,0,0,0,1,0,0,0,0,0,0,0,1,0
23,35468.23,4357.42,12,0,0,3.55,0.1228541711836198,2023,3,15,2,0,0,1,0,0,0,0,1,0,0,0,0,1,0,0,0,0
38,11896.77,3803.21,3,0,0,8.39,0.3196842504309993,2024,12,17,1,0,0,0,0,1,0,1,0,0,0,0,0,0,0,1,0,0
50,92216.49,5000.0,3,18,2,7.77,0.0542202376169381,2024,11,9,5,1,0,1,0,0,0,0,1,0,0,0,0,1,0,0,0,0
53,23312.5,5000.0,12,10,1,4.41,0.2144772117962466,2023,6,5,0,0,0,0,1,0,0,1,0,0,0,0,0,0,0,1,0,0
57,22681.58,1405.55,6,9,1,1.08,0.0619687870069016,2023,6,3,5,1,0,0,1,0,0,1,0,0,0,0,0,0,0,1,0,0
37,48473.73,5000.0,9,17,2,9.05,0.1031486539203812,2023,1,8,6,1,1,0,0,0,0,0,0,0,1,0,0,1,0,0,0,1
24,55549.73,5000.0,9,2,0,1.3,0.0900094383897095,2023,1,15,6,1,1,0,0,0,0,0,1,0,0,0,0,0,1,0,0,1
27,6930.72,893.85,12,14,1,2.26,0.1289692845764942,2024,12,10,1,0,0,1,0,0,0,1,0,0,0,0,0,1,0,0,0,0
32,11529.02,5000.0,6,18,1,2.6,0.4336882059359772,2024,10,20,6,1,0,0,0,1,0,0,0,1,0,1,0,0,0,0,0,1
37,9195.81,1166.22,9,3,0,4.92,0.1268208020826876,2023,6,25,6,1,0,0,1,0,0,0,0,1,0,0,1,0,0,0,0,1
57,67253.25,5000.0,12,4,1,7.81,0.0743458494570894,2024,9,27,4,0,0,1,0,0,1,0,0,0,0,1,0,0,0,0,0,0
43,15845.88,5000.0,12,11,1,5.79,0.3155394335940951,2024,10,1,1,0,0,0,0,1,0,0,1,0,0,0,0,0,0,0,1,0
56,11175.94,3351.09,12,12,1,2.61,0.2998486033389585,2023,2,26,6,1,0,0,0,1,0,0,0,1,0,0,0,0,0,0,1,0
58,60768.8,5000.0,9,10,2,4.47,0.082279064256658,2024,11,10,6,1,1,0,0,0,0,1,0,0,0,0,0,0,0,0,1,0
46,18493.77,5000.0,12,4,1,7.09,0.2703613162702899,2023,6,6,1,0,0,0,1,0,0,0,0,1,0,0,0,1,0,0,0,0
57,52977.69,5000.0,9,0,0,9.15,0.0943793510060555,2024,9,23,0,0,1,0,0,0,0,0,1,0,0,0,0,0,0,0,1,0
35,73797.95,5000.0,12,8,1,6.31,0.0677525595223173,2024,8,22,3,0,0,1,0,0,0,0,1,0,0,0,0,0,0,1,0,0
25,61772.28,100.0,9,2,0,2.69,0.0016188491018948,2023,5,12,4,0,0,1,0,0,0,0,0,1,0,1,0,0,0,0,0,0
57,22350.3,5000.0,9,13,1,9.76,0.2237106437050062,2024,7,3,2,0,0,0,0,1,0,0,0,1,0,0,0,1,0,0,0,1
44,53679.43,5000.0,12,14,2,8.66,0.0931455494218176,2024,10,20,6,1,0,1,0,0,0,0,0,1,0,0,0,0,1,0,0,0
32,10752.24,1651.35,6,18,2,7.14,0.15358195129573,2024,10,22,1,0,0,0,0,1,1,0,0,0,0,0,0,1,0,0,0,0
56,12028.38,4300.22,12,4,0,6.72,0.3575061645874174,2024,8,14,2,0,0,0,1,0,0,1,0,0,0,0,0,0,1,0,0,0
38,7502.06,1984.63,3,26,3,3.34,0.2645446717301647,2024,12,15,6,1,0,0,0,1,0,1,0,0,0,0,0,1,0,0,0,1
31,13269.27,2449.82,9,11,1,8.04,0.1846235700984304,2023,2,24,4,0,0,0,1,0,0,1,0,0,0,1,0,0,0,0,0,0
20,16150.1,640.19,6,30,4,8.38,0.0396400022290883,2023,3,14,1,0,0,1,0,0,1,0,0,0,0,0,0,0,1,0,0,1
27,62717.16,5000.0,12,9,1,3.11,0.0797229976612461,2024,9,5,3,0,0,1,0,0,0,0,1,0,0,0,0,0,1,0,0,0
53,10527.61,4745.25,9,12,1,3.24,0.4507433311074403,2024,9,6,4,0,0,0,0,1,0,0,0,1,0,0,0,0,0,0,1,0
19,51257.31,5000.0,12,12,1,9.49,0.0975470620678299,2023,1,19,3,0,0,1,0,0,0,0,1,0,0,0,0,0,0,0,1,0
51,86705.78,5000.0,9,12,1,4.48,0.0576662824554487,2024,11,30,5,1,1,0,0,0,1,0,0,0,0,0,0,0,0,0,1,0
23,12385.29,5000.0,3,16,2,8.22,0.4037047174511052,2024,9,23,0,0,0,0,0,1,0,1,0,0,0,0,0,0,1,0,0,1
45,9731.08,3321.14,9,1,0,2.56,0.3412920251400667,2023,5,26,4,0,0,0,0,1,0,0,1,0,0,0,0,0,1,0,0,1
36,20202.98,3361.05,6,2,0,1.42,0.1663640710429847,2024,7,20,5,1,0,0,1,0,0,0,1,0,0,0,0,0,0,0,1,1
47,9274.19,2998.55,6,20,1,3.08,0.323322036749301,2023,6,14,2,0,0,0,1,0,1,0,0,0,0,0,0,0,1,0,0,1
27,62389.13,5000.0,6,3,0,8.69,0.0801421657907395,2024,9,13,4,0,0,1,0,0,0,1,0,0,0,0,1,0,0,0,0,0
55,14393.45,2122.04,3,18,2,1.53,0.147430949494388,2023,4,26,2,0,0,0,0,1,0,1,0,0,0,0,1,0,0,0,0,0
34,42998.36,5000.0,9,0,0,3.93,0.1162835047662282,2024,9,23,0,0,0,1,0,0,0,1,0,0,0,0,0,0,0,1,0,1
54,69957.5,5000.0,6,16,1,6.51,0.071471965121681,2023,1,6,4,0,1,0,0,0,0,0,0,1,0,0,0,0,0,1,0,0
32,29423.75,5000.0,3,2,0,7.64,0.1699307532180636,2024,7,8,0,0,1,0,0,0,1,0,0,0,0,0,0,0,1,0,0,1
45,14314.41,5000.0,9,1,0,8.81,0.3492983643754789,2024,10,22,1,0,0,0,1,0,0,0,0,1,0,0,0,0,0,0,1,0
19,6963.72,3182.84,6,14,1,4.91,0.4570603068474895,2023,6,13,1,0,0,0,0,1,1,0,0,0,0,0,0,0,0,1,0,0
52,90057.33,5000.0,12,17,3,7.82,0.0555201891950383,2023,6,2,4,0,0,1,0,0,0,0,0,1,0,0,0,0,0,1,0,0
52,15179.17,5000.0,3,4,0,2.64,0.3293987747683173,2024,7,11,3,0,0,0,0,1,0,0,0,0,1,0,0,1,0,0,0,0
56,58892.54,5000.0,12,14,1,8.0,0.0849003965527722,2024,12,20,4,0,1,0,0,0,1,0,0,0,0,0,0,0,0,0,1,0
37,22947.08,5000.0,6,22,1,7.19,0.2178926469075804,2023,1,5,3,0,0,0,0,1,1,0,0,0,0,1,0,0,0,0,0,1
50,82145.3,5000.0,9,0,0,4.16,0.0608677550632842,2023,1,20,4,0,0,1,0,0,1,0,0,0,0,0,1,0,0,0,0,0
27,44196.71,5000.0,6,3,0,5.9,0.1131305927522659,2024,11,14,3,0,1,0,0,0,1,0,0,0,0,0,1,0,0,0,0,1
43,16508.63,2921.84,9,15,2,5.97,0.1769886416983117,2024,10,23,2,0,0,0,0,1,0,0,0,1,0,0,1,0,0,0,0,0
35,8408.58,3295.13,12,5,1,8.45,0.3918771064793342,2023,1,28,5,1,0,0,0,1,0,0,0,1,0,0,0,1,0,0,0,0
27,10187.64,4343.79,6,21,1,3.78,0.426378435044819,2023,4,18,1,0,0,0,0,1,0,0,0,1,0,0,0,1,0,0,0,1
18,31880.31,5000.0,3,1,0,7.09,0.1568366179626233,2023,3,21,1,0,0,1,0,0,0,0,0,1,0,0,0,0,0,1,0,1
53,59788.95,5000.0,9,1,0,3.65,0.0836274930401018,2024,7,8,0,0,0,1,0,0,0,1,0,0,0,0,0,0,0,1,0,0
57,62186.48,5000.0,12,3,0,1.92,0.0804033288264587,2024,8,23,4,0,0,1,0,0,0,0,0,0,1,0,0,0,0,1,0,0
47,71588.32,5000.0,6,2,0,6.91,0.0698437957476862,2023,4,1,5,1,0,1,0,0,0,0,1,0,0,0,0,0,0,1,0,0
42,20342.79,5000.0,9,19,2,5.26,0.245787328090198,2023,2,22,2,0,0,0,1,0,0,0,0,1,0,1,0,0,0,0,0,1
53,20538.79,5000.0,12,0,0,8.1,0.243441799638635,2023,4,30,6,1,0,0,0,1,0,0,0,1,0,0,0,1,0,0,0,0
36,17816.02,5000.0,6,7,1,3.14,0.2806462947392291,2023,2,8,2,0,0,0,1,0,0,0,0,1,0,0,1,0,0,0,0,0
34,9996.93,100.0,3,13,1,3.51,0.0100030709427794,2024,9,18,2,0,0,0,0,1,0,0,1,0,0,0,0,1,0,0,0,0
51,59950.7,5000.0,12,5,1,1.28,0.0834018618631642,2023,3,10,4,0,0,1,0,0,0,1,0,0,0,0,0,1,0,0,0,0
41,19497.95,5000.0,3,2,0,4.09,0.2564372151944178,2023,1,27,4,0,0,1,0,0,0,0,0,1,0,0,0,0,0,1,0,1
25,9847.22,2817.54,3,9,1,9.47,0.2861254242314074,2023,4,12,2,0,0,0,0,1,1,0,0,0,0,0,0,0,0,1,0,1
26,42895.32,5000.0,3,26,3,6.79,0.1165628324954796,2024,7,18,3,0,1,0,0,0,0,0,0,0,1,1,0,0,0,0,0,1
29,37840.14,5000.0,6,13,2,3.3,0.1321348176830212,2024,10,12,5,1,1,0,0,0,1,0,0,0,0,0,0,0,0,0,1,1
46,7013.55,2311.25,9,2,0,9.0,0.3295406748365663,2024,7,5,4,0,0,0,0,1,1,0,0,0,0,0,0,1,0,0,0,0
38,73574.85,5000.0,3,0,1,6.58,0.0679580046714332,2024,12,4,2,0,0,1,0,0,0,0,0,1,0,0,0,0,0,0,1,0
26,68409.02,5000.0,6,0,1,5.55,0.0730897767575094,2024,9,16,0,0,0,1,0,0,1,0,0,0,0,0,1,0,0,0,0,0
27,11597.59,2897.79,6,20,4,1.59,0.2498613936171221,2023,2,23,3,0,0,0,0,1,0,0,0,0,1,0,0,0,0,0,1,1
45,49756.36,5000.0,12,0,0,9.04,0.1004896660447026,2024,10,10,3,0,0,1,0,0,0,0,1,0,0,0,0,0,0,1,0,0
56,14343.31,5000.0,3,1,0,2.15,0.3485945712670227,2024,9,13,4,0,0,0,0,1,0,1,0,0,0,0,0,1,0,0,0,0
48,7843.6,2241.44,12,2,0,5.52,0.285766739762354,2024,7,1,0,0,0,0,1,0,0,0,0,1,0,0,0,1,0,0,0,1
51,50049.68,5000.0,3,0,0,4.67,0.0999007386261011,2024,11,21,3,0,1,0,0,0,0,0,0,0,1,0,0,0,0,0,1,0
20,9267.0,2713.31,3,3,0,4.0,0.2927927052983705,2023,1,8,6,1,0,0,0,1,0,0,0,1,0,0,1,0,0,0,0,0
59,59880.28,5000.0,6,15,1,7.55,0.0834999435540381,2023,1,19,3,0,0,1,0,0,0,1,0,0,0,0,0,0,1,0,0,0
41,16581.51,5000.0,3,9,1,2.46,0.3015406920117649,2024,8,3,5,1,0,0,1,0,0,0,1,0,0,1,0,0,0,0,0,0
50,76725.96,5000.0,3,0,0,4.3,0.0651669917196213,2024,12,18,2,0,0,1,0,0,0,1,0,0,0,1,0,0,0,0,0,0
32,10197.7,1219.31,6,3,0,7.11,0.1195671573001755,2023,4,24,0,0,0,0,0,1,0,1,0,0,0,0,0,0,0,0,1,0
26,5000.0,1805.86,9,24,1,3.2,0.361172,2023,3,19,6,1,0,0,0,1,0,0,1,0,0,0,0,0,0,1,0,1
56,14060.96,2750.36,12,3,0,2.29,0.1956025762110126,2023,4,26,2,0,0,0,1,0,0,0,0,0,1,0,0,0,0,0,1,0
44,60117.88,5000.0,9,8,2,4.59,0.0831699321399889,2023,1,16,0,0,1,0,0,0,1,0,0,0,0,0,0,0,0,0,1,0
34,7990.74,3105.85,9,8,1,4.18,0.3886811484293069,2024,10,18,4,0,0,0,0,1,1,0,0,0,0,0,1,0,0,0,0,0
53,9578.44,3126.83,6,0,0,9.75,0.326444598494118,2023,1,8,6,1,0,0,0,1,0,1,0,0,0,1,0,0,0,0,0,0
20,14966.17,5000.0,3,18,1,1.1,0.3340868104531754,2023,1,19,3,0,0,0,1,0,0,0,1,0,0,0,1,0,0,0,0,1
40,5000.0,1662.45,9,0,0,9.73,0.33249,2024,9,17,1,0,0,0,0,1,0,1,0,0,0,0,0,0,0,1,0,1
48,92105.26,100.0,9,20,1,7.61,0.0010857143229387,2024,8,6,1,0,0,1,0,0,0,0,1,0,0,1,0,0,0,0,0,0
27,12629.47,4223.03,3,12,1,2.78,0.3343790356998354,2024,12,13,4,0,1,0,0,0,0,1,0,0,0,0,0,0,1,0,0,0
45,91578.36,5000.0,9,0,0,6.04,0.0545980513300303,2024,7,17,2,0,0,1,0,0,1,0,0,0,0,0,1,0,0,0,0,0
21,8887.04,1459.8,12,1,0,7.09,0.1642616664266167,2024,11,21,3,0,0,0,0,1,0,0,0,1,0,0,0,0,0,0,1,0
26,55407.62,5000.0,9,1,0,1.19,0.090240295468385,2023,1,7,5,1,1,0,0,0,1,0,0,0,0,0,0,0,1,0,0,0
26,12613.9,3796.72,9,3,0,8.65,0.3009949341599346,2024,12,20,4,0,0,0,1,0,0,0,0,0,1,0,0,0,0,1,0,1
39,11548.6,2777.35,6,3,0,3.6,0.2404923540515733,2023,4,28,4,0,0,0,0,1,0,0,0,1,0,0,0,1,0,0,0,0
41,73930.97,5000.0,6,16,3,8.06,0.0676306560024844,2023,4,6,3,0,1,0,0,0,1,0,0,0,0,0,0,0,0,0,1,1
51,62257.04,5000.0,12,2,0,6.78,0.0803122024432899,2023,1,28,5,1,1,0,0,0,0,1,0,0,0,1,0,0,0,0,0,0
41,17242.11,2999.79,9,3,0,3.6,0.1739804467086684,2024,8,17,5,1,0,0,0,1,0,0,1,0,0,0,0,1,0,0,0,1
26,20455.75,2562.43,6,0,0,8.71,0.1252669787223641,2024,9,11,2,0,0,0,1,0,0,1,0,0,0,0,0,0,0,0,1,0
46,18661.23,5000.0,9,2,0,2.59,0.2679351789780202,2023,6,23,4,0,0,0,1,0,0,0,1,0,0,0,1,0,0,0,0,0
55,20931.12,5000.0,9,20,2,9.15,0.2388787604294467,2024,11,8,4,0,0,0,1,0,0,1,0,0,0,0,0,0,1,0,0,1
51,17598.24,4881.82,9,13,1,7.27,0.2774038767513114,2023,4,23,6,1,0,0,1,0,1,0,0,0,0,0,0,0,0,1,0,0
53,84133.16,5000.0,12,14,5,7.02,0.0594295994587627,2024,10,4,4,0,1,0,0,0,0,0,1,0,0,0,0,0,1,0,0,0
55,73516.2,5000.0,3,6,1,5.36,0.0680122204357679,2023,6,19,0,0,1,0,0,0,1,0,0,0,0,0,0,0,0,0,1,0
56,91336.27,5000.0,3,2,0,6.91,0.054742765387726,2023,6,26,0,0,0,1,0,0,0,0,1,0,0,0,1,0,0,0,0,0
29,51089.0,5000.0,9,6,0,6.98,0.0978684256885043,2023,5,10,2,0,0,1,0,0,0,1,0,0,0,0,0,1,0,0,0,0
55,9265.02,3217.71,9,5,1,6.81,0.3472966059436461,2023,5,26,4,0,0,0,0,1,0,0,0,1,0,0,0,0,0,0,1,0
42,27358.47,5000.0,3,12,2,3.23,0.182758758073825,2024,12,24,1,0,0,0,1,0,0,0,0,0,1,1,0,0,0,0,0,1
42,62499.97,5000.0,9,15,2,6.81,0.0800000384000184,2023,2,24,4,0,0,1,0,0,0,0,0,0,1,0,1,0,0,0,0,0
34,63939.35,5000.0,6,1,0,9.17,0.0781991058714234,2023,3,6,0,0,1,0,0,0,0,0,1,0,0,0,0,0,0,0,1,0
34,8724.66,2809.95,12,9,1,2.8,0.3220698571634883,2023,2,3,4,0,0,0,0,1,0,0,0,1,0,0,0,1,0,0,0,1
24,5000.0,1792.52,9,19,1,3.81,0.358504,2023,5,17,2,0,0,0,0,1,0,0,0,1,0,0,0,1,0,0,0,1
25,6507.94,2146.81,3,11,1,5.33,0.3298755059204603,2023,4,4,1,0,0,0,0,1,1,0,0,0,0,0,0,0,0,1,0,0
29,5000.0,834.46,9,3,0,1.91,0.166892,2024,11,22,4,0,0,0,0,1,1,0,0,0,0,1,0,0,0,0,0,0
56,64777.67,5000.0,12,0,0,2.52,0.0771870924039101,2024,9,11,2,0,1,0,0,0,0,0,0,1,0,1,0,0,0,0,0,0
40,9340.31,2732.11,3,3,0,5.41,0.2925074221305289,2024,9,1,6,1,0,0,0,1,0,0,1,0,0,0,0,0,1,0,0,1
35,5000.0,1222.37,6,10,1,7.68,0.2444739999999999,2023,6,11,6,1,0,0,0,1,0,0,1,0,0,0,0,0,0,0,1,1
41,49361.52,5000.0,12,10,2,2.13,0.1012934771862779,2024,12,31,1,0,1,0,0,0,0,0,1,0,0,0,1,0,0,0,0,0
30,71663.98,5000.0,3,5,0,5.51,0.0697700574263388,2024,12,14,5,1,1,0,0,0,0,0,1,0,0,0,0,0,1,0,0,0
41,18204.33,4782.76,9,20,1,1.91,0.2627265051776143,2024,11,14,3,0,0,0,1,0,0,0,0,0,1,0,0,0,0,1,0,1
58,7991.4,2328.1,12,5,0,8.99,0.2913256751007333,2024,12,1,6,1,0,0,0,1,0,0,0,1,0,0,0,0,0,1,0,1
38,16457.25,5000.0,3,0,1,6.53,0.3038174664661471,2023,4,22,5,1,0,0,1,0,0,0,1,0,0,1,0,0,0,0,0,0
32,11588.56,5000.0,3,16,3,5.34,0.431459991577901,2024,10,4,4,0,0,0,0,1,1,0,0,0,0,1,0,0,0,0,0,1
25,26895.71,2905.89,3,3,0,5.64,0.1080428811881151,2024,9,28,5,1,0,0,1,0,1,0,0,0,0,0,0,0,0,1,0,1
36,18133.32,5000.0,9,20,1,9.32,0.2757354968643359,2024,10,29,1,0,1,0,0,0,0,1,0,0,0,0,1,0,0,0,0,1
36,36194.47,5000.0,12,3,0,8.0,0.1381426499683515,2023,6,14,2,0,1,0,0,0,0,0,1,0,0,0,0,0,0,1,0,0
43,46030.26,5000.0,9,21,4,5.21,0.1086241963438833,2024,12,23,0,0,1,0,0,0,0,1,0,0,0,0,0,1,0,0,0,1
50,13822.24,2815.91,12,3,0,6.37,0.2037231302596395,2023,1,17,1,0,0,0,1,0,0,0,0,0,1,0,0,0,0,0,1,0
46,70981.58,5000.0,3,7,1,5.22,0.0704408101369397,2023,4,9,6,1,1,0,0,0,0,0,0,1,0,0,0,0,1,0,0,0
37,51898.17,5000.0,9,2,2,5.21,0.0963425107282202,2024,12,17,1,0,0,1,0,0,1,0,0,0,0,0,0,1,0,0,0,1
43,82712.61,5000.0,3,4,0,1.46,0.0604502747525437,2023,2,16,3,0,1,0,0,0,0,0,1,0,0,0,1,0,0,0,0,0
29,51995.26,5000.0,3,11,2,2.75,0.0961626117457629,2024,7,4,3,0,1,0,0,0,0,0,0,1,0,0,0,0,0,0,1,1
59,73739.74,5000.0,3,2,0,8.89,0.0678060432542886,2023,1,19,3,0,0,1,0,0,1,0,0,0,0,0,0,1,0,0,0,0
40,17082.56,2799.81,9,0,0,4.73,0.1638987364891444,2023,5,22,0,0,0,0,1,0,0,0,0,1,0,0,0,0,0,0,1,0
23,27337.65,5000.0,3,15,1,5.32,0.1828979447757945,2024,7,24,2,0,0,1,0,0,0,1,0,0,0,0,0,0,0,0,1,0
58,24883.7,5000.0,9,3,0,2.54,0.2009347484497884,2024,12,23,0,0,0,0,1,0,0,0,0,1,0,0,0,0,0,1,0,1
53,85248.2,5000.0,9,14,1,4.15,0.0586522647985529,2023,2,21,1,0,0,1,0,0,0,1,0,0,0,1,0,0,0,0,0,0
46,30072.83,4814.58,12,4,0,7.45,0.1600973370314665,2024,8,18,6,1,0,1,0,0,0,1,0,0,0,0,0,1,0,0,0,0
59,9855.63,5000.0,12,23,2,4.59,0.5073242400536546,2023,1,16,0,0,0,0,0,1,0,1,0,0,0,0,1,0,0,0,0,1
34,11994.84,5000.0,6,0,0,9.11,0.4168459104081422,2023,4,18,1,0,0,0,0,1,1,0,0,0,0,0,1,0,0,0,0,0
25,18230.25,2994.63,6,15,2,6.32,0.1642670835561772,2024,8,22,3,0,0,0,1,0,0,0,1,0,0,0,0,0,1,0,0,1
51,47072.82,5000.0,6,7,1,8.92,0.1062184079900035,2024,7,11,3,0,1,0,0,0,0,1,0,0,0,0,1,0,0,0,0,0
53,73025.22,5000.0,9,12,1,6.13,0.068469495881012,2024,7,31,2,0,1,0,0,0,0,0,0,1,0,1,0,0,0,0,0,0
34,78724.0,5000.0,6,17,2,5.89,0.0635130328743458,2024,11,27,2,0,0,1,0,0,1,0,0,0,0,1,0,0,0,0,0,1
33,15911.71,5000.0,9,14,2,2.04,0.3142339823940984,2024,12,10,1,0,0,0,0,1,0,0,1,0,0,0,0,0,0,0,1,1
59,64103.05,5000.0,9,1,0,2.29,0.0779994087644815,2024,11,14,3,0,1,0,0,0,1,0,0,0,0,0,0,0,1,0,0,0
26,86308.77,5000.0,9,17,4,3.93,0.057931540444847,2023,1,23,0,0,0,1,0,0,1,0,0,0,0,0,0,0,1,0,0,0
47,13753.98,3605.12,6,5,1,9.54,0.262114675170387,2024,12,21,5,1,0,0,1,0,0,1,0,0,0,0,1,0,0,0,0,0
40,37886.51,5000.0,12,17,2,3.98,0.1319730954368718,2023,2,6,0,0,1,0,0,0,1,0,0,0,0,0,0,0,0,0,1,1
30,32710.48,5000.0,6,9,2,2.69,0.1528562099975298,2023,5,15,0,0,0,0,1,0,0,1,0,0,0,1,0,0,0,0,0,0
32,26027.96,5000.0,12,3,0,8.49,0.1921011097296907,2023,6,4,6,1,0,1,0,0,1,0,0,0,0,0,0,0,0,0,1,1
22,57263.76,5000.0,3,1,0,2.25,0.0873152583763273,2024,9,28,5,1,1,0,0,0,0,1,0,0,0,0,0,0,1,0,0,0
53,67771.06,5000.0,12,0,0,5.05,0.073777804272207,2023,6,17,5,1,0,1,0,0,0,0,0,1,0,0,1,0,0,0,0,0
47,82452.06,5000.0,3,10,1,5.26,0.0606412987134584,2024,10,31,3,0,1,0,0,0,0,0,1,0,0,0,0,0,0,1,0,0
40,9608.96,2114.95,3,2,0,4.56,0.2201018632609564,2023,5,12,4,0,0,0,0,1,1,0,0,0,0,0,1,0,0,0,0,0
48,13336.28,5000.0,6,4,1,4.38,0.3749171433113282,2023,5,13,5,1,0,0,0,1,0,0,0,1,0,1,0,0,0,0,0,0
32,58303.25,5000.0,6,13,3,2.75,0.0857585126043573,2023,4,24,0,0,0,1,0,0,0,0,0,0,1,0,0,0,0,1,0,0
29,18845.02,5000.0,6,14,1,7.67,0.2653220850919765,2024,10,14,0,0,0,0,1,0,0,1,0,0,0,0,0,1,0,0,0,0
31,5915.15,2109.2,12,1,0,9.75,0.3565759110081739,2023,5,5,4,0,0,0,0,1,1,0,0,0,0,0,0,0,0,0,1,1
27,11250.8,3985.11,9,2,0,6.33,0.3542068119600384,2023,3,21,1,0,0,0,1,0,0,0,1,0,0,0,0,0,1,0,0,0
27,47014.77,100.0,3,11,2,8.04,0.0021269911561834,2024,10,21,0,0,0,1,0,0,0,0,1,0,0,0,0,0,0,0,1,0
47,16150.11,5000.0,9,18,2,3.03,0.3095954145203964,2024,12,23,0,0,0,0,1,0,0,1,0,0,0,0,0,0,0,0,1,1
33,85978.61,5000.0,12,1,0,3.4,0.058153999000449,2023,6,2,4,0,0,1,0,0,0,0,0,1,0,0,0,1,0,0,0,0
29,62252.77,5000.0,12,5,1,4.48,0.080317711163696,2023,2,28,1,0,1,0,0,0,0,0,0,1,0,0,0,0,1,0,0,0
27,38059.96,5000.0,3,8,1,7.94,0.131371656722708,2024,10,28,0,0,1,0,0,0,1,0,0,0,0,1,0,0,0,0,0,1
44,21829.24,5000.0,9,5,0,9.82,0.2290505761996294,2024,10,4,4,0,0,0,1,0,0,0,0,0,1,0,0,1,0,0,0,1
33,7396.46,1387.93,9,1,0,7.26,0.1876478747941583,2023,3,30,3,0,0,0,0,1,0,0,1,0,0,1,0,0,0,0,0,1
33,53689.57,5000.0,12,14,1,3.12,0.0931279576275243,2024,11,2,5,1,1,0,0,0,1,0,0,0,0,0,0,1,0,0,0,0
37,87264.36,5000.0,12,13,3,5.76,0.0572971600318847,2023,3,17,4,0,0,1,0,0,0,0,1,0,0,0,0,0,1,0,0,1
38,18890.88,5000.0,9,2,0,9.64,0.2646779821797608,2024,7,20,5,1,1,0,0,0,0,0,1,0,0,1,0,0,0,0,0,1
21,65202.94,5000.0,3,6,0,2.04,0.0766836587429953,2023,6,9,4,0,0,1,0,0,0,0,0,1,0,0,0,0,0,1,0,0
53,81736.66,3006.44,9,13,2,6.36,0.0367820265716754,2023,4,28,4,0,1,0,0,0,0,1,0,0,0,1,0,0,0,0,0,0
34,51370.01,5000.0,3,15,1,5.25,0.0973330548310191,2023,6,2,4,0,1,0,0,0,0,0,0,1,0,0,0,0,0,0,1,1
57,13444.75,5000.0,6,14,1,5.43,0.371892374346864,2024,8,28,2,0,0,0,0,1,0,1,0,0,0,0,1,0,0,0,0,0
56,13297.59,397.32,12,0,1,9.68,0.029879098393017,2024,11,1,4,0,0,0,0,1,0,1,0,0,0,0,1,0,0,0,0,0
20,37128.81,5000.0,12,6,0,8.54,0.1346663143795882,2024,11,20,2,0,0,1,0,0,0,0,0,0,1,0,0,0,0,1,0,0
23,5727.65,1475.67,6,19,5,7.56,0.2576396951629377,2024,11,12,1,0,0,0,1,0,0,0,1,0,0,0,0,1,0,0,0,1
59,76256.02,5000.0,12,3,0,3.38,0.0655685937975782,2023,6,10,5,1,0,1,0,0,0,0,0,1,0,1,0,0,0,0,0,0
53,18617.79,3942.82,3,19,1,4.6,0.2117770154244945,2024,10,27,6,1,0,0,1,0,0,1,0,0,0,0,0,1,0,0,0,1
22,5000.0,1310.23,6,13,3,6.03,0.262046,2023,6,26,0,0,0,0,0,1,0,0,0,0,1,0,0,0,0,0,1,1
24,65487.81,5000.0,9,11,2,7.95,0.0763500871383544,2023,2,23,3,0,0,1,0,0,0,0,0,1,0,0,0,0,1,0,0,0
38,8359.52,5000.0,3,11,2,4.24,0.5981204662468658,2023,5,31,2,0,0,0,1,0,1,0,0,0,0,0,1,0,0,0,0,1
44,20685.97,5000.0,3,13,2,1.06,0.2417097191961508,2023,4,28,4,0,0,0,0,1,0,0,0,1,0,1,0,0,0,0,0,0
33,10298.68,353.08,12,14,1,2.51,0.0342840053288382,2023,6,16,4,0,0,0,0,1,0,1,0,0,0,0,0,0,0,0,1,1
25,83196.58,5000.0,6,8,2,1.92,0.0600986242463332,2024,9,19,3,0,0,1,0,0,0,0,0,1,0,0,1,0,0,0,0,0
26,52978.09,5000.0,6,14,1,2.46,0.0943786384144841,2024,12,6,4,0,1,0,0,0,0,0,0,1,0,0,0,1,0,0,0,1
34,12287.81,5000.0,12,5,1,6.53,0.4069073333653434,2024,9,25,2,0,0,0,1,0,0,0,0,0,1,0,1,0,0,0,0,0
49,26145.03,5000.0,3,23,2,1.0,0.1912409356577521,2024,7,20,5,1,0,0,1,0,1,0,0,0,0,0,0,0,0,1,0,1
41,9115.1,3052.83,3,15,1,5.35,0.3349200776733113,2023,6,21,2,0,0,0,0,1,0,0,1,0,0,0,0,0,1,0,0,0
55,11895.94,2330.16,12,18,1,3.86,0.1958785938732037,2023,3,1,2,0,0,0,0,1,0,0,0,1,0,0,1,0,0,0,0,1
37,13231.64,5000.0,3,21,1,7.36,0.3778821068287831,2024,7,20,5,1,0,0,1,0,0,0,1,0,0,0,1,0,0,0,0,1
25,63052.95,5000.0,12,6,0,1.23,0.0792984309219473,2024,11,1,4,0,0,1,0,0,0,0,1,0,0,0,0,1,0,0,0,0
36,61814.85,5000.0,6,13,2,9.07,0.0808867124970779,2023,4,30,6,1,1,0,0,0,0,0,0,0,1,0,0,0,1,0,0,0
49,19213.38,5000.0,9,17,2,2.15,0.2602353151813996,2024,11,6,2,0,0,0,1,0,0,0,0,0,1,1,0,0,0,0,0,0
35,21771.1,2479.23,3,4,0,8.45,0.1138771123186242,2024,9,9,0,0,0,0,1,0,0,0,0,1,0,1,0,0,0,0,0,0
52,17344.34,5000.0,6,0,0,4.33,0.2882784816257061,2024,10,25,4,0,0,0,1,0,0,0,1,0,0,0,0,0,0,0,1,1
36,8116.98,2444.04,9,3,0,6.32,0.301102134044928,2024,12,22,6,1,0,0,0,1,0,0,1,0,0,0,1,0,0,0,0,0
48,21559.79,5000.0,12,10,2,6.11,0.2319132050915152,2024,11,26,1,0,0,0,1,0,1,0,0,0,0,0,1,0,0,0,0,0
52,89881.0,5000.0,12,20,1,9.51,0.0556291096004717,2023,1,28,5,1,0,1,0,0,0,0,1,0,0,0,0,0,0,0,1,1
31,7343.91,1801.42,3,12,2,8.64,0.2452944003943403,2023,6,29,3,0,0,0,0,1,1,0,0,0,0,0,0,1,0,0,0,0
31,6271.75,2809.06,9,12,2,8.05,0.4478909395304341,2023,6,4,6,1,0,0,1,0,1,0,0,0,0,0,0,0,0,1,0,0
52,16145.05,3258.73,12,3,0,6.83,0.2018408118897123,2023,6,11,6,1,0,0,0,1,0,0,1,0,0,0,0,0,0,0,1,1
40,58215.12,5000.0,9,8,1,3.6,0.0858883396615862,2023,2,22,2,0,1,0,0,0,0,0,0,0,1,0,0,0,0,1,0,1
40,5000.0,1511.8,3,14,1,8.48,0.30236,2023,1,24,1,0,0,0,0,1,1,0,0,0,0,0,0,0,0,0,1,1
59,17647.23,5000.0,3,14,1,5.94,0.2833305850266586,2023,3,18,5,1,0,0,1,0,0,1,0,0,0,1,0,0,0,0,0,1
21,18459.11,5000.0,3,16,2,6.81,0.2708689638882914,2023,5,9,1,0,1,0,0,0,0,0,0,1,0,0,0,0,0,0,1,1
49,5000.0,375.81,9,5,0,8.44,0.075162,2023,4,5,2,0,0,0,0,1,0,0,0,0,1,0,1,0,0,0,0,0
50,85740.31,5000.0,3,6,1,4.75,0.0583156277368253,2024,11,2,5,1,0,1,0,0,0,0,1,0,0,0,0,0,0,1,0,0
22,70949.5,5000.0,3,6,1,8.21,0.0704726601315019,2023,4,6,3,0,0,1,0,0,0,0,0,0,1,0,0,1,0,0,0,0
37,41315.55,5000.0,6,10,2,4.25,0.1210198097326551,2024,10,12,5,1,1,0,0,0,0,1,0,0,0,0,0,1,0,0,0,1
20,5562.58,1453.69,6,4,0,4.39,0.2613337695817408,2023,3,8,2,0,0,0,1,0,0,1,0,0,0,0,1,0,0,0,0,0
36,12736.7,4359.43,12,12,3,8.98,0.3422731162703055,2023,1,3,1,0,0,0,1,0,1,0,0,0,0,0,0,0,0,0,1,0
28,11919.19,2507.36,12,3,0,3.79,0.210363288109343,2023,4,13,3,0,0,0,0,1,0,0,0,1,0,0,1,0,0,0,0,1
51,21348.79,5000.0,12,3,0,6.58,0.2342053109333128,2023,4,6,3,0,0,0,1,0,0,0,0,0,1,1,0,0,0,0,0,0
57,15926.67,4578.52,6,4,0,5.57,0.2874750340152712,2024,7,18,3,0,0,0,0,1,0,1,0,0,0,0,0,0,0,1,0,0
47,23491.52,5000.0,6,8,2,3.93,0.2128427619838988,2023,1,23,0,0,1,0,0,0,1,0,0,0,0,0,1,0,0,0,0,0
54,97822.81,100.0,3,24,4,2.71,0.0010222564655421,2024,12,19,3,0,0,1,0,0,0,1,0,0,0,0,0,0,0,1,0,0
57,84389.67,5000.0,6,2,0,9.29,0.059248957840456,2024,7,20,5,1,0,1,0,0,0,0,0,1,0,0,0,0,0,1,0,0
55,20044.58,5000.0,12,2,0,2.37,0.2494439893477438,2024,10,9,2,0,0,0,0,1,0,0,0,1,0,0,0,1,0,0,0,0
55,98833.86,5000.0,12,16,1,4.98,0.0505899496387169,2024,7,16,1,0,0,1,0,0,0,1,0,0,0,0,1,0,0,0,0,1
27,45019.08,5000.0,9,11,1,9.77,0.1110640199666452,2024,11,30,5,1,1,0,0,0,0,0,1,0,0,0,0,1,0,0,0,0
46,14925.41,5000.0,6,3,0,7.5,0.3349991725520438,2024,8,13,1,0,0,0,0,1,1,0,0,0,0,0,0,0,0,0,1,0
26,19425.38,5000.0,6,7,2,3.17,0.2573952221269288,2023,2,15,2,0,0,0,1,0,0,0,1,0,0,0,0,0,0,1,0,1
40,55291.12,5000.0,6,12,1,5.0,0.0904304343988691,2024,9,16,0,0,1,0,0,0,0,0,1,0,0,0,0,0,0,0,1,0
55,5000.0,1574.92,12,2,0,2.7,0.314984,2023,2,22,2,0,0,0,0,1,0,0,0,0,1,0,0,0,0,1,0,0
42,93234.03,5000.0,3,12,3,5.87,0.0536284873666836,2023,6,18,6,1,0,1,0,0,0,0,0,1,0,0,0,0,1,0,0,0
19,7073.48,657.7,3,17,2,5.2,0.0929811068950502,2024,11,23,5,1,0,0,0,1,0,0,1,0,0,0,1,0,0,0,0,1
42,102880.25,5000.0,3,0,0,1.36,0.0486001929427659,2023,3,29,2,0,0,1,0,0,1,0,0,0,0,1,0,0,0,0,0,0
26,53586.03,5000.0,3,12,3,6.79,0.0933079013317463,2023,3,23,3,0,1,0,0,0,0,1,0,0,0,0,1,0,0,0,0,1
21,21495.73,1383.52,6,13,2,9.48,0.0643625501436797,2024,8,19,0,0,1,0,0,0,0,0,0,1,0,0,0,0,0,0,1,0
48,29231.07,4710.16,3,1,0,8.16,0.1611353946331762,2023,3,22,2,0,0,0,1,0,1,0,0,0,0,1,0,0,0,0,0,0
28,11701.83,3470.87,12,3,0,1.65,0.296609162840342,2024,8,18,6,1,0,0,0,1,0,0,1,0,0,0,0,1,0,0,0,0
35,9590.63,644.62,12,6,1,8.38,0.0672135198626159,2024,9,4,2,0,0,0,0,1,0,0,0,1,0,0,1,0,0,0,0,1
26,38094.74,695.97,3,0,1,3.05,0.0182694513730767,2023,3,20,0,0,0,1,0,0,0,1,0,0,0,0,0,0,0,0,1,1
35,47293.45,5000.0,3,13,1,3.8,0.1057228855158589,2023,6,22,3,0,1,0,0,0,0,0,0,1,0,0,0,1,0,0,0,0
57,74358.67,5000.0,3,15,1,9.09,0.0672416545373928,2024,10,8,1,0,0,1,0,0,0,0,1,0,0,0,0,1,0,0,0,0
29,18248.54,5000.0,6,1,0,2.73,0.2739945223015101,2023,5,3,2,0,1,0,0,0,0,1,0,0,0,1,0,0,0,0,0,0
55,116536.41,5000.0,3,2,0,4.37,0.0429050457277686,2024,8,19,0,0,0,1,0,0,0,0,1,0,0,0,0,0,0,1,0,0
56,53405.05,5000.0,9,9,1,3.32,0.0936241048365276,2023,2,13,0,0,0,1,0,0,0,0,1,0,0,0,1,0,0,0,0,0
38,53806.3,5000.0,9,3,0,3.61,0.0929259213140468,2024,11,18,0,0,1,0,0,0,0,1,0,0,0,0,0,0,0,0,1,0
44,80967.99,5000.0,12,19,1,1.58,0.0617527988529788,2023,2,24,4,0,1,0,0,0,0,1,0,0,0,0,0,0,0,0,1,0
28,67750.24,5000.0,12,9,1,2.2,0.0738004765739575,2024,11,6,2,0,0,1,0,0,0,1,0,0,0,0,0,0,0,1,0,0
47,65716.28,5000.0,3,9,1,4.83,0.0760846475180883,2024,12,12,3,0,0,1,0,0,0,0,0,1,0,1,0,0,0,0,0,0
18,10177.6,4516.72,9,0,0,4.63,0.4437902845464549,2023,4,7,4,0,0,0,1,0,0,0,1,0,0,0,0,0,0,1,0,1
38,5587.5,1892.68,12,15,1,9.87,0.3387346756152125,2024,10,16,2,0,0,0,0,1,0,0,0,1,0,0,0,1,0,0,0,0
51,49761.56,5000.0,9,13,1,9.36,0.1004791650422535,2024,8,10,5,1,1,0,0,0,0,0,1,0,0,0,0,0,0,1,0,0
36,54629.74,5000.0,12,2,0,8.89,0.0915252388168056,2024,12,4,2,0,1,0,0,0,0,0,0,1,0,0,0,1,0,0,0,0
23,7500.0,2195.68,12,16,2,4.71,0.2927573333333333,2024,7,20,5,1,0,0,1,0,0,0,0,0,1,0,0,0,0,1,0,0
28,46015.97,5000.0,12,2,0,6.28,0.1086579289755274,2023,6,2,4,0,0,1,0,0,1,0,0,0,0,0,0,0,0,0,1,0
47,12385.01,4113.38,3,11,3,4.93,0.3321256906534593,2023,6,13,1,0,0,0,1,0,0,1,0,0,0,1,0,0,0,0,0,0
42,18787.61,5000.0,3,2,0,8.34,0.2661328396746579,2024,11,22,4,0,0,0,1,0,0,1,0,0,0,0,0,0,0,1,0,0
38,19294.42,5000.0,6,3,0,4.02,0.2591422805142627,2024,12,5,3,0,0,0,1,0,0,0,1,0,0,0,0,0,0,1,0,0
18,12994.95,1393.53,3,2,0,8.07,0.1072362725520298,2023,2,18,5,1,0,0,0,1,0,1,0,0,0,1,0,0,0,0,0,1
21,55025.56,5000.0,9,18,1,9.11,0.0908668625998536,2024,11,24,6,1,1,0,0,0,0,0,1,0,0,0,0,1,0,0,0,0
56,19206.79,5000.0,3,7,2,9.92,0.2603246039551637,2024,8,21,2,0,0,0,1,0,0,1,0,0,0,0,0,0,1,0,0,1
38,42681.87,5000.0,9,15,1,6.86,0.117145757671817,2023,3,20,0,0,1,0,0,0,0,0,1,0,0,0,0,0,0,1,0,1
23,51745.33,5000.0,12,1,0,8.76,0.0966270772647502,2024,12,19,3,0,0,1,0,0,0,1,0,0,0,0,0,0,0,0,1,0
22,13643.45,3775.48,6,1,0,5.19,0.2767247287159772,2024,12,11,2,0,0,0,1,0,1,0,0,0,0,0,0,1,0,0,0,1
41,55173.39,4580.76,9,18,1,7.6,0.0830248059798392,2024,8,29,3,0,1,0,0,0,0,1,0,0,0,0,0,0,1,0,0,0
48,14210.85,3031.31,9,18,1,7.51,0.2133095486899094,2024,9,24,1,0,0,0,1,0,0,0,1,0,0,0,0,0,0,0,1,1
30,13229.18,2712.68,12,8,1,3.34,0.2050527697105943,2023,3,14,1,0,0,0,1,0,1,0,0,0,0,0,0,0,0,0,1,1
42,6397.87,1300.88,6,3,0,7.11,0.2033301708224768,2024,9,29,6,1,0,0,0,1,0,0,1,0,0,0,0,1,0,0,0,0
58,24564.75,5000.0,3,18,2,6.16,0.2035436957428836,2024,11,25,0,0,0,0,1,0,0,0,0,0,1,0,1,0,0,0,0,1
38,5000.0,2216.97,12,4,0,1.24,0.4433939999999999,2024,9,8,6,1,0,0,1,0,0,0,0,0,1,0,0,1,0,0,0,1
35,11191.92,5000.0,3,2,0,1.79,0.4467508702706952,2024,12,3,1,0,0,0,0,1,0,0,1,0,0,0,0,0,0,0,1,1
27,16715.47,2326.72,12,20,4,7.26,0.1391956074223458,2024,7,28,6,1,0,0,0,1,0,0,0,1,0,0,0,0,1,0,0,1
51,8517.74,5000.0,9,12,3,1.01,0.587010169364174,2023,2,17,4,0,0,0,0,1,0,0,0,1,0,1,0,0,0,0,0,0
24,9677.77,1307.88,3,18,1,8.13,0.1351427033293827,2024,11,29,4,0,0,0,1,0,0,0,0,1,0,0,0,0,1,0,0,0
22,27474.17,5000.0,3,3,0,2.16,0.1819891192345392,2024,11,17,6,1,0,1,0,0,0,0,0,1,0,0,0,1,0,0,0,1
26,10130.74,100.0,3,7,1,1.53,0.0098709472358386,2024,9,15,6,1,0,0,0,1,0,0,0,0,1,0,0,1,0,0,0,0
44,18277.89,5000.0,9,1,1,9.53,0.2735545514279821,2024,10,27,6,1,0,0,1,0,0,0,0,1,0,0,0,1,0,0,0,1
29,70456.94,5000.0,12,1,0,2.26,0.0709653300299445,2023,1,5,3,0,1,0,0,0,0,0,0,1,0,0,0,0,1,0,0,0
32,11836.48,1932.1,9,2,0,1.92,0.1632326502473708,2024,8,3,5,1,0,0,0,1,1,0,0,0,0,0,0,0,1,0,0,0
23,56593.01,5000.0,12,0,0,1.1,0.0883501337002573,2024,11,21,3,0,0,1,0,0,0,0,0,1,0,1,0,0,0,0,0,0
31,19910.73,5000.0,12,1,0,2.18,0.2511208780391276,2024,11,25,0,0,0,0,1,0,0,0,1,0,0,0,0,0,0,0,1,1
58,7316.28,2917.44,9,14,1,1.16,0.3987600255867736,2024,8,3,5,1,0,0,0,1,0,0,1,0,0,0,0,1,0,0,0,1
41,58108.64,5000.0,6,11,1,9.6,0.0860457240093727,2023,1,12,3,0,1,0,0,0,1,0,0,0,0,0,0,0,0,0,1,0
48,17793.65,2142.45,9,8,1,6.37,0.1204053131313698,2023,3,31,4,0,0,0,0,1,0,0,0,0,1,0,0,0,0,0,1,0
53,24213.11,5000.0,12,1,0,4.08,0.20649970202093,2023,4,13,3,0,0,0,1,0,0,1,0,0,0,0,0,0,0,0,1,0
37,31366.89,3456.24,6,8,1,3.39,0.1101875257636316,2024,7,11,3,0,1,0,0,0,1,0,0,0,0,0,0,0,1,0,0,1
42,26147.5,5000.0,12,1,0,7.16,0.1912228702552825,2023,1,6,4,0,0,0,1,0,0,1,0,0,0,0,0,1,0,0,0,1
28,6203.04,2277.71,6,16,3,2.62,0.3671925378524078,2024,11,8,4,0,0,0,0,1,0,0,0,1,0,0,0,1,0,0,0,1
46,12397.71,4134.27,3,12,1,1.81,0.333470455430882,2024,9,13,4,0,0,0,0,1,0,0,1,0,0,0,0,1,0,0,0,1
46,26616.02,5000.0,3,19,2,4.81,0.1878567870027149,2024,11,20,2,0,0,0,1,0,0,0,1,0,0,0,0,1,0,0,0,1
55,69096.48,5000.0,3,2,0,2.89,0.072362586343038,2023,3,25,5,1,1,0,0,0,0,1,0,0,0,0,0,0,0,0,1,0
40,8054.42,1578.53,3,24,2,7.7,0.1959830751314185,2024,9,10,1,0,0,0,0,1,0,1,0,0,0,0,1,0,0,0,0,0
46,12728.94,3108.21,3,16,1,1.45,0.2441845118289504,2024,12,16,0,0,0,0,1,0,0,0,0,1,0,0,1,0,0,0,0,1
59,18241.19,5000.0,12,1,0,4.58,0.2741049240756771,2024,8,3,5,1,0,0,0,1,0,1,0,0,0,0,0,0,0,1,0,0
30,11538.27,4293.65,6,7,1,4.54,0.3721225105670087,2024,11,24,6,1,0,0,0,1,0,0,0,1,0,0,0,0,0,1,0,1
57,58558.32,5000.0,3,12,2,1.36,0.0853849632298194,2023,1,19,3,0,1,0,0,0,0,0,0,0,1,0,0,0,1,0,0,0
22,45453.91,5000.0,9,21,2,1.66,0.1100015378214987,2023,1,19,3,0,0,1,0,0,0,0,0,1,0,0,0,0,0,1,0,0
33,36838.58,5000.0,3,3,0,9.45,0.1357272728753388,2023,6,22,3,0,1,0,0,0,0,0,1,0,0,0,0,0,0,0,1,0
28,33575.86,3040.87,12,1,0,9.22,0.0905671515189782,2024,8,7,2,0,1,0,0,0,0,0,0,1,0,0,1,0,0,0,0,0
18,16057.93,1829.23,3,15,2,1.55,0.1139144335540135,2024,11,12,1,0,0,1,0,0,0,1,0,0,0,0,0,0,1,0,0,0
57,10425.34,3079.91,3,18,2,7.37,0.295425377014083,2023,1,21,5,1,0,0,0,1,1,0,0,0,0,0,0,0,0,1,0,1
53,58239.61,5000.0,3,0,0,7.13,0.085852223254929,2023,2,15,2,0,1,0,0,0,0,0,0,0,1,0,1,0,0,0,0,0
44,72285.78,5000.0,3,0,0,9.35,0.0691698975925832,2023,1,20,4,0,1,0,0,0,0,0,0,1,0,0,0,0,1,0,0,0
55,53863.82,5000.0,9,8,1,2.41,0.0928266877469886,2024,12,21,5,1,1,0,0,0,0,0,0,1,0,0,0,1,0,0,0,0
44,12986.09,2383.96,3,0,0,7.3,0.1835779668861065,2023,1,23,0,0,0,0,0,1,1,0,0,0,0,0,0,0,1,0,0,0
48,31270.38,5000.0,9,0,0,3.89,0.1598957224056759,2024,12,10,1,0,0,0,1,0,1,0,0,0,0,0,1,0,0,0,0,0
37,10083.23,5000.0,12,0,0,3.22,0.4958728502672259,2024,10,29,1,0,0,0,0,1,0,0,1,0,0,0,0,0,0,0,1,1
18,12509.71,2677.97,3,17,2,1.54,0.2140713094068527,2024,9,21,5,1,0,0,1,0,1,0,0,0,0,0,1,0,0,0,0,0
48,12725.96,4970.47,3,1,0,8.32,0.390577213821197,2023,6,29,3,0,0,0,0,1,0,0,0,1,0,0,0,0,0,1,0,0
24,7384.73,1733.63,3,14,2,7.31,0.2347587521818672,2024,8,10,5,1,0,0,0,1,0,0,1,0,0,0,1,0,0,0,0,0
31,108675.26,5000.0,12,0,0,6.73,0.0460086315873548,2023,3,26,6,1,0,1,0,0,0,0,0,0,1,0,0,0,0,0,1,0
21,44884.28,5000.0,6,6,1,5.51,0.1113975761669787,2023,4,27,3,0,0,1,0,0,0,0,0,1,0,0,0,0,0,1,0,1
54,61895.26,5000.0,3,1,0,5.85,0.0807816301280582,2023,1,24,1,0,1,0,0,0,0,0,0,1,0,0,0,0,0,1,0,0
40,10292.97,2869.96,6,7,3,9.26,0.2788271995352168,2023,2,15,2,0,0,0,0,1,1,0,0,0,0,0,1,0,0,0,0,1
30,5000.0,1893.15,9,11,1,5.93,0.37863,2023,5,16,1,0,0,0,0,1,0,0,1,0,0,0,0,0,1,0,0,1
49,15221.73,3937.27,12,1,0,1.75,0.2586611377287601,2023,4,9,6,1,0,0,1,0,1,0,0,0,0,0,0,0,0,0,1,0
25,25479.99,5000.0,3,26,2,1.86,0.1962324161037739,2024,7,28,6,1,1,0,0,0,0,1,0,0,0,0,0,1,0,0,0,1
25,13888.3,4375.26,12,1,0,5.26,0.3150320773600801,2024,9,18,2,0,0,0,1,0,0,0,0,1,0,1,0,0,0,0,0,0
52,18253.32,5000.0,6,0,0,1.04,0.273922771309548,2023,3,30,3,0,0,0,0,1,0,1,0,0,0,0,0,0,0,0,1,0
32,43546.59,5000.0,3,3,0,2.92,0.1148195530350367,2024,10,5,5,1,0,1,0,0,0,1,0,0,0,0,0,1,0,0,0,0
24,5651.83,799.78,12,13,2,8.55,0.141508148688124,2023,6,23,4,0,0,0,1,0,0,0,1,0,0,0,0,0,0,1,0,0
18,8376.94,2974.58,3,2,0,3.77,0.3550914773174929,2023,3,31,4,0,0,0,0,1,0,0,0,1,0,0,0,0,1,0,0,0
19,33948.88,5000.0,12,17,1,9.7,0.1472802637377138,2023,5,4,3,0,1,0,0,0,1,0,0,0,0,0,1,0,0,0,0,1
56,5443.35,2699.87,6,6,1,3.81,0.4959941947513938,2023,4,8,5,1,0,0,0,1,0,1,0,0,0,1,0,0,0,0,0,1
27,75211.49,5000.0,3,14,1,7.93,0.0664792041747876,2024,12,6,4,0,1,0,0,0,0,0,0,1,0,1,0,0,0,0,0,0
26,19102.88,5000.0,12,11,2,1.57,0.2617406380608578,2023,3,27,0,0,0,0,1,0,1,0,0,0,0,0,0,0,0,1,0,1
46,78552.91,5000.0,3,18,1,6.33,0.0636513656846067,2024,8,25,6,1,0,1,0,0,0,0,0,0,1,0,0,1,0,0,0,0
28,10454.62,1196.13,6,2,0,7.37,0.1144116189780212,2024,7,2,1,0,0,0,0,1,1,0,0,0,0,0,0,0,0,1,0,0
40,38843.19,5000.0,12,1,0,1.49,0.1287226924462177,2024,10,4,4,0,0,1,0,0,0,0,0,1,0,0,0,0,0,1,0,1
27,16800.91,5000.0,3,11,1,8.06,0.2976029274604768,2024,7,14,6,1,0,0,1,0,0,0,1,0,0,0,0,1,0,0,0,1
40,49529.88,5000.0,12,12,1,9.5,0.1009491644235762,2023,2,3,4,0,1,0,0,0,1,0,0,0,0,0,1,0,0,0,0,0
28,16299.15,5000.0,12,10,1,4.75,0.3067644631775276,2024,9,14,5,1,0,0,0,1,1,0,0,0,0,1,0,0,0,0,0,1
18,36225.2,5000.0,9,17,1,2.88,0.1380254629374027,2024,12,6,4,0,1,0,0,0,1,0,0,0,0,0,1,0,0,0,0,1
59,19874.56,5000.0,6,2,0,5.56,0.2515778965672699,2024,9,5,3,0,0,0,0,1,0,1,0,0,0,0,0,1,0,0,0,1
38,42643.12,5000.0,6,14,1,7.17,0.1172522085626004,2023,6,14,2,0,1,0,0,0,0,0,0,1,0,0,0,0,0,1,0,0
30,59066.2,5000.0,3,0,0,1.22,0.0846507816653179,2024,7,17,2,0,1,0,0,0,1,0,0,0,0,0,1,0,0,0,0,0
23,31374.41,5000.0,6,18,1,8.08,0.1593655466349805,2023,5,7,6,1,0,1,0,0,0,0,0,0,1,1,0,0,0,0,0,1
23,18499.31,5000.0,3,2,0,1.89,0.270280350996875,2023,4,10,0,0,1,0,0,0,0,0,1,0,0,1,0,0,0,0,0,0
44,16027.28,5000.0,9,13,1,7.45,0.3119680943990496,2024,7,16,1,0,0,0,0,1,0,0,1,0,0,1,0,0,0,0,0,1
31,57911.83,5000.0,6,11,1,5.54,0.0863381454186476,2024,8,22,3,0,1,0,0,0,0,1,0,0,0,0,1,0,0,0,0,0
37,43677.08,5000.0,12,2,0,7.22,0.1144765172030731,2023,1,17,1,0,1,0,0,0,0,1,0,0,0,0,0,0,0,1,0,1
33,50205.42,5000.0,12,0,0,8.67,0.0995908409888812,2024,12,31,1,0,0,1,0,0,0,0,0,1,0,0,1,0,0,0,0,0
54,24418.88,5000.0,6,1,0,8.92,0.2047595958537,2023,1,27,4,0,0,0,1,0,1,0,0,0,0,0,0,0,1,0,0,1
32,12768.46,5000.0,3,15,1,1.68,0.3915899019928793,2024,12,23,0,0,0,0,1,0,0,0,1,0,0,0,0,0,0,1,0,0
37,43882.29,5000.0,12,2,0,2.51,0.113941182194457,2024,7,27,5,1,1,0,0,0,0,0,1,0,0,0,0,0,0,0,1,0
32,40531.61,5000.0,6,0,0,3.37,0.1233605080084408,2024,9,3,1,0,0,1,0,0,0,0,0,1,0,0,0,0,0,1,0,1
26,11736.21,3425.79,9,14,1,1.04,0.2918991735832948,2023,5,15,0,0,0,0,0,1,0,0,0,1,0,0,0,0,0,1,0,0
37,55394.64,5000.0,9,9,2,8.42,0.090261440457055,2024,10,27,6,1,1,0,0,0,1,0,0,0,0,0,0,1,0,0,0,1
58,61778.06,5000.0,12,0,0,2.86,0.0809348820600711,2024,7,10,2,0,1,0,0,0,0,0,1,0,0,0,0,0,0,1,0,0
33,6012.08,1666.51,12,17,1,9.21,0.2771935835850487,2024,11,5,1,0,0,0,1,0,0,0,0,1,0,0,0,0,0,0,1,1
56,6042.46,1722.36,6,1,0,4.55,0.2850428467875666,2024,12,26,3,0,0,0,0,1,0,0,1,0,0,1,0,0,0,0,0,0
40,5000.0,100.0,12,6,1,6.31,0.02,2023,2,20,0,0,0,0,0,1,0,0,0,0,1,1,0,0,0,0,0,1
57,80180.17,5000.0,12,4,1,9.06,0.0623595584793596,2024,7,5,4,0,1,0,0,0,0,0,1,0,0,0,0,1,0,0,0,0
27,6190.55,3063.04,6,2,0,5.2,0.4947928697773218,2023,2,1,2,0,0,0,1,0,0,1,0,0,0,0,0,1,0,0,0,1
57,94386.07,5000.0,3,1,0,9.52,0.052973918714912,2024,7,4,3,0,0,1,0,0,1,0,0,0,0,0,0,0,0,0,1,0
47,22414.08,4093.92,12,1,0,9.33,0.1826494774713037,2024,8,3,5,1,0,0,1,0,0,0,1,0,0,0,0,0,1,0,0,0
29,5000.0,1022.37,9,9,2,5.94,0.204474,2024,11,6,2,0,0,0,0,1,0,0,0,1,0,0,0,0,0,1,0,1
48,9400.45,1280.42,6,1,0,5.05,0.13620837300342,2023,1,7,5,1,0,0,0,1,0,0,0,0,1,0,0,1,0,0,0,0
52,16502.77,5000.0,9,16,1,1.02,0.3029794392092964,2023,3,31,4,0,0,0,0,1,0,0,0,1,0,0,1,0,0,0,0,1
25,43526.14,5000.0,6,6,1,4.37,0.1148734990054252,2024,7,1,0,0,0,1,0,0,0,0,0,1,0,0,1,0,0,0,0,0
32,67750.54,5000.0,12,1,1,2.99,0.073800149784784,2023,3,21,1,0,0,1,0,0,0,0,1,0,0,0,0,0,0,0,1,0
21,5000.0,305.9,12,12,2,6.22,0.06118,2023,6,27,1,0,0,0,0,1,1,0,0,0,0,1,0,0,0,0,0,0
52,14100.63,4052.73,12,17,2,2.87,0.2874148176358078,2024,10,25,4,0,0,0,0,1,0,0,0,0,1,0,0,0,0,1,0,0
54,23937.75,5000.0,3,0,1,9.56,0.2088751031320821,2024,11,29,4,0,1,0,0,0,0,1,0,0,0,1,0,0,0,0,0,1
57,54101.14,5000.0,6,21,1,9.83,0.0924194943027078,2024,10,13,6,1,1,0,0,0,0,1,0,0,0,0,0,1,0,0,0,0
43,74187.68,5000.0,12,5,1,3.62,0.0673966351286359,2023,4,28,4,0,1,0,0,0,0,1,0,0,0,0,0,0,1,0,0,0
51,22027.72,5000.0,3,14,4,7.63,0.2269867240004866,2024,8,6,1,0,0,0,1,0,0,0,0,0,1,0,1,0,0,0,0,1
27,47709.63,5000.0,12,0,0,4.81,0.1048006450689305,2023,5,28,6,1,0,1,0,0,1,0,0,0,0,0,1,0,0,0,0,0
43,51606.17,3271.71,12,7,2,4.14,0.0633976518699217,2023,1,19,3,0,1,0,0,0,0,0,1,0,0,0,1,0,0,0,0,0
43,43119.76,5000.0,9,9,1,8.9,0.115956118494166,2024,9,24,1,0,0,1,0,0,0,1,0,0,0,1,0,0,0,0,0,1
19,5638.26,1091.2,3,0,0,5.41,0.1935348848758304,2024,11,17,6,1,0,0,0,1,1,0,0,0,0,0,0,0,0,1,0,1
50,13994.03,3834.09,3,2,0,1.9,0.2739804045010622,2024,11,29,4,0,0,0,1,0,0,0,1,0,0,0,1,0,0,0,0,1
20,14194.51,2598.36,9,3,0,4.87,0.1830538708275241,2024,9,6,4,0,0,0,1,0,0,1,0,0,0,0,0,0,0,0,1,1
24,60912.95,5000.0,9,0,0,3.52,0.0820843515213103,2023,6,1,3,0,0,1,0,0,0,0,1,0,0,0,0,0,0,0,1,0
47,9239.97,2689.93,6,16,2,2.11,0.2911189105592334,2024,11,20,2,0,0,0,0,1,0,0,0,1,0,0,0,1,0,0,0,1
26,6962.1,2282.01,12,9,1,4.1,0.3277761020381781,2023,3,31,4,0,0,0,1,0,1,0,0,0,0,0,0,1,0,0,0,0
44,117261.39,5000.0,12,1,0,1.24,0.042639781090775,2024,8,18,6,1,0,1,0,0,1,0,0,0,0,0,0,0,0,0,1,0
46,31077.92,5000.0,9,4,0,7.15,0.1608859280157745,2023,3,5,6,1,0,1,0,0,0,0,0,1,0,0,0,1,0,0,0,1
22,20139.79,2244.53,3,19,2,9.86,0.1114475374370835,2023,2,4,5,1,1,0,0,0,0,0,0,1,0,0,1,0,0,0,0,1
51,57084.77,5000.0,3,10,2,1.2,0.0875890364452725,2023,2,10,4,0,1,0,0,0,0,0,1,0,0,0,0,0,0,0,1,0
57,48659.3,5000.0,3,7,1,9.56,0.1027552800800669,2024,7,21,6,1,0,1,0,0,1,0,0,0,0,0,0,1,0,0,0,0
53,67440.9,5000.0,6,13,1,7.91,0.0741389868759165,2024,9,10,1,0,1,0,0,0,0,0,0,1,0,0,0,1,0,0,0,0
43,14065.7,5000.0,12,14,3,4.48,0.3554746653206025,2024,8,11,6,1,0,0,1,0,0,0,0,0,1,0,1,0,0,0,0,1
37,6531.08,1543.29,9,14,1,8.27,0.2362993563086043,2024,7,9,1,0,0,0,0,1,0,0,1,0,0,0,0,0,0,0,1,1
51,14008.31,5000.0,3,3,0,7.38,0.3569309931033794,2023,2,8,2,0,0,0,0,1,0,0,1,0,0,0,0,1,0,0,0,0
18,27114.21,5000.0,9,24,1,8.31,0.1844051513947852,2023,1,19,3,0,1,0,0,0,0,0,0,0,1,1,0,0,0,0,0,1
55,19253.46,5000.0,12,14,1,9.26,0.2596935823483156,2023,5,25,3,0,0,0,1,0,1,0,0,0,0,0,0,0,1,0,0,1
40,13137.12,5000.0,6,2,0,2.62,0.3806009231855992,2024,9,5,3,0,0,0,0,1,0,0,0,1,0,0,0,0,0,0,1,0
19,5900.22,488.71,3,2,2,9.11,0.082829114846565,2023,4,14,4,0,0,0,0,1,1,0,0,0,0,0,1,0,0,0,0,0
23,39713.95,5000.0,6,16,1,9.36,0.1259003448410445,2023,1,8,6,1,1,0,0,0,0,0,0,1,0,0,1,0,0,0,0,0
21,52128.77,5000.0,9,8,1,5.34,0.0959163241334871,2023,2,15,2,0,0,1,0,0,1,0,0,0,0,1,0,0,0,0,0,0
40,31312.11,5000.0,9,21,1,6.88,0.1596826275840241,2023,5,12,4,0,1,0,0,0,1,0,0,0,0,1,0,0,0,0,0,1
38,8203.64,1851.73,12,16,1,1.35,0.2257205338118201,2024,8,21,2,0,0,0,0,1,0,0,1,0,0,0,0,0,0,1,0,1
29,56200.22,5000.0,9,0,0,9.45,0.0889676232584142,2024,8,10,5,1,0,1,0,0,0,1,0,0,0,0,1,0,0,0,0,0
33,66227.0,5000.0,9,18,1,5.62,0.0754979087079287,2023,5,28,6,1,1,0,0,0,0,0,0,0,1,0,0,0,1,0,0,0
28,13459.96,100.0,3,22,2,3.7,0.0074294425837818,2024,7,13,5,1,1,0,0,0,0,0,0,0,1,0,1,0,0,0,0,1
52,61218.74,5000.0,6,0,0,9.07,0.0816743369758998,2023,4,23,6,1,1,0,0,0,1,0,0,0,0,0,0,0,1,0,0,0
24,46783.19,5000.0,12,16,1,4.94,0.1068759954163023,2024,8,3,5,1,1,0,0,0,1,0,0,0,0,0,0,0,1,0,0,0
18,8982.26,4659.81,12,15,4,2.92,0.5187792381872713,2023,3,11,5,1,0,0,0,1,0,0,1,0,0,1,0,0,0,0,0,1
53,17527.1,5000.0,9,18,2,1.47,0.2852725208391576,2023,4,30,6,1,0,0,0,1,0,0,0,1,0,0,0,0,0,0,1,1
27,52770.79,5000.0,9,15,1,3.87,0.0947493869240919,2024,12,18,2,0,0,1,0,0,0,0,0,1,0,1,0,0,0,0,0,0
48,7080.55,4069.67,3,2,0,7.92,0.5747674968752428,2023,3,14,1,0,0,0,0,1,0,0,1,0,0,0,0,0,0,0,1,0
50,24118.56,100.0,3,8,1,8.74,0.0041461845151617,2023,5,15,0,0,0,0,1,0,0,0,1,0,0,0,0,0,0,0,1,1
21,56444.67,5000.0,6,12,1,2.28,0.0885823231848109,2024,8,1,3,0,0,1,0,0,0,1,0,0,0,0,0,0,0,1,0,0
22,5000.0,1015.27,6,6,2,1.29,0.2030539999999999,2023,4,15,5,1,0,0,0,1,1,0,0,0,0,0,0,0,0,1,0,0
46,64541.63,5000.0,6,23,2,9.32,0.0774693790658835,2023,4,9,6,1,0,1,0,0,1,0,0,0,0,0,0,0,1,0,0,1
30,6958.55,1759.38,9,0,0,7.02,0.2528371571663637,2024,9,5,3,0,0,0,0,1,0,0,1,0,0,1,0,0,0,0,0,0
52,15725.69,5000.0,12,22,2,8.4,0.3179510724171721,2023,2,28,1,0,0,0,1,0,0,1,0,0,0,0,0,0,1,0,0,1
26,6506.99,2202.68,6,11,1,5.38,0.338509817903516,2023,5,10,2,0,0,0,0,1,0,1,0,0,0,0,0,0,0,0,1,1
49,17593.95,5000.0,9,13,1,8.92,0.2841885989217884,2023,5,3,2,0,0,0,1,0,0,0,0,0,1,0,0,0,1,0,0,0
39,10009.67,5000.0,6,11,1,7.75,0.4995169670928212,2024,11,11,0,0,0,0,1,0,0,1,0,0,0,0,0,1,0,0,0,0
24,60084.03,5000.0,6,12,1,5.47,0.0832167882214292,2024,9,18,2,0,0,1,0,0,0,0,0,1,0,0,0,0,0,1,0,1
39,33734.01,5000.0,12,16,2,2.3,0.1482183707184529,2023,5,24,2,0,0,1,0,0,0,0,0,0,1,0,0,0,0,0,1,1
40,40747.78,5000.0,12,4,0,7.51,0.122706071349163,2024,8,20,1,0,1,0,0,0,0,0,0,1,0,0,0,0,0,0,1,0
50,89570.87,5000.0,12,8,1,7.3,0.0558217197175822,2024,7,19,4,0,0,1,0,0,0,0,0,1,0,1,0,0,0,0,0,0
38,7884.06,2066.32,12,5,0,5.95,0.2620883149037425,2024,8,25,6,1,0,0,1,0,0,0,0,0,1,0,0,0,0,1,0,0
54,10706.67,3070.26,6,8,1,5.78,0.2867614300244614,2023,1,19,3,0,0,0,1,0,0,0,0,0,1,1,0,0,0,0,0,1
56,63977.3,5000.0,9,11,1,3.21,0.0781527197928015,2023,3,28,1,0,0,1,0,0,0,0,1,0,0,0,0,0,0,0,1,0
55,5765.08,2493.66,9,18,1,1.3,0.4325456021425548,2024,7,8,0,0,0,0,0,1,1,0,0,0,0,0,0,0,1,0,0,1
28,69555.63,5000.0,12,1,0,4.47,0.0718849070880387,2023,5,13,5,1,1,0,0,0,1,0,0,0,0,0,0,1,0,0,0,0
31,9583.08,2910.52,3,3,0,3.16,0.303714463408424,2023,1,26,3,0,0,0,0,1,0,0,0,1,0,0,1,0,0,0,0,0
24,8058.83,1841.78,12,4,1,2.35,0.2285418602948567,2023,3,30,3,0,0,1,0,0,0,1,0,0,0,0,0,0,1,0,0,0
23,31122.02,5000.0,6,4,0,7.79,0.1606579521509208,2024,10,4,4,0,1,0,0,0,0,0,0,0,1,0,0,1,0,0,0,0
42,5000.0,1545.6,9,2,0,8.09,0.30912,2023,1,19,3,0,0,0,1,0,0,1,0,0,0,0,0,0,0,1,0,1
38,12580.31,5000.0,6,16,1,5.51,0.3974464858179171,2024,11,6,2,0,0,0,0,1,0,1,0,0,0,0,0,0,0,1,0,1
45,94341.24,5000.0,12,14,1,1.16,0.0529990913835773,2023,4,18,1,0,1,0,0,0,0,0,0,1,0,0,0,0,0,1,0,0
43,26362.29,5000.0,6,2,0,3.61,0.1896648584019066,2023,6,8,3,0,0,0,1,0,0,0,1,0,0,1,0,0,0,0,0,1
26,51194.0,5000.0,12,5,1,1.58,0.0976676954330585,2023,5,23,1,0,1,0,0,0,0,1,0,0,0,0,0,0,1,0,0,0
57,25413.96,3641.17,12,20,1,6.07,0.1432744050907454,2024,8,9,4,0,0,0,1,0,0,0,1,0,0,0,0,0,1,0,0,1
26,61398.14,5000.0,6,2,0,5.18,0.0814356917001068,2023,2,23,3,0,0,1,0,0,0,0,0,0,1,0,0,0,1,0,0,0
19,5000.0,419.04,12,15,3,3.16,0.083808,2023,1,15,6,1,0,0,0,1,1,0,0,0,0,1,0,0,0,0,0,1
58,19345.62,5000.0,9,12,1,9.75,0.2584564361338639,2024,12,15,6,1,0,0,1,0,0,0,1,0,0,1,0,0,0,0,0,1
46,10650.45,4609.96,6,19,2,9.16,0.4328418048063696,2023,5,9,1,0,0,0,1,0,0,1,0,0,0,0,0,0,0,0,1,0
24,26212.26,4667.77,12,16,1,2.13,0.1780758316909721,2023,4,23,6,1,0,1,0,0,0,1,0,0,0,0,0,0,0,1,0,1
30,51742.94,5000.0,12,2,0,1.73,0.0966315404575001,2023,5,26,4,0,1,0,0,0,0,1,0,0,0,1,0,0,0,0,0,0
39,34417.99,810.28,12,12,1,7.57,0.0235423393405599,2024,9,1,6,1,0,1,0,0,0,0,0,0,1,0,1,0,0,0,0,1
39,10607.37,2810.66,9,4,1,7.33,0.2649723729821812,2023,5,2,1,0,0,0,0,1,0,0,1,0,0,0,1,0,0,0,0,0
25,61689.45,5000.0,3,17,2,9.0,0.0810511359721962,2024,12,5,3,0,0,1,0,0,0,1,0,0,0,0,1,0,0,0,0,1
32,11776.68,571.08,3,0,0,3.25,0.0484924443900997,2024,10,13,6,1,0,0,0,1,0,0,1,0,0,0,1,0,0,0,0,0
51,14318.21,5000.0,12,4,1,6.22,0.3492056618809195,2024,8,9,4,0,0,0,1,0,0,0,1,0,0,0,0,1,0,0,0,0
44,14277.95,2703.38,3,0,0,6.82,0.1893395060215227,2024,12,14,5,1,0,0,1,0,0,0,0,0,1,0,1,0,0,0,0,1
40,65851.56,5000.0,12,14,2,2.4,0.0759283455092028,2023,4,4,1,0,1,0,0,0,0,0,0,1,0,0,0,1,0,0,0,0
37,76209.72,5000.0,9,0,0,8.86,0.0656084289510576,2024,10,17,3,0,0,1,0,0,0,0,0,1,0,0,0,0,0,0,1,0
53,75623.74,5000.0,6,5,1,8.43,0.0661168040617933,2024,8,25,6,1,0,1,0,0,0,1,0,0,0,0,1,0,0,0,0,0
34,25781.36,5000.0,6,6,1,7.32,0.193938566468177,2023,3,28,1,0,0,0,1,0,1,0,0,0,0,0,1,0,0,0,0,1
27,71873.87,5000.0,12,0,0,6.66,0.0695663110946996,2023,5,13,5,1,0,1,0,0,0,0,0,1,0,0,0,0,0,0,1,0
39,86800.65,5000.0,12,8,1,3.47,0.0576032552751621,2023,4,25,1,0,0,1,0,0,0,1,0,0,0,1,0,0,0,0,0,0
56,20722.2,5000.0,12,17,1,6.43,0.2412871220237233,2024,12,7,5,1,0,0,1,0,0,0,0,1,0,0,0,0,0,0,1,1
59,24606.39,5000.0,6,1,0,8.4,0.2031992502760461,2023,2,6,0,0,0,0,1,0,0,0,0,0,1,0,0,1,0,0,0,1
55,14561.43,5000.0,3,13,2,3.5,0.3433728692855028,2024,10,21,0,0,0,0,0,1,0,0,0,1,0,0,0,0,0,1,0,1
54,15901.71,2537.33,6,2,0,4.22,0.1595633425587562,2023,1,18,2,0,0,0,0,1,0,0,0,1,0,0,0,0,0,0,1,1
36,8690.81,1519.33,12,21,2,9.29,0.1748202986833218,2023,3,13,0,0,0,0,0,1,0,0,0,0,1,0,1,0,0,0,0,1
26,16285.3,5000.0,12,15,3,5.76,0.307025354153746,2023,2,26,6,1,0,0,0,1,0,0,1,0,0,0,0,1,0,0,0,1
56,26506.74,5000.0,12,11,1,2.64,0.1886312688772742,2024,12,21,5,1,0,0,1,0,0,0,0,0,1,0,0,0,0,0,1,1
37,51621.68,5000.0,3,12,2,6.93,0.0968585292071083,2024,12,15,6,1,1,0,0,0,0,1,0,0,0,0,0,0,0,0,1,0
34,10239.02,3913.88,12,13,1,4.09,0.3822514264060427,2024,12,7,5,1,0,0,0,1,0,0,1,0,0,0,0,1,0,0,0,0
54,94495.04,5000.0,9,1,0,6.32,0.0529128301337297,2023,4,21,4,0,1,0,0,0,1,0,0,0,0,0,0,0,1,0,0,0
36,6402.51,1921.7,3,13,2,7.36,0.3001479107412562,2024,11,11,0,0,0,0,0,1,0,0,0,0,1,0,0,1,0,0,0,0
46,11179.31,100.0,12,22,4,2.3,0.0089450958959005,2023,1,1,6,1,0,0,0,1,0,0,0,0,1,0,0,0,0,1,0,0
41,40993.39,5000.0,3,0,0,5.66,0.1219708835985508,2024,11,20,2,0,1,0,0,0,0,0,0,0,1,1,0,0,0,0,0,0
46,40953.63,5000.0,12,1,0,3.3,0.1220892995321782,2024,10,20,6,1,1,0,0,0,0,0,1,0,0,0,0,0,1,0,0,0
37,17099.92,5000.0,12,18,2,8.38,0.292399028767386,2024,10,24,3,0,0,0,1,0,0,1,0,0,0,0,0,0,0,0,1,1
37,5477.54,1880.43,9,2,0,7.98,0.3432982689309434,2023,6,28,2,0,0,0,0,1,0,0,1,0,0,0,0,0,0,1,0,0
19,72241.63,5000.0,6,12,1,3.28,0.0692121703233994,2024,12,21,5,1,0,1,0,0,0,0,1,0,0,0,0,0,1,0,0,0
56,47901.16,941.89,6,4,0,5.57,0.019663198135494,2024,10,4,4,0,0,1,0,0,0,0,0,0,1,0,0,0,0,0,1,0
58,11792.34,5000.0,9,13,1,9.3,0.4240040568708161,2023,4,25,1,0,0,0,0,1,0,0,0,0,1,0,1,0,0,0,0,0
20,41916.27,5000.0,3,18,2,8.13,0.1192854230588742,2024,7,10,2,0,0,1,0,0,1,0,0,0,0,1,0,0,0,0,0,1
54,18977.48,2195.42,6,0,0,7.25,0.1156855388597432,2024,7,9,1,0,0,0,1,0,0,1,0,0,0,0,1,0,0,0,0,1
52,48119.94,5000.0,6,13,3,9.55,0.1039070289780078,2023,1,16,0,0,1,0,0,0,0,1,0,0,0,0,0,0,0,0,1,1
28,11944.93,2790.84,12,13,3,2.24,0.2336422231021864,2024,9,5,3,0,0,0,1,0,0,0,0,1,0,1,0,0,0,0,0,1
22,14693.18,4523.08,12,17,1,7.33,0.3078353358496935,2024,8,19,0,0,0,0,1,0,0,0,1,0,0,0,0,0,0,0,1,1
54,95650.19,5000.0,6,10,2,5.39,0.0522738114790989,2023,4,25,1,0,0,1,0,0,0,1,0,0,0,0,0,0,0,0,1,0
27,49984.04,5000.0,12,1,0,4.82,0.1000319301921173,2023,5,23,1,0,1,0,0,0,0,0,0,0,1,0,0,0,0,0,1,0
30,14856.8,5000.0,12,0,1,3.97,0.3365462279898767,2023,2,3,4,0,0,0,0,1,1,0,0,0,0,1,0,0,0,0,0,1
43,10135.92,3457.39,9,3,0,5.78,0.341102731671126,2023,3,26,6,1,0,0,1,0,0,0,0,0,1,1,0,0,0,0,0,0
56,8527.65,3499.97,3,6,1,6.01,0.4104260845602246,2023,5,24,2,0,0,0,0,1,1,0,0,0,0,1,0,0,0,0,0,1
25,10212.92,100.0,12,9,2,8.7,0.009791518977922,2024,10,7,0,0,0,0,0,1,0,0,0,0,1,1,0,0,0,0,0,1
36,11925.09,4005.94,3,8,2,1.99,0.3359253473139406,2024,12,14,5,1,0,0,1,0,0,0,0,1,0,0,0,0,0,1,0,1
51,72609.47,5000.0,3,6,1,9.4,0.0688615410634453,2023,2,6,0,0,0,1,0,0,0,0,1,0,0,0,1,0,0,0,0,0
27,82143.53,5000.0,3,0,0,1.42,0.0608690666203412,2024,9,27,4,0,0,1,0,0,0,0,0,0,1,0,0,0,0,1,0,0
33,12302.31,5000.0,3,6,0,8.54,0.4064277359292685,2024,9,15,6,1,1,0,0,0,1,0,0,0,0,0,0,0,0,1,0,0
18,57552.35,5000.0,9,9,1,7.29,0.0868774255091234,2024,10,12,5,1,0,1,0,0,0,1,0,0,0,0,0,0,0,1,0,0
51,44933.35,5000.0,3,6,0,3.43,0.1112759231172392,2024,11,22,4,0,1,0,0,0,0,0,0,1,0,0,1,0,0,0,0,0
35,13648.87,5000.0,6,9,2,7.44,0.3663306925774807,2024,7,29,0,0,0,0,1,0,1,0,0,0,0,0,0,1,0,0,0,0
59,79431.32,5000.0,3,4,0,8.57,0.0629474620338677,2024,11,3,6,1,1,0,0,0,0,0,1,0,0,1,0,0,0,0,0,0
26,5000.0,729.17,12,20,1,7.09,0.145834,2023,2,17,4,0,0,0,0,1,0,1,0,0,0,0,0,0,0,0,1,0
42,70255.81,5000.0,12,8,2,3.23,0.0711684912607227,2023,3,22,2,0,1,0,0,0,0,1,0,0,0,0,0,0,0,0,1,0
26,10354.5,3576.23,12,6,0,2.9,0.3453793036843884,2024,9,28,5,1,0,0,1,0,0,0,0,0,1,1,0,0,0,0,0,0
25,7178.54,2566.29,12,5,0,2.39,0.3574946994792813,2024,8,24,5,1,0,0,1,0,0,0,1,0,0,0,0,1,0,0,0,1
41,15971.24,5000.0,3,18,2,2.53,0.3130627302576381,2024,8,28,2,0,0,0,1,0,0,1,0,0,0,0,0,0,0,1,0,0
37,56896.46,5000.0,12,17,1,1.11,0.0878789295502743,2023,2,13,0,0,0,1,0,0,0,0,0,0,1,0,0,0,0,1,0,1
40,35535.59,1943.24,12,17,1,6.03,0.0546843319612816,2024,7,9,1,0,0,1,0,0,0,1,0,0,0,0,0,0,0,1,0,1
44,13430.11,5000.0,6,15,1,2.15,0.3722977697129807,2023,3,2,3,0,0,0,0,1,0,1,0,0,0,0,0,1,0,0,0,1
21,43048.3,5000.0,3,17,1,5.53,0.1161486051714004,2024,12,12,3,0,1,0,0,0,0,0,0,1,0,0,0,0,0,1,0,1
50,82176.18,5000.0,12,3,0,6.95,0.0608448823004427,2023,3,31,4,0,0,1,0,0,0,0,0,0,1,0,0,0,1,0,0,0
25,36547.93,5000.0,12,24,3,1.8,0.13680665361896,2023,5,2,1,0,0,1,0,0,1,0,0,0,0,0,1,0,0,0,0,0
43,61542.96,5000.0,9,13,1,8.23,0.0812440610591365,2023,6,2,4,0,1,0,0,0,0,0,1,0,0,0,0,0,0,0,1,0
44,17030.86,4220.56,12,11,2,1.75,0.2478183720610703,2024,10,14,0,0,0,0,0,1,0,1,0,0,0,0,0,1,0,0,0,0
49,19681.91,5000.0,9,14,1,5.09,0.2540403853081332,2023,1,26,3,0,0,0,0,1,0,0,1,0,0,0,0,0,0,1,0,1
24,10486.06,3321.23,6,11,2,1.67,0.3167281133237841,2024,7,23,1,0,0,0,1,0,0,0,0,0,1,0,0,1,0,0,0,1
48,5020.52,978.05,9,3,1,9.74,0.1948104977173679,2024,11,2,5,1,0,1,0,0,0,1,0,0,0,0,0,1,0,0,0,0
49,100058.83,5000.0,9,3,1,1.17,0.04997060229467,2023,6,23,4,0,0,1,0,0,1,0,0,0,0,0,0,0,1,0,0,0
35,16749.14,5000.0,6,9,3,7.77,0.2985227898268209,2024,12,17,1,0,0,0,1,0,0,0,0,1,0,0,0,1,0,0,0,1
21,43986.33,5000.0,9,0,0,4.16,0.1136716793603831,2023,4,6,3,0,0,1,0,0,0,1,0,0,0,0,0,0,0,0,1,1
52,11467.66,3041.29,9,0,0,1.79,0.2652058048459755,2023,5,27,5,1,0,0,0,1,0,0,0,0,1,1,0,0,0,0,0,1
42,19384.0,2243.57,3,2,0,4.76,0.1157433966157655,2024,7,15,0,0,0,0,1,0,0,0,1,0,0,1,0,0,0,0,0,0
18,55207.75,5000.0,9,23,4,8.6,0.0905669946701323,2024,9,2,0,0,0,1,0,0,0,0,0,1,0,0,0,0,0,0,1,1
56,9053.01,5000.0,12,2,0,6.84,0.5523024938666808,2023,1,13,4,0,0,0,1,0,0,1,0,0,0,0,1,0,0,0,0,0
38,98087.7,5000.0,6,0,0,4.65,0.050974790926895,2024,9,18,2,0,0,1,0,0,0,0,0,1,0,0,0,0,1,0,0,0
32,85983.0,5000.0,9,17,1,7.13,0.0581510298547387,2023,5,8,0,0,0,1,0,0,0,0,0,1,0,1,0,0,0,0,0,0
33,19673.28,5000.0,9,0,0,3.35,0.2541518242001334,2023,1,31,1,0,0,0,1,0,0,1,0,0,0,1,0,0,0,0,0,0
36,14287.2,5000.0,3,8,3,7.65,0.3499636037852063,2024,11,7,3,0,0,0,0,1,1,0,0,0,0,0,1,0,0,0,0,1
48,11209.28,3890.45,6,0,0,8.43,0.3470740315167432,2024,8,23,4,0,0,0,1,0,0,0,0,1,0,0,0,1,0,0,0,0
20,18556.67,5000.0,6,0,0,6.13,0.2694448950161855,2023,4,26,2,0,1,0,0,0,0,1,0,0,0,0,0,0,1,0,0,0
21,14442.89,5000.0,12,3,0,3.6,0.3461911016423998,2024,12,29,6,1,0,0,1,0,0,0,0,1,0,0,0,0,1,0,0,0
24,7810.83,2009.67,12,14,1,1.5,0.2572927589001425,2023,1,1,6,1,0,0,0,1,0,0,1,0,0,1,0,0,0,0,0,1
49,88241.52,5000.0,12,9,1,7.61,0.0566626685487738,2023,1,8,6,1,1,0,0,0,0,1,0,0,0,0,0,1,0,0,0,0
56,15728.12,3197.1,3,0,0,5.72,0.2032728641439663,2024,7,17,2,0,0,0,1,0,0,0,0,1,0,1,0,0,0,0,0,0
27,84956.42,5000.0,6,17,1,8.15,0.0588537040520304,2024,12,14,5,1,0,1,0,0,0,1,0,0,0,0,0,0,1,0,0,0
53,57438.04,5000.0,9,8,1,8.48,0.0870503241405869,2024,9,14,5,1,1,0,0,0,0,0,0,0,1,0,0,1,0,0,0,0
51,61770.63,5000.0,12,4,0,6.53,0.0809446172072391,2023,6,26,0,0,1,0,0,0,0,0,0,1,0,0,0,0,1,0,0,0
52,138394.12,5000.0,12,15,1,8.45,0.0361287025778262,2024,8,3,5,1,0,1,0,0,0,0,0,0,1,0,1,0,0,0,0,0
50,18483.0,2309.48,3,8,1,2.87,0.1249515771249256,2024,12,28,5,1,0,0,0,1,0,1,0,0,0,0,1,0,0,0,0,0
32,11910.5,5000.0,9,16,1,6.17,0.419797657529071,2023,3,9,3,0,0,0,0,1,0,0,0,1,0,0,0,0,0,1,0,1
24,5000.0,100.0,6,12,2,4.9,0.02,2023,6,29,3,0,0,0,1,0,0,0,0,0,1,0,0,1,0,0,0,1
22,8801.35,4085.08,9,0,0,8.19,0.4641424326949843,2024,8,15,3,0,0,0,1,0,0,0,0,0,1,0,0,0,0,1,0,0
57,58245.78,5000.0,9,1,0,3.46,0.0858431288927712,2023,1,16,0,0,1,0,0,0,0,1,0,0,0,0,0,0,1,0,0,0
26,9796.66,1542.23,6,12,1,8.17,0.1574240608533929,2024,7,26,4,0,0,0,0,1,0,0,0,0,1,0,0,0,0,0,1,1
38,59137.67,5000.0,9,1,0,7.81,0.0845484781527578,2023,3,10,4,0,0,1,0,0,0,0,0,1,0,0,0,0,1,0,0,0
21,10739.33,5000.0,12,11,1,4.65,0.4655783926930265,2024,9,6,4,0,0,0,0,1,0,0,0,0,1,0,0,0,1,0,0,0
52,63407.42,5000.0,9,5,1,2.92,0.0788551245264355,2023,5,24,2,0,1,0,0,0,0,1,0,0,0,1,0,0,0,0,0,0
58,82814.56,5000.0,6,15,2,6.87,0.0603758566126536,2024,8,24,5,1,1,0,0,0,0,0,0,1,0,1,0,0,0,0,0,0
46,88721.54,5000.0,12,15,2,9.44,0.0563561002209835,2024,8,23,4,0,0,1,0,0,0,0,0,1,0,0,0,0,1,0,0,0
38,32739.71,1592.65,6,12,4,6.57,0.0486458187931414,2023,2,27,0,0,1,0,0,0,0,0,0,0,1,0,0,0,0,1,0,1
19,8094.97,2379.19,9,9,1,3.28,0.2939096747733469,2023,5,22,0,0,0,0,1,0,0,0,0,0,1,1,0,0,0,0,0,0
49,65747.66,4892.51,6,12,2,7.73,0.0744134468055593,2024,9,10,1,0,0,1,0,0,1,0,0,0,0,0,0,0,1,0,0,0
43,5000.0,785.73,3,19,1,8.57,0.157146,2023,2,6,0,0,0,0,0,1,0,0,0,1,0,1,0,0,0,0,0,1
30,40681.02,5000.0,6,0,0,1.89,0.1229074393906544,2024,10,2,2,0,0,1,0,0,1,0,0,0,0,0,1,0,0,0,0,0
31,16444.77,5000.0,12,0,0,2.03,0.3040480347247179,2024,8,30,4,0,0,0,1,0,0,0,0,0,1,0,0,0,1,0,0,1
29,6479.12,2200.6,9,3,0,9.14,0.3396448900467965,2023,3,26,6,1,1,0,0,0,0,0,0,1,0,1,0,0,0,0,0,0
43,16300.58,2516.07,6,5,0,1.77,0.1543546303260375,2023,5,10,2,0,0,0,0,1,1,0,0,0,0,0,1,0,0,0,0,0
50,56125.62,5000.0,3,1,0,4.68,0.0890858755769646,2024,10,6,6,1,1,0,0,0,0,1,0,0,0,0,0,0,0,0,1,0
45,21481.73,5000.0,6,2,0,4.13,0.2327559279443508,2023,1,6,4,0,0,0,1,0,1,0,0,0,0,1,0,0,0,0,0,1
33,5311.17,1045.77,9,3,0,6.75,0.1969001180530843,2023,4,6,3,0,0,0,0,1,0,1,0,0,0,0,0,0,0,1,0,1
43,5000.0,1215.14,9,2,0,2.36,0.243028,2024,12,20,4,0,0,0,1,0,0,1,0,0,0,0,0,0,0,0,1,1
35,55461.8,5000.0,12,14,1,8.68,0.0901521407527343,2023,4,13,3,0,1,0,0,0,0,1,0,0,0,0,1,0,0,0,0,0
48,15425.84,3847.09,12,13,2,5.35,0.2493925776489319,2023,3,20,0,0,0,0,0,1,0,0,0,0,1,0,0,0,0,1,0,0
24,34028.49,5000.0,9,23,2,1.62,0.1469357000560412,2024,8,28,2,0,0,1,0,0,0,0,0,1,0,1,0,0,0,0,0,1
30,33683.76,5000.0,6,2,0,1.12,0.1484394853781169,2024,12,24,1,0,1,0,0,0,0,1,0,0,0,0,0,1,0,0,0,0
36,13337.56,4081.25,12,4,0,5.47,0.3059967490305573,2023,3,31,4,0,0,0,0,1,0,0,0,0,1,0,1,0,0,0,0,0
25,14362.55,5000.0,9,0,0,5.82,0.3481275957263856,2024,11,28,3,0,0,0,0,1,0,0,0,0,1,0,1,0,0,0,0,0
18,31285.79,5000.0,12,0,0,3.56,0.1598169648265234,2023,6,30,4,0,1,0,0,0,0,0,0,1,0,0,1,0,0,0,0,0
44,59040.76,5000.0,3,8,2,7.72,0.084687256735855,2024,9,30,0,0,0,1,0,0,1,0,0,0,0,1,0,0,0,0,0,1
22,5000.0,1723.37,6,0,0,8.67,0.344674,2024,10,12,5,1,0,0,0,1,0,0,0,1,0,0,0,0,0,0,1,0
32,16236.95,5000.0,9,15,2,7.37,0.3079396068842978,2024,9,2,0,0,0,0,1,0,0,0,0,1,0,0,1,0,0,0,0,1
46,16409.76,5000.0,12,10,1,9.36,0.3046967170756915,2023,1,5,3,0,0,0,0,1,0,1,0,0,0,0,1,0,0,0,0,0
27,16147.48,100.0,6,1,0,8.77,0.0061929167894928,2023,4,3,0,0,0,0,1,0,0,0,0,1,0,0,0,0,1,0,0,0
23,13075.1,2817.02,9,21,1,4.18,0.2154492126255248,2024,7,16,1,0,0,0,0,1,1,0,0,0,0,0,0,0,0,0,1,1
31,14594.21,2707.47,9,8,2,9.59,0.1855167220425086,2024,9,21,5,1,0,0,1,0,0,0,0,0,1,0,0,0,1,0,0,1
50,13793.23,3078.99,6,1,0,1.64,0.2232247269131305,2024,8,16,4,0,0,0,1,0,0,1,0,0,0,0,0,1,0,0,0,0
28,20301.57,4295.04,3,20,2,7.51,0.2115619629417823,2023,3,13,0,0,0,0,1,0,0,0,0,0,1,0,0,0,0,1,0,1
56,61044.48,5000.0,9,8,3,5.75,0.0819074877859554,2023,5,25,3,0,1,0,0,0,0,0,1,0,0,0,0,0,0,1,0,1
25,11475.13,100.0,6,0,0,6.47,0.0087144982235495,2023,3,19,6,1,0,0,1,0,0,0,1,0,0,0,0,0,0,1,0,0
37,62806.19,5000.0,9,3,0,9.99,0.0796099874869021,2024,9,2,0,0,1,0,0,0,0,1,0,0,0,0,0,0,0,1,0,0
48,66562.92,1050.73,3,12,2,1.4,0.0157855154190951,2024,7,15,0,0,1,0,0,0,1,0,0,0,0,1,0,0,0,0,0,0
29,7066.07,1612.32,9,1,0,5.92,0.2281777565181211,2024,9,3,1,0,0,0,1,0,0,0,0,1,0,0,0,0,1,0,0,1
28,55356.31,5000.0,12,5,0,9.41,0.0903239395834007,2023,5,6,5,1,0,1,0,0,1,0,0,0,0,0,0,1,0,0,0,0
47,21054.49,5000.0,12,9,1,6.61,0.2374790365380495,2024,11,13,2,0,0,1,0,0,0,0,1,0,0,0,0,0,0,0,1,0
40,13838.87,100.0,12,0,0,1.19,0.0072260235120353,2024,11,4,0,0,0,0,1,0,0,0,0,1,0,0,0,1,0,0,0,0
51,12879.1,2294.27,9,15,1,9.13,0.1781390003959904,2023,1,31,1,0,0,0,1,0,0,0,1,0,0,0,0,0,0,1,0,0
20,6601.17,2563.08,3,16,4,6.41,0.3882766236894369,2024,9,22,6,1,0,0,0,1,0,0,1,0,0,0,0,1,0,0,0,1
47,85775.35,5000.0,6,1,0,3.26,0.0582918052797219,2023,5,11,3,0,0,1,0,0,0,1,0,0,0,0,1,0,0,0,0,0
50,100968.08,5000.0,12,20,1,2.64,0.0495206009661667,2023,5,24,2,0,0,1,0,0,0,0,0,1,0,0,0,0,0,1,0,1
51,12584.81,5000.0,12,1,0,6.03,0.3973043693150711,2023,5,9,1,0,0,0,1,0,0,0,0,1,0,0,1,0,0,0,0,1
54,81408.06,5000.0,3,9,1,4.75,0.0614189798897062,2024,9,4,2,0,0,1,0,0,0,0,0,1,0,0,1,0,0,0,0,0
41,79998.83,5000.0,6,24,2,6.43,0.0625009140758683,2024,11,8,4,0,0,1,0,0,0,0,0,0,1,0,0,0,1,0,0,1
50,45947.84,5000.0,12,17,1,1.47,0.1088190435067241,2023,4,1,5,1,1,0,0,0,0,0,0,1,0,0,0,0,1,0,0,1
37,53882.43,5000.0,9,21,3,1.72,0.0927946271168542,2024,9,20,4,0,1,0,0,0,1,0,0,0,0,0,0,0,0,1,0,1
54,20778.34,5000.0,6,12,1,4.19,0.2406351999245368,2024,12,29,6,1,0,0,1,0,0,1,0,0,0,1,0,0,0,0,0,1
21,21388.51,4241.06,6,5,0,7.26,0.198286837185012,2024,12,5,3,0,0,1,0,0,0,0,1,0,0,0,0,0,0,1,0,1
42,61986.09,5000.0,9,15,1,1.84,0.0806632584826692,2023,4,15,5,1,0,1,0,0,0,0,1,0,0,0,0,1,0,0,0,0
18,9350.89,4551.43,6,15,2,1.81,0.486737626044152,2023,6,1,3,0,0,0,0,1,0,0,0,1,0,0,0,0,0,1,0,0
27,46657.57,5000.0,6,1,0,9.47,0.1071637464188555,2023,2,5,6,1,1,0,0,0,0,0,1,0,0,0,1,0,0,0,0,0
19,11681.71,3875.05,3,5,0,4.61,0.3317194143665611,2023,1,25,2,0,0,0,1,0,0,0,0,1,0,0,0,1,0,0,0,0
40,23612.23,4747.25,6,1,0,7.47,0.2010504725728997,2023,6,27,1,0,1,0,0,0,0,1,0,0,0,0,0,1,0,0,0,1
28,5023.75,1563.02,9,16,2,9.9,0.311126150783777,2023,3,13,0,0,0,0,0,1,0,1,0,0,0,0,0,0,0,1,0,1
26,11878.09,3252.66,3,10,1,3.25,0.2738369552680607,2024,8,27,1,0,0,0,1,0,1,0,0,0,0,0,0,0,1,0,0,1
30,21960.01,5000.0,6,2,0,2.67,0.2276865994141168,2023,2,23,3,0,0,0,1,0,1,0,0,0,0,0,0,0,0,1,0,0
44,17822.0,4151.27,6,2,0,4.28,0.2329295253058018,2024,9,11,2,0,0,0,0,1,0,1,0,0,0,0,0,0,0,1,0,0
20,5197.0,2062.39,6,13,2,3.57,0.3968424090821628,2024,7,31,2,0,0,0,1,0,0,0,0,1,0,0,1,0,0,0,0,1
18,31324.48,5000.0,3,20,3,5.61,0.1596195691037808,2023,2,17,4,0,1,0,0,0,0,0,0,1,0,0,0,0,0,0,1,1
58,22144.6,5000.0,12,23,3,9.51,0.2257886798587466,2024,7,31,2,0,0,0,1,0,0,1,0,0,0,0,0,0,0,1,0,1
59,5000.0,1566.13,3,10,1,3.36,0.313226,2023,3,12,6,1,1,0,0,0,0,0,0,1,0,0,0,0,1,0,0,0
34,9713.79,1621.79,6,0,0,3.58,0.1669574903307565,2024,10,30,2,0,0,0,0,1,1,0,0,0,0,0,0,0,0,1,0,0
46,69408.26,5000.0,12,17,3,8.68,0.0720375355901444,2024,9,14,5,1,0,1,0,0,0,1,0,0,0,1,0,0,0,0,0,0
50,61806.31,5000.0,9,14,1,4.56,0.0808978889048707,2024,7,19,4,0,0,1,0,0,0,0,0,0,1,0,1,0,0,0,0,0
30,61268.3,5000.0,3,14,2,1.02,0.0816082705085664,2023,1,7,5,1,0,1,0,0,0,0,1,0,0,0,0,1,0,0,0,0
44,54064.58,5000.0,12,3,0,2.49,0.092481990981896,2023,6,9,4,0,1,0,0,0,0,0,0,0,1,0,0,1,0,0,0,0
43,44704.18,5000.0,3,10,2,7.33,0.1118463642549757,2023,5,31,2,0,0,1,0,0,0,0,1,0,0,0,0,0,0,1,0,0
29,6324.87,1806.87,3,24,4,6.45,0.2856770178675609,2023,5,31,2,0,0,0,0,1,0,0,1,0,0,0,0,1,0,0,0,1
59,45649.16,100.0,6,11,1,3.79,0.0021906208131759,2024,11,1,4,0,0,1,0,0,0,0,1,0,0,0,0,0,0,1,0,1
41,32351.79,5000.0,6,2,0,2.79,0.1545509537493906,2024,12,25,2,0,1,0,0,0,1,0,0,0,0,0,1,0,0,0,0,0
49,66888.48,5000.0,9,16,2,8.03,0.0747512875161761,2023,4,7,4,0,1,0,0,0,0,0,0,0,1,0,0,0,1,0,0,0
41,103847.61,5000.0,9,20,2,2.03,0.0481474730135821,2023,1,2,0,0,0,1,0,0,0,0,0,1,0,0,0,1,0,0,0,1
43,80134.44,5000.0,6,0,0,4.78,0.0623951449588965,2023,4,29,5,1,1,0,0,0,1,0,0,0,0,0,0,0,1,0,0,0
39,45349.49,100.0,6,11,2,9.39,0.0022050964630473,2023,6,16,4,0,1,0,0,0,0,1,0,0,0,0,0,0,1,0,0,0
19,5000.0,967.03,9,9,1,2.32,0.193406,2024,9,29,6,1,0,0,0,1,0,1,0,0,0,0,0,0,1,0,0,0
24,53114.24,5000.0,6,17,1,6.96,0.0941367136195491,2024,8,3,5,1,0,1,0,0,0,0,1,0,0,0,0,0,1,0,0,0
28,7199.92,3245.81,6,5,0,8.83,0.4508119534661496,2023,2,14,1,0,0,0,0,1,0,0,0,0,1,0,1,0,0,0,0,0
42,48050.53,5000.0,6,0,0,1.64,0.1040571248641794,2023,4,17,0,0,1,0,0,0,1,0,0,0,0,0,0,0,0,1,0,0
26,64262.3,5000.0,3,24,3,1.04,0.0778061164944298,2024,9,6,4,0,1,0,0,0,0,0,0,1,0,0,0,0,0,1,0,1
39,9429.95,1461.38,3,10,2,6.04,0.1549721896722676,2024,7,12,4,0,0,0,0,1,0,0,0,0,1,0,0,0,0,1,0,0
46,42852.19,5000.0,6,8,1,7.37,0.1166801510027842,2023,1,24,1,0,0,1,0,0,0,1,0,0,0,0,0,1,0,0,0,1
36,35953.81,5000.0,6,3,0,4.78,0.1390673199863936,2023,6,4,6,1,1,0,0,0,0,0,0,0,1,0,0,0,0,0,1,1
35,51567.8,5000.0,12,4,0,1.81,0.096959730684652,2024,12,22,6,1,1,0,0,0,0,0,0,1,0,0,0,0,1,0,0,0
32,5773.83,1525.67,9,5,1,4.88,0.2642388154829637,2024,9,13,4,0,0,0,1,0,0,0,0,1,0,0,0,0,1,0,0,1
23,8895.36,4674.18,3,12,1,3.01,0.5254627131448305,2024,9,26,3,0,0,0,1,0,1,0,0,0,0,0,0,0,0,1,0,1
25,65116.56,5000.0,6,9,1,6.25,0.0767853830116332,2023,3,1,2,0,1,0,0,0,1,0,0,0,0,0,1,0,0,0,0,0
28,48660.35,5000.0,9,12,1,5.26,0.1027530628119197,2024,9,20,4,0,1,0,0,0,0,1,0,0,0,0,0,0,1,0,0,0
21,25581.36,5000.0,9,20,2,3.61,0.1954548155375632,2024,9,30,0,0,1,0,0,0,0,0,0,1,0,0,0,0,0,1,0,1
44,21701.28,5000.0,12,25,3,8.24,0.2304011560608406,2024,7,19,4,0,0,0,0,1,0,0,0,0,1,1,0,0,0,0,0,1
19,31681.98,5000.0,9,23,2,2.56,0.1578184191770842,2024,12,4,2,0,0,1,0,0,0,1,0,0,0,1,0,0,0,0,0,1
20,44077.42,5000.0,9,5,1,8.73,0.1134367664895086,2024,12,23,0,0,1,0,0,0,0,0,0,0,1,1,0,0,0,0,0,1
42,32019.26,5000.0,9,21,1,7.32,0.1561560135993149,2023,2,6,0,0,0,0,1,0,1,0,0,0,0,0,0,0,0,0,1,0
49,40935.18,5000.0,6,8,1,6.46,0.1221443267135994,2024,12,15,6,1,0,1,0,0,0,0,0,1,0,0,1,0,0,0,0,1
21,51048.43,5000.0,12,6,3,7.06,0.0979462052016095,2024,10,11,4,0,1,0,0,0,1,0,0,0,0,0,1,0,0,0,0,1
58,8948.07,2348.4,6,5,1,9.96,0.2624476563102434,2024,8,5,0,0,0,0,0,1,0,0,0,1,0,0,0,0,0,1,0,1
18,38628.88,5000.0,3,1,0,9.93,0.1294368358595952,2023,2,25,5,1,0,1,0,0,0,0,1,0,0,0,0,0,0,0,1,0
40,51958.99,5000.0,6,5,0,6.56,0.0962297381069185,2023,1,10,1,0,1,0,0,0,0,1,0,0,0,0,1,0,0,0,0,0
36,80359.14,5000.0,3,11,2,9.74,0.0622206758310255,2024,10,3,3,0,0,1,0,0,0,0,1,0,0,0,0,0,0,1,0,0
54,79339.29,5000.0,6,18,3,8.53,0.0630204782523261,2023,4,21,4,0,0,1,0,0,0,0,0,1,0,0,0,0,1,0,0,0
40,69059.64,5000.0,12,3,0,6.14,0.0724011883062234,2023,5,6,5,1,1,0,0,0,0,0,0,1,0,0,0,1,0,0,0,0
41,15089.92,882.38,9,10,1,8.78,0.0584747964203918,2023,1,3,1,0,0,0,0,1,0,1,0,0,0,0,0,0,0,1,0,0
49,37972.09,5000.0,3,0,0,1.76,0.1316756596753036,2023,4,1,5,1,1,0,0,0,0,1,0,0,0,0,0,0,0,1,0,0
28,64235.21,5000.0,3,4,0,8.96,0.0778389297707596,2024,11,8,4,0,0,1,0,0,0,0,1,0,0,0,1,0,0,0,0,0
41,41083.06,5000.0,6,3,0,6.69,0.1217046636740301,2024,7,2,1,0,1,0,0,0,0,1,0,0,0,0,0,0,0,1,0,1
41,52949.13,5000.0,12,0,0,6.25,0.0944302578720368,2023,2,21,1,0,0,1,0,0,0,1,0,0,0,1,0,0,0,0,0,1
55,48939.47,1473.07,12,17,1,8.52,0.0300998355723917,2023,2,3,4,0,0,1,0,0,0,0,1,0,0,0,0,1,0,0,0,1
53,22815.26,3969.76,3,0,0,9.67,0.1739958256009355,2024,11,17,6,1,0,0,1,0,0,0,1,0,0,0,0,0,0,0,1,1
51,64101.29,5000.0,12,18,1,1.67,0.0780015503588149,2024,7,18,3,0,0,1,0,0,0,0,0,0,1,1,0,0,0,0,0,0
58,38927.04,5000.0,12,24,2,3.15,0.1284454199445937,2024,9,30,0,0,1,0,0,0,0,0,1,0,0,0,0,0,0,1,0,1
36,52254.36,5000.0,12,8,2,1.44,0.0956857954053977,2023,6,15,3,0,1,0,0,0,0,1,0,0,0,0,1,0,0,0,0,1
50,12579.59,5000.0,3,14,2,2.14,0.3974692338939504,2023,6,26,0,0,0,0,1,0,0,0,1,0,0,0,1,0,0,0,0,1
54,20275.4,5000.0,9,15,1,3.05,0.2466042593487674,2024,10,27,6,1,0,0,1,0,0,0,1,0,0,0,0,0,0,0,1,0
44,58390.32,5000.0,6,22,2,4.53,0.0856306319266618,2023,4,12,2,0,0,1,0,0,0,0,1,0,0,1,0,0,0,0,0,1
19,54431.47,5000.0,6,14,4,1.82,0.0918586251666545,2024,10,8,1,0,1,0,0,0,0,0,0,0,1,1,0,0,0,0,0,1
44,60203.68,5000.0,9,2,0,5.3,0.0830514015090107,2023,6,26,0,0,1,0,0,0,0,0,0,1,0,0,0,1,0,0,0,0
59,78664.16,5000.0,3,12,3,8.61,0.0635613473785266,2023,6,21,2,0,0,1,0,0,0,0,1,0,0,0,0,0,0,1,0,0
51,71694.41,5000.0,3,10,1,8.79,0.069740444199206,2024,12,19,3,0,1,0,0,0,0,0,1,0,0,0,0,0,0,0,1,0
23,62092.67,5000.0,6,1,1,9.39,0.0805248026860497,2023,1,21,5,1,0,1,0,0,0,0,0,1,0,0,0,0,0,0,1,1
29,17233.35,753.82,3,2,0,4.34,0.0437419306170883,2024,10,13,6,1,0,0,1,0,1,0,0,0,0,0,0,1,0,0,0,0
45,10807.62,5000.0,3,5,0,8.52,0.4626365471768992,2023,5,26,4,0,0,0,1,0,0,0,1,0,0,1,0,0,0,0,0,0
36,11626.53,3576.32,12,8,1,6.64,0.3075999459856036,2023,4,26,2,0,0,0,1,0,0,0,0,1,0,0,0,0,1,0,0,0
36,12826.15,4953.58,6,19,3,2.85,0.3862094237163919,2024,12,30,0,0,0,0,0,1,0,1,0,0,0,0,1,0,0,0,0,1
46,11173.2,4185.93,6,2,0,5.86,0.3746402105037053,2023,6,21,2,0,0,0,0,1,0,0,1,0,0,0,0,1,0,0,0,0
53,24516.99,2989.31,3,5,1,6.24,0.1219280996566054,2023,4,29,5,1,0,0,1,0,0,0,1,0,0,0,0,1,0,0,0,0
22,25255.77,2068.93,12,2,0,7.31,0.0819191020507393,2024,11,23,5,1,0,1,0,0,0,0,1,0,0,0,0,0,0,1,0,1
50,13662.06,4286.1,9,19,3,9.36,0.3137228207166416,2024,11,22,4,0,0,0,0,1,0,0,0,1,0,0,0,0,0,1,0,1
20,47812.82,5000.0,9,19,1,5.53,0.1045744635016299,2024,8,12,0,0,0,1,0,0,0,0,0,1,0,1,0,0,0,0,0,1
37,5000.0,328.77,9,14,2,2.57,0.0657539999999999,2023,3,28,1,0,0,0,0,1,0,0,0,1,0,0,0,0,0,1,0,1
35,20622.53,5000.0,6,15,1,3.27,0.2424532780410551,2024,7,27,5,1,0,0,1,0,0,1,0,0,0,1,0,0,0,0,0,0
55,80847.37,5000.0,6,12,1,6.23,0.0618449307627446,2023,1,31,1,0,1,0,0,0,0,0,1,0,0,0,0,0,0,0,1,0
24,39149.39,5000.0,6,0,0,9.62,0.1277159107715343,2024,8,29,3,0,0,1,0,0,0,0,0,0,1,1,0,0,0,0,0,0
30,15152.75,5000.0,3,5,0,3.69,0.3299731071917638,2024,11,16,5,1,0,0,1,0,0,0,0,0,1,0,0,0,1,0,0,0
37,39830.37,5000.0,9,9,3,1.62,0.1255323513188554,2024,11,25,0,0,0,1,0,0,0,0,1,0,0,1,0,0,0,0,0,0
57,75498.75,5000.0,12,0,0,6.98,0.0662262620242057,2024,7,1,0,0,0,1,0,0,0,1,0,0,0,0,0,1,0,0,0,0
30,13353.3,2375.08,9,0,0,7.55,0.1778646476900841,2023,5,28,6,1,0,0,0,1,1,0,0,0,0,0,0,0,0,1,0,0
49,65317.61,5000.0,12,10,2,3.46,0.0765490347855654,2023,4,22,5,1,0,1,0,0,0,1,0,0,0,0,0,0,0,0,1,0
31,33724.24,5000.0,9,14,2,2.91,0.1482613099657694,2023,6,3,5,1,0,1,0,0,0,1,0,0,0,0,0,0,1,0,0,0
42,17994.32,3474.36,9,16,1,2.41,0.1930809277594263,2023,2,21,1,0,0,0,1,0,0,1,0,0,0,0,0,0,0,1,0,1
23,5000.0,238.61,12,3,0,5.6,0.047722,2024,8,24,5,1,0,0,0,1,0,0,1,0,0,0,0,0,1,0,0,0
24,9668.01,3344.37,3,9,2,6.54,0.3459212392208944,2024,9,11,2,0,0,0,1,0,0,0,0,1,0,0,1,0,0,0,0,1
54,10525.49,4527.1,3,11,1,5.62,0.4301082419915842,2023,4,24,0,0,0,0,1,0,0,0,0,0,1,0,0,0,0,0,1,1
37,53377.28,3119.28,3,20,3,9.4,0.0584383468022349,2023,2,28,1,0,1,0,0,0,0,0,0,1,0,0,0,0,1,0,0,1
51,35693.31,5000.0,12,7,1,8.45,0.1400822731206492,2024,10,25,4,0,1,0,0,0,1,0,0,0,0,0,0,0,0,1,0,1
51,13143.36,3253.23,9,10,2,4.83,0.2475188992768972,2023,6,15,3,0,0,0,0,1,0,0,1,0,0,0,0,0,0,0,1,0
48,12586.97,5000.0,9,1,0,7.26,0.3972361894880182,2024,10,14,0,0,0,0,0,1,0,0,0,0,1,0,0,1,0,0,0,1
23,24787.71,5000.0,9,2,0,1.28,0.2017128649641294,2024,12,6,4,0,0,1,0,0,0,0,0,1,0,1,0,0,0,0,0,1
48,40391.83,5000.0,6,11,2,8.84,0.1237874094835514,2024,12,28,5,1,1,0,0,0,0,0,0,0,1,0,0,0,0,0,1,0
51,24214.12,5000.0,3,15,2,6.8,0.2064910886705773,2023,2,27,0,0,0,0,1,0,0,0,0,1,0,0,0,0,0,1,0,1
30,66398.62,5000.0,12,20,1,1.14,0.0753027698467227,2024,11,22,4,0,1,0,0,0,0,0,0,0,1,1,0,0,0,0,0,0
49,14616.83,3428.91,3,2,0,6.4,0.2345864322154666,2023,5,27,5,1,0,0,0,1,0,1,0,0,0,0,1,0,0,0,0,1
54,18114.09,5000.0,12,0,0,4.9,0.2760282189168763,2024,10,26,5,1,0,0,1,0,0,0,1,0,0,0,0,1,0,0,0,1
37,15922.72,3261.33,9,0,0,1.58,0.2048224172754403,2023,3,19,6,1,0,0,0,1,0,0,0,0,1,0,1,0,0,0,0,1
31,6540.3,232.65,3,3,0,2.01,0.035571762763176,2023,2,18,5,1,0,0,0,1,1,0,0,0,0,0,1,0,0,0,0,1
45,50616.13,5000.0,6,0,0,7.95,0.0987827398104122,2023,4,17,0,0,0,1,0,0,0,0,1,0,0,1,0,0,0,0,0,1
51,51207.71,3488.18,12,1,1,7.26,0.0681182579732622,2024,12,4,2,0,1,0,0,0,0,0,0,1,0,0,0,0,1,0,0,1
38,9662.87,1801.3,3,3,0,1.63,0.1864145952496514,2023,6,20,1,0,0,0,1,0,0,0,1,0,0,1,0,0,0,0,0,0
33,8768.98,3085.3,3,10,2,6.46,0.3518425176018191,2023,4,13,3,0,0,0,0,1,0,1,0,0,0,0,0,1,0,0,0,0
33,7554.82,2675.63,12,1,0,6.51,0.3541619787102804,2023,4,2,6,1,0,0,0,1,1,0,0,0,0,0,0,0,0,0,1,1
59,64712.02,5000.0,6,2,0,9.24,0.0772653982984923,2024,8,20,1,0,0,1,0,0,0,0,0,1,0,1,0,0,0,0,0,0
47,87824.3,5000.0,9,0,1,2.99,0.056931851435195,2023,1,13,4,0,0,1,0,0,1,0,0,0,0,0,0,1,0,0,0,0
22,7217.83,100.0,6,1,0,2.61,0.0138545795620013,2023,6,29,3,0,0,0,0,1,0,1,0,0,0,0,0,0,0,1,0,0
27,79311.89,1510.43,3,8,1,5.86,0.0190441811435838,2024,9,4,2,0,0,1,0,0,0,0,0,0,1,0,0,1,0,0,0,0
50,17935.14,4558.94,3,16,3,2.59,0.2541903771032732,2023,4,15,5,1,0,0,0,1,0,0,0,0,1,0,0,0,1,0,0,1
53,34868.86,5000.0,6,17,3,3.9,0.1433944212687194,2024,9,5,3,0,1,0,0,0,1,0,0,0,0,0,1,0,0,0,0,1
27,45455.11,5000.0,6,5,1,3.88,0.1099986338169679,2023,3,25,5,1,1,0,0,0,0,0,0,1,0,0,1,0,0,0,0,0
50,42780.63,5000.0,12,15,1,4.0,0.1168753241829304,2023,6,21,2,0,1,0,0,0,0,0,1,0,0,0,0,0,0,1,0,1
19,25285.3,5000.0,12,13,1,5.31,0.1977433528571937,2023,1,1,6,1,1,0,0,0,1,0,0,0,0,0,1,0,0,0,0,0
32,10275.65,3912.27,6,0,0,7.1,0.3807321191360157,2024,12,14,5,1,0,0,1,0,0,0,0,0,1,0,1,0,0,0,0,1
43,18600.59,5000.0,3,1,0,9.67,0.2688086775742059,2023,4,26,2,0,0,0,0,1,1,0,0,0,0,0,1,0,0,0,0,1
52,20532.57,5000.0,6,17,1,8.63,0.2435155462759898,2024,11,25,0,0,0,0,0,1,0,1,0,0,0,0,0,0,1,0,0,0
56,8488.31,2556.02,6,0,0,8.28,0.3011223671143019,2024,12,11,2,0,0,0,0,1,0,1,0,0,0,0,0,0,1,0,0,0
44,45926.09,5000.0,9,12,1,4.54,0.1088705787930128,2024,9,28,5,1,0,1,0,0,1,0,0,0,0,0,0,1,0,0,0,0
19,6430.14,2690.34,3,9,1,6.6,0.4183952448935793,2023,4,3,0,0,0,0,1,0,0,0,0,1,0,1,0,0,0,0,0,1
59,77099.66,5000.0,6,18,1,1.46,0.0648511290451864,2023,4,25,1,0,0,1,0,0,0,1,0,0,0,0,0,0,0,0,1,1
21,27180.76,5000.0,3,13,1,9.42,0.1839536495668259,2023,5,14,6,1,1,0,0,0,0,0,0,0,1,0,0,0,1,0,0,1
34,12336.21,3126.36,3,4,2,5.96,0.2534295379212903,2023,2,9,3,0,0,0,0,1,1,0,0,0,0,0,0,0,1,0,0,0
43,26317.57,5000.0,3,14,1,8.66,0.1899871454697375,2023,4,2,6,1,0,0,1,0,0,0,0,1,0,0,0,0,0,0,1,1
33,32010.96,5000.0,9,12,2,8.27,0.156196502697826,2024,8,18,6,1,1,0,0,0,1,0,0,0,0,1,0,0,0,0,0,0
50,17518.04,5000.0,9,16,2,8.76,0.2854200584083607,2024,11,26,1,0,0,0,0,1,0,1,0,0,0,0,0,0,0,0,1,1
37,39137.87,5000.0,6,1,0,3.46,0.1277535031926878,2024,10,9,2,0,1,0,0,0,0,0,1,0,0,1,0,0,0,0,0,1
19,11080.77,5000.0,9,7,1,6.03,0.4512321797131426,2023,4,19,2,0,0,0,1,0,1,0,0,0,0,0,0,0,0,1,0,0
57,22372.6,5000.0,9,3,0,4.65,0.2234876590114694,2023,6,14,2,0,0,0,1,0,0,1,0,0,0,0,1,0,0,0,0,1
50,7370.22,1458.14,3,3,0,3.29,0.1978421268293212,2023,6,12,0,0,0,0,0,1,1,0,0,0,0,0,0,0,1,0,0,0
57,13772.28,3112.29,3,12,1,9.55,0.2259821903127151,2023,6,26,0,0,0,0,0,1,0,0,0,1,0,0,0,0,1,0,0,1
57,74322.12,5000.0,6,17,1,6.28,0.0672747225186795,2024,12,9,0,0,0,1,0,0,0,0,1,0,0,0,0,0,1,0,0,1
49,92343.12,5000.0,3,1,0,8.52,0.054145885475821,2023,5,8,0,0,1,0,0,0,1,0,0,0,0,0,0,0,1,0,0,0
28,9199.07,3420.46,12,16,3,2.98,0.3718267172659845,2023,4,2,6,1,0,0,0,1,1,0,0,0,0,0,0,0,0,0,1,1
23,26616.15,2384.66,12,1,0,9.66,0.0895944755345908,2024,10,3,3,0,1,0,0,0,0,0,1,0,0,0,0,1,0,0,0,1
49,63524.19,5000.0,3,16,2,4.53,0.0787101732426655,2024,8,15,3,0,1,0,0,0,1,0,0,0,0,0,0,1,0,0,0,1
30,5000.0,3070.99,6,4,0,3.59,0.6141979999999999,2023,4,3,0,0,0,0,1,0,1,0,0,0,0,0,0,0,1,0,0,1
47,8203.02,100.0,3,15,2,3.09,0.0121906322305687,2024,9,13,4,0,0,0,0,1,0,0,0,1,0,0,1,0,0,0,0,0
44,21701.67,5000.0,6,12,1,6.68,0.2303970155292196,2024,12,10,1,0,0,0,1,0,0,0,0,1,0,1,0,0,0,0,0,1
35,5000.0,2485.19,3,16,2,7.93,0.497038,2024,10,16,2,0,0,0,1,0,0,0,0,1,0,0,0,0,0,0,1,1
38,60646.56,5000.0,9,0,0,6.34,0.082444907015336,2023,6,5,0,0,1,0,0,0,0,1,0,0,0,1,0,0,0,0,0,0
54,30375.15,5000.0,9,15,3,7.18,0.1646082406177418,2024,11,20,2,0,0,0,1,0,0,1,0,0,0,0,0,0,1,0,0,0
36,23151.62,5000.0,9,0,0,3.62,0.2159676083142346,2023,5,6,5,1,1,0,0,0,0,1,0,0,0,0,0,0,1,0,0,0
20,8631.47,4009.01,9,16,2,5.96,0.4644643380559743,2024,12,5,3,0,0,0,0,1,0,0,0,1,0,0,1,0,0,0,0,1
59,9970.65,4119.47,12,14,2,2.44,0.4131596234949577,2024,9,2,0,0,0,0,0,1,0,0,0,1,0,0,0,0,1,0,0,0
26,57076.06,5000.0,12,22,1,9.9,0.0876024028287867,2023,1,6,4,0,0,1,0,0,0,0,0,0,1,0,0,1,0,0,0,0
56,28781.71,5000.0,3,3,0,9.58,0.1737214362871421,2023,6,22,3,0,1,0,0,0,0,0,1,0,0,0,1,0,0,0,0,0
59,55061.65,5000.0,6,1,0,9.62,0.0908073041763187,2024,7,22,0,0,1,0,0,0,0,0,0,0,1,0,0,0,1,0,0,1
22,10119.1,2452.73,3,13,2,2.93,0.2423861805891828,2024,8,23,4,0,0,0,0,1,0,0,0,1,0,0,1,0,0,0,0,0
32,78386.18,5000.0,9,19,2,6.36,0.0637867542467307,2023,4,28,4,0,0,1,0,0,0,0,0,1,0,0,0,0,0,0,1,0
45,16601.25,1692.74,12,7,1,9.43,0.1019646110985618,2024,9,15,6,1,0,0,0,1,0,0,1,0,0,0,0,1,0,0,0,0
49,59296.27,5000.0,6,12,1,9.41,0.0843223359580628,2023,4,6,3,0,0,1,0,0,0,0,1,0,0,0,0,1,0,0,0,0
38,66514.6,5000.0,3,7,2,2.63,0.0751714661142065,2023,3,4,5,1,0,1,0,0,0,0,1,0,0,0,0,0,0,0,1,0
43,70247.65,5000.0,12,7,1,1.35,0.0711767582260759,2023,6,9,4,0,1,0,0,0,0,0,1,0,0,1,0,0,0,0,0,0
36,12300.99,5000.0,6,12,1,4.35,0.4064713490540192,2023,5,28,6,1,0,0,0,1,0,1,0,0,0,0,0,0,0,0,1,0
52,15006.99,5000.0,3,4,0,9.32,0.3331780723516175,2024,11,8,4,0,0,0,0,1,0,1,0,0,0,0,1,0,0,0,0,1
37,22746.23,5000.0,12,1,0,5.63,0.219816646538789,2024,8,25,6,1,0,0,1,0,0,1,0,0,0,0,0,0,0,1,0,0
59,41383.37,732.07,3,2,0,3.52,0.0176899561345535,2024,11,1,4,0,1,0,0,0,0,0,1,0,0,0,0,0,1,0,0,0
21,8755.83,601.14,6,20,3,8.84,0.0686559697938402,2023,6,23,4,0,0,0,1,0,1,0,0,0,0,0,0,1,0,0,0,1
54,18501.56,1190.09,3,0,0,8.31,0.0643237651311565,2023,4,28,4,0,0,0,1,0,0,0,1,0,0,0,0,0,0,1,0,0
29,9602.74,3362.15,6,20,4,3.87,0.3501240271005983,2024,10,25,4,0,0,0,0,1,1,0,0,0,0,0,1,0,0,0,0,1
55,49371.97,5000.0,9,9,2,9.9,0.1012720375549122,2024,11,22,4,0,1,0,0,0,0,0,0,0,1,0,0,0,1,0,0,0
55,84743.58,5000.0,12,11,1,8.28,0.0590015196431399,2023,2,7,1,0,0,1,0,0,0,0,1,0,0,0,0,0,1,0,0,0
44,73458.48,5000.0,6,0,0,9.0,0.0680656610373642,2023,4,6,3,0,1,0,0,0,0,0,0,0,1,0,0,0,1,0,0,0
18,40266.45,5000.0,3,14,3,3.17,0.1241728535790962,2023,2,26,6,1,0,1,0,0,1,0,0,0,0,0,0,0,0,0,1,1
25,80094.47,5000.0,12,0,0,1.32,0.0624262823638136,2023,5,19,4,0,1,0,0,0,0,0,0,1,0,0,1,0,0,0,0,0
39,50010.81,2499.81,6,0,0,7.95,0.0499853931579992,2023,3,11,5,1,1,0,0,0,1,0,0,0,0,0,1,0,0,0,0,0
57,60387.51,5000.0,6,1,0,8.1,0.0827985787127172,2023,2,25,5,1,1,0,0,0,0,0,1,0,0,0,0,1,0,0,0,0
22,44280.89,5000.0,9,5,1,4.11,0.1129155263139471,2023,1,13,4,0,0,1,0,0,0,0,0,0,1,1,0,0,0,0,0,0
28,11314.52,2288.34,3,15,2,2.17,0.2022480847618812,2023,1,25,2,0,0,0,0,1,0,1,0,0,0,0,0,0,0,1,0,1
27,42142.35,5000.0,6,0,0,9.15,0.1186454955644381,2024,10,2,2,0,1,0,0,0,0,0,0,1,0,1,0,0,0,0,0,1
43,13183.15,948.66,12,16,1,5.34,0.071960039899417,2024,11,23,5,1,0,0,1,0,0,1,0,0,0,0,0,1,0,0,0,0
23,34681.16,5000.0,3,14,2,4.24,0.1441704948738738,2023,3,10,4,0,1,0,0,0,0,1,0,0,0,0,0,0,0,1,0,0
40,15479.19,5000.0,3,6,1,7.81,0.3230143179326566,2024,7,8,0,0,0,0,1,0,0,1,0,0,0,0,1,0,0,0,0,0
27,67549.26,5000.0,9,21,2,1.69,0.0740200558821814,2023,5,16,1,0,1,0,0,0,0,1,0,0,0,1,0,0,0,0,0,1
54,17390.22,3283.92,3,4,0,8.73,0.1888371739977987,2023,5,22,0,0,0,0,0,1,1,0,0,0,0,0,1,0,0,0,0,0
51,68662.73,5000.0,12,3,2,1.81,0.0728197087415545,2024,10,31,3,0,0,1,0,0,0,0,0,0,1,0,0,1,0,0,0,0
18,5000.0,1641.46,12,0,0,1.19,0.328292,2024,10,21,0,0,0,0,1,0,0,0,1,0,0,0,0,0,0,1,0,0
32,53537.07,5000.0,3,10,2,9.6,0.0933932320166195,2023,2,8,2,0,0,1,0,0,0,0,1,0,0,0,0,1,0,0,0,1
24,7746.77,3432.45,6,4,0,5.29,0.4430814391030067,2024,8,8,3,0,0,0,0,1,0,0,1,0,0,1,0,0,0,0,0,0
24,51744.37,5000.0,6,26,3,2.91,0.0966288699620847,2024,10,15,1,0,0,1,0,0,0,1,0,0,0,0,0,1,0,0,0,1
46,82701.48,5000.0,9,4,0,8.35,0.0604584101759726,2024,7,5,4,0,1,0,0,0,0,1,0,0,0,0,0,0,1,0,0,0
33,18672.32,2438.21,9,1,0,7.41,0.1305788461208891,2023,1,15,6,1,0,0,1,0,0,0,1,0,0,0,0,0,0,1,0,1
45,45032.27,5000.0,12,2,1,9.66,0.111031489196525,2023,1,11,2,0,1,0,0,0,0,0,0,0,1,0,0,1,0,0,0,0
49,29458.69,4137.55,3,2,0,5.22,0.1404526134733079,2024,10,13,6,1,1,0,0,0,0,0,0,0,1,0,0,0,0,0,1,0
18,36386.32,5000.0,3,0,0,7.83,0.1374142809715299,2023,2,18,5,1,0,1,0,0,0,0,0,1,0,0,1,0,0,0,0,0
33,65168.43,5000.0,3,4,0,1.23,0.0767242666426059,2023,6,29,3,0,1,0,0,0,0,0,0,0,1,1,0,0,0,0,0,0
41,25582.86,5000.0,6,1,0,6.17,0.1954433554340679,2024,10,11,4,0,0,0,1,0,1,0,0,0,0,0,0,0,1,0,0,0
54,18872.72,5000.0,12,0,0,5.4,0.2649326647139363,2024,7,31,2,0,0,0,1,0,1,0,0,0,0,0,0,0,0,1,0,0
37,15898.02,5000.0,12,22,3,7.44,0.3145045735255082,2024,8,6,1,0,0,0,1,0,0,1,0,0,0,0,0,0,1,0,0,1
53,19626.75,4378.24,12,0,0,3.09,0.2230751397964512,2024,7,22,0,0,0,0,1,0,1,0,0,0,0,0,0,0,0,1,0,1
30,9087.71,1384.07,6,0,0,8.59,0.1523012948256491,2023,3,15,2,0,0,0,0,1,0,0,0,1,0,1,0,0,0,0,0,1
55,30542.58,5000.0,9,18,1,9.1,0.1637058820833079,2024,7,27,5,1,1,0,0,0,0,0,1,0,0,0,0,1,0,0,0,1
58,10878.08,3450.34,12,12,1,8.76,0.3171828116726481,2023,4,21,4,0,0,0,1,0,1,0,0,0,0,1,0,0,0,0,0,0
58,63572.97,5000.0,3,2,0,1.28,0.0786497783570596,2024,12,2,0,0,0,1,0,0,1,0,0,0,0,0,0,1,0,0,0,0
54,51642.92,5000.0,6,14,1,3.89,0.0968186926688111,2023,3,11,5,1,1,0,0,0,0,0,1,0,0,0,0,0,1,0,0,0
26,19646.1,4364.48,12,14,2,1.06,0.2221550333145,2024,11,24,6,1,0,0,1,0,0,1,0,0,0,0,1,0,0,0,0,0
31,12768.62,4012.49,6,19,1,8.69,0.3142461753893529,2023,3,12,6,1,0,0,0,1,0,1,0,0,0,0,0,1,0,0,0,1
49,88998.49,5000.0,3,11,1,9.1,0.0561807284595502,2023,2,3,4,0,0,1,0,0,0,0,0,0,1,0,0,1,0,0,0,0
57,15945.43,3369.04,3,0,0,9.26,0.2112856160040839,2024,11,1,4,0,0,0,1,0,0,1,0,0,0,0,0,1,0,0,0,1
28,9170.0,2472.49,12,16,1,4.54,0.269628135223555,2023,6,17,5,1,0,0,0,1,0,0,0,0,1,0,0,0,0,1,0,1
39,25273.41,5000.0,3,2,0,9.98,0.1978363821898192,2024,10,30,2,0,0,0,1,0,0,0,1,0,0,0,0,1,0,0,0,1
24,36080.72,100.0,12,2,0,2.56,0.0027715633169182,2024,11,3,6,1,0,1,0,0,0,0,1,0,0,0,0,0,0,0,1,0
25,13196.67,2210.19,12,0,0,2.68,0.1674808872238223,2024,12,28,5,1,1,0,0,0,1,0,0,0,0,0,0,0,0,0,1,0
47,12778.68,5000.0,3,2,0,8.81,0.3912767202872284,2023,1,18,2,0,0,0,0,1,0,1,0,0,0,0,0,0,1,0,0,0
22,28428.87,5000.0,12,18,1,8.3,0.175877549828748,2023,2,14,1,0,1,0,0,0,0,1,0,0,0,0,0,0,0,0,1,1
52,103692.21,5000.0,3,21,5,9.05,0.0482196299992063,2023,3,2,3,0,0,1,0,0,1,0,0,0,0,0,0,0,1,0,0,0
25,53513.38,5000.0,9,1,0,8.21,0.093434576548893,2024,12,19,3,0,1,0,0,0,1,0,0,0,0,0,0,0,0,1,0,0
42,36912.07,3975.78,3,1,1,5.57,0.1077094836458643,2024,9,9,0,0,1,0,0,0,0,0,0,0,1,0,0,0,0,1,0,0
50,10568.26,2435.01,3,25,3,6.11,0.2304078438645529,2023,1,20,4,0,0,0,1,0,0,0,1,0,0,0,0,1,0,0,0,0
25,82571.88,5000.0,3,8,1,3.6,0.0605533021653376,2024,11,15,4,0,0,1,0,0,0,0,0,0,1,1,0,0,0,0,0,0
18,53944.21,5000.0,6,17,2,7.34,0.0926883533932557,2023,2,25,5,1,0,1,0,0,0,1,0,0,0,0,0,0,0,1,0,1
23,48047.88,5000.0,6,8,2,8.81,0.1040628639598667,2024,7,4,3,0,1,0,0,0,0,1,0,0,0,0,0,1,0,0,0,0
59,67497.8,5000.0,3,7,1,4.2,0.0740764884188818,2024,11,10,6,1,1,0,0,0,1,0,0,0,0,0,0,0,0,1,0,0
23,13371.87,5000.0,12,2,0,1.24,0.3739192798015535,2024,12,30,0,0,0,0,1,0,0,0,0,1,0,0,0,1,0,0,0,0
46,74719.94,5000.0,6,2,0,4.85,0.0669165419565379,2023,1,7,5,1,1,0,0,0,0,1,0,0,0,1,0,0,0,0,0,0
53,18935.74,2797.38,9,15,1,9.98,0.1477301652853281,2023,4,14,4,0,0,0,1,0,0,1,0,0,0,0,0,0,0,1,0,0
46,19246.15,5000.0,9,1,0,8.65,0.2597922181838965,2023,3,21,1,0,0,0,1,0,1,0,0,0,0,0,0,0,0,0,1,1
53,10956.11,3543.33,12,0,0,6.86,0.3234113202587414,2024,8,15,3,0,0,0,0,1,0,0,0,1,0,0,0,0,1,0,0,1
50,48426.4,5000.0,6,0,0,8.16,0.103249467232749,2024,9,19,3,0,1,0,0,0,0,0,1,0,0,0,1,0,0,0,0,0
27,5000.0,2968.54,9,9,1,4.76,0.593708,2024,8,7,2,0,0,0,1,0,0,1,0,0,0,0,0,0,1,0,0,0
55,17160.09,5000.0,9,2,0,8.19,0.2913737631912187,2024,9,8,6,1,0,0,1,0,0,1,0,0,0,0,0,0,1,0,0,0
44,82621.5,5000.0,3,3,0,6.93,0.0605169356644456,2023,4,19,2,0,0,1,0,0,1,0,0,0,0,0,0,0,0,0,1,0
53,15757.82,2245.64,9,20,1,6.88,0.142509560332584,2023,4,25,1,0,0,0,1,0,1,0,0,0,0,0,0,0,0,1,0,0
39,65739.72,5000.0,3,7,1,9.19,0.0760575189550548,2023,6,18,6,1,1,0,0,0,0,1,0,0,0,0,0,0,1,0,0,0
24,51678.5,5000.0,3,14,1,1.02,0.0967520342115193,2024,10,11,4,0,0,1,0,0,0,0,1,0,0,0,0,0,0,1,0,0
50,69771.01,5000.0,12,2,0,2.73,0.0716630015818891,2024,9,11,2,0,0,1,0,0,0,1,0,0,0,0,0,0,0,0,1,0
41,15970.43,5000.0,9,5,1,4.01,0.3130786084031551,2023,3,20,0,0,0,0,1,0,0,0,1,0,0,0,0,0,0,1,0,0
57,66611.11,5000.0,12,2,0,1.11,0.0750625533788582,2023,4,16,6,1,0,1,0,0,0,0,0,0,1,0,0,0,1,0,0,0
59,92682.19,5000.0,12,2,0,2.26,0.0539477973060412,2024,12,25,2,0,1,0,0,0,0,1,0,0,0,0,1,0,0,0,0,0
20,28101.29,5000.0,12,3,0,4.99,0.1779277748459234,2023,3,31,4,0,0,1,0,0,0,0,1,0,0,0,0,0,0,1,0,1
25,46030.92,5000.0,6,13,2,4.37,0.1086226388696988,2023,6,25,6,1,1,0,0,0,0,0,1,0,0,0,1,0,0,0,0,1
36,9987.22,4490.99,3,2,0,3.01,0.4496736829668316,2024,12,1,6,1,0,0,1,0,0,1,0,0,0,1,0,0,0,0,0,1
29,73584.15,5000.0,9,16,2,6.95,0.0679494157369487,2023,6,4,6,1,0,1,0,0,1,0,0,0,0,0,0,1,0,0,0,1
42,20421.66,5000.0,12,12,2,4.0,0.2448380787849763,2023,6,19,0,0,0,0,1,0,0,1,0,0,0,0,0,1,0,0,0,1
21,29737.05,5000.0,6,1,0,5.4,0.1681404174254003,2023,4,30,6,1,1,0,0,0,0,0,0,0,1,0,0,0,1,0,0,0
35,37073.39,5000.0,9,7,1,6.49,0.1348676233816222,2023,2,4,5,1,1,0,0,0,0,1,0,0,0,0,0,0,0,1,0,1
19,43908.22,5000.0,6,2,0,1.06,0.1138738942275501,2023,6,23,4,0,1,0,0,0,0,0,1,0,0,1,0,0,0,0,0,0
21,51728.39,2294.81,6,3,0,2.81,0.0443626797586393,2024,12,15,6,1,1,0,0,0,0,0,0,0,1,0,0,0,0,1,0,0
50,72194.58,5000.0,9,15,2,7.63,0.0692572766542862,2024,9,12,3,0,0,1,0,0,0,0,0,1,0,0,0,1,0,0,0,0
26,11712.36,2327.21,3,5,0,2.12,0.1986969321298184,2023,3,16,3,0,0,0,0,1,0,0,0,0,1,0,0,1,0,0,0,0
35,36162.99,5000.0,6,0,0,1.09,0.1382629035928721,2023,4,11,1,0,1,0,0,0,0,1,0,0,0,0,1,0,0,0,0,0
46,14412.58,5000.0,9,11,2,8.81,0.3469191497983012,2024,10,6,6,1,0,0,1,0,0,0,0,0,1,1,0,0,0,0,0,1
38,11815.8,673.98,6,15,1,8.35,0.0570405727923627,2024,8,21,2,0,0,0,1,0,0,0,1,0,0,0,0,0,1,0,0,0
41,28014.41,5000.0,9,8,1,1.04,0.1784795753328376,2023,1,13,4,0,0,0,1,0,0,0,0,0,1,0,0,0,0,1,0,0
48,18037.37,5000.0,3,10,1,7.79,0.2772022750545118,2023,1,4,2,0,0,0,1,0,0,1,0,0,0,0,0,0,0,0,1,0
29,14745.57,100.0,3,0,0,6.12,0.0067816978251773,2024,9,11,2,0,0,0,0,1,1,0,0,0,0,0,1,0,0,0,0,0
26,76595.51,5000.0,9,22,2,1.93,0.0652779777822486,2024,12,5,3,0,0,1,0,0,1,0,0,0,0,0,0,1,0,0,0,0
32,46747.88,5000.0,6,4,0,1.54,0.1069567218877091,2023,1,24,1,0,0,1,0,0,1,0,0,0,0,0,1,0,0,0,0,0
54,73420.5,5000.0,9,12,2,4.95,0.0681008710101402,2024,8,28,2,0,1,0,0,0,0,0,0,0,1,0,1,0,0,0,0,0
32,10512.87,5000.0,3,16,1,4.29,0.4756075172621748,2024,7,13,5,1,0,0,0,1,0,0,0,0,1,0,0,0,0,1,0,1
23,46263.95,5000.0,3,13,2,2.3,0.1080755101974647,2024,7,14,6,1,1,0,0,0,0,0,1,0,0,1,0,0,0,0,0,0
58,59878.78,5000.0,9,18,2,2.88,0.0835020352786078,2024,11,1,4,0,0,1,0,0,0,1,0,0,0,1,0,0,0,0,0,1
31,49489.17,1446.15,3,17,1,4.49,0.0292215448349608,2023,2,4,5,1,0,1,0,0,0,0,0,0,1,0,1,0,0,0,0,0
29,15345.65,3108.64,3,11,2,5.21,0.2025746709979701,2024,12,20,4,0,0,0,1,0,1,0,0,0,0,0,0,1,0,0,0,0
21,14078.32,5000.0,9,3,0,3.51,0.3551560129333613,2023,3,25,5,1,0,0,1,0,0,0,0,0,1,1,0,0,0,0,0,0
19,7117.19,1696.46,12,10,1,7.22,0.2383609261520347,2024,12,24,1,0,0,0,1,0,0,0,0,0,1,0,0,1,0,0,0,0
49,26273.47,3224.17,6,12,1,6.96,0.1227158041933555,2023,4,4,1,0,0,0,1,0,0,1,0,0,0,1,0,0,0,0,0,0
46,111014.0,5000.0,9,0,0,9.44,0.0450393644044895,2023,6,15,3,0,0,1,0,0,0,0,0,0,1,0,0,0,0,0,1,0
50,9013.92,1291.27,3,14,1,5.34,0.1432528799900598,2024,12,6,4,0,0,0,1,0,0,0,1,0,0,0,1,0,0,0,0,1
28,44638.49,2822.94,3,10,1,2.33,0.0632400423939071,2024,8,12,0,0,1,0,0,0,0,0,0,0,1,0,0,0,0,0,1,0
22,10072.22,4487.91,6,0,0,6.71,0.4455730712792214,2023,3,20,0,0,0,0,0,1,1,0,0,0,0,0,0,0,0,0,1,1
34,28041.97,5000.0,3,13,1,6.84,0.1783041633665537,2023,2,9,3,0,0,0,1,0,0,0,0,1,0,1,0,0,0,0,0,0
37,70596.08,5000.0,12,10,1,4.68,0.0708254622636271,2024,11,14,3,0,0,1,0,0,0,0,1,0,0,0,0,0,0,1,0,0
51,19212.93,4029.96,6,11,2,3.46,0.2097524948042802,2023,3,7,1,0,0,0,1,0,0,0,1,0,0,0,1,0,0,0,0,0
34,7573.83,1583.13,3,17,2,4.21,0.2090263446631361,2024,9,5,3,0,0,0,1,0,0,0,0,0,1,0,1,0,0,0,0,1
43,16070.55,5000.0,12,18,1,6.14,0.3111281194483076,2024,12,27,4,0,0,0,0,1,1,0,0,0,0,0,1,0,0,0,0,1
56,73761.01,5000.0,12,2,0,8.61,0.0677864904507137,2024,11,8,4,0,1,0,0,0,0,0,1,0,0,0,0,0,1,0,0,0
52,10368.29,5000.0,12,6,2,2.85,0.4822395978507545,2024,9,26,3,0,0,0,0,1,1,0,0,0,0,0,0,0,0,0,1,1
34,9584.07,4630.52,6,16,1,7.36,0.4831475563095846,2023,2,27,0,0,0,0,1,0,0,0,0,1,0,1,0,0,0,0,0,1
21,8026.35,3552.31,3,2,0,8.98,0.4425809988350869,2023,1,28,5,1,0,0,1,0,0,1,0,0,0,0,0,0,1,0,0,1
40,10476.54,4801.94,3,14,1,1.05,0.4583517077202969,2023,3,7,1,0,0,0,0,1,1,0,0,0,0,0,0,0,0,0,1,0
24,34988.66,5000.0,6,18,1,8.44,0.1429034435728604,2024,9,23,0,0,1,0,0,0,0,0,1,0,0,1,0,0,0,0,0,1
54,88071.27,5000.0,3,23,2,5.95,0.0567722027853123,2023,5,28,6,1,1,0,0,0,0,0,0,0,1,0,0,1,0,0,0,0
20,60149.41,5000.0,3,15,1,7.77,0.0831263349050306,2023,6,29,3,0,0,1,0,0,1,0,0,0,0,0,0,0,0,1,0,0
38,13099.64,2941.57,3,5,0,4.49,0.2245534991801301,2024,7,17,2,0,0,0,0,1,0,1,0,0,0,0,0,0,1,0,0,0
26,9073.14,874.15,12,5,0,6.32,0.0963448155765258,2023,1,10,1,0,0,0,0,1,1,0,0,0,0,0,0,0,1,0,0,0
23,5461.62,2519.62,6,14,1,3.1,0.4613319857478184,2023,5,16,1,0,0,0,0,1,0,0,0,0,1,0,1,0,0,0,0,0
31,12472.57,1759.6,3,5,1,6.07,0.1410775806429629,2024,9,7,5,1,0,0,1,0,0,0,0,0,1,0,0,0,0,1,0,0
23,6936.12,2942.03,9,2,0,5.38,0.4241607699982123,2024,7,21,6,1,0,0,0,1,0,1,0,0,0,0,1,0,0,0,0,1
40,6869.48,100.0,9,1,0,4.03,0.0145571426075918,2023,2,21,1,0,0,0,0,1,0,0,0,1,0,0,0,1,0,0,0,1
38,54413.18,5000.0,3,16,1,8.01,0.0918895017714458,2023,3,20,0,0,0,1,0,0,1,0,0,0,0,1,0,0,0,0,0,0
43,72371.39,5000.0,12,2,0,7.25,0.0690880747212399,2023,2,6,0,0,0,1,0,0,0,0,0,0,1,1,0,0,0,0,0,0
54,57387.25,5000.0,3,0,0,8.93,0.087127367141656,2024,7,4,3,0,1,0,0,0,1,0,0,0,0,0,0,0,0,0,1,0
48,63092.76,5000.0,12,9,1,2.93,0.0792483955369839,2023,5,14,6,1,1,0,0,0,0,0,0,1,0,0,1,0,0,0,0,0
40,56229.32,5000.0,3,14,3,6.02,0.0889215804139192,2024,10,14,0,0,1,0,0,0,0,0,0,1,0,0,0,0,1,0,0,1
25,10984.54,5000.0,12,15,2,3.49,0.4551851966491086,2024,7,5,4,0,0,0,0,1,0,0,1,0,0,0,0,0,1,0,0,1
20,62786.34,5000.0,12,2,0,1.99,0.0796351563094775,2024,7,25,3,0,0,1,0,0,0,1,0,0,0,0,0,0,0,0,1,0
47,58374.85,100.0,3,10,2,6.59,0.001713066500385,2023,1,9,0,0,0,1,0,0,0,0,0,1,0,0,0,0,1,0,0,1
48,64553.24,5000.0,6,10,1,2.28,0.0774554460783068,2024,7,30,1,0,1,0,0,0,0,0,0,1,0,0,0,1,0,0,0,0
50,15138.26,5000.0,6,21,2,5.2,0.3302889499850048,2024,12,29,6,1,0,0,0,1,0,0,0,0,1,0,0,1,0,0,0,1
24,49187.67,5000.0,9,26,2,4.38,0.101651491115558,2023,3,3,4,0,0,1,0,0,0,0,1,0,0,0,0,1,0,0,0,1
18,5000.0,1407.04,12,10,2,7.61,0.281408,2024,7,13,5,1,0,0,1,0,1,0,0,0,0,0,0,0,1,0,0,0
40,65735.57,5000.0,3,0,0,8.34,0.076062320597509,2023,1,15,6,1,0,1,0,0,0,1,0,0,0,0,0,0,1,0,0,0
19,8585.66,2738.5,6,6,1,4.6,0.3189620832877146,2024,12,6,4,0,0,0,0,1,0,1,0,0,0,1,0,0,0,0,0,0
26,82558.74,5000.0,6,20,2,8.67,0.060562939792928,2024,10,5,5,1,0,1,0,0,0,1,0,0,0,0,0,0,1,0,0,0
55,103047.9,3056.96,3,0,0,5.0,0.0296654274371433,2024,11,4,0,0,0,1,0,0,0,0,0,0,1,0,0,0,0,1,0,0
45,13671.75,5000.0,6,19,2,9.22,0.3657176294183261,2023,2,8,2,0,0,0,0,1,0,0,1,0,0,0,1,0,0,0,0,1
22,52425.87,5000.0,6,20,3,5.34,0.0953727615774425,2024,8,23,4,0,1,0,0,0,0,1,0,0,0,0,0,0,0,0,1,1
34,9782.64,2858.41,9,9,1,4.07,0.2921920872075431,2024,10,10,3,0,0,0,1,0,0,0,0,0,1,0,0,0,0,0,1,0
36,9112.43,3246.7,3,1,0,2.73,0.3562935462878727,2023,4,1,5,1,0,0,0,1,0,0,0,1,0,0,0,1,0,0,0,1
36,65179.9,5000.0,3,3,0,4.0,0.0767107651285135,2024,12,26,3,0,0,1,0,0,0,0,0,1,0,0,1,0,0,0,0,0
24,8435.15,2880.05,9,4,0,4.03,0.3414343550499991,2024,7,7,6,1,0,0,1,0,1,0,0,0,0,0,0,1,0,0,0,0
48,23118.99,5000.0,3,2,0,1.26,0.2162724236655666,2023,6,29,3,0,0,0,1,0,0,1,0,0,0,0,0,1,0,0,0,0
45,26653.93,4469.09,6,11,1,6.95,0.1676709588417168,2024,11,5,1,0,1,0,0,0,0,0,0,1,0,1,0,0,0,0,0,0
33,50114.94,5000.0,6,4,0,4.11,0.0997706472361335,2023,2,3,4,0,0,1,0,0,0,0,1,0,0,0,0,0,0,0,1,0
23,40594.22,5000.0,12,9,1,5.12,0.1231702444338134,2023,1,15,6,1,1,0,0,0,0,0,1,0,0,0,0,1,0,0,0,0
46,6520.08,3216.45,12,2,0,8.85,0.4933144992085986,2024,7,1,0,0,0,0,0,1,1,0,0,0,0,0,1,0,0,0,0,0
26,22070.46,4321.81,3,4,1,3.25,0.1958187550236832,2024,8,31,5,1,0,0,1,0,0,0,0,0,1,0,0,0,0,0,1,1
53,18419.65,3922.98,12,9,1,6.6,0.2129779881811,2024,8,24,5,1,0,0,0,1,0,0,1,0,0,1,0,0,0,0,0,1
25,62980.56,5000.0,12,5,0,5.93,0.0793895767201816,2024,12,9,0,0,0,1,0,0,0,0,0,1,0,0,0,0,1,0,0,0
19,7415.4,3122.29,9,15,1,9.49,0.4210548318364485,2023,1,14,5,1,0,0,1,0,0,0,0,0,1,0,1,0,0,0,0,1
26,53588.42,5000.0,3,13,1,1.76,0.0933037398751446,2023,5,21,6,1,1,0,0,0,0,0,0,1,0,0,0,1,0,0,0,0
29,10814.83,3049.94,12,3,1,2.29,0.2820146040205902,2024,10,9,2,0,0,0,1,0,0,0,1,0,0,0,1,0,0,0,0,0
51,30816.95,5000.0,12,5,0,4.95,0.1622483730544392,2023,5,26,4,0,1,0,0,0,0,0,1,0,0,0,0,0,0,1,0,0
55,11522.21,3965.36,6,3,1,4.75,0.3441492560888927,2024,7,11,3,0,0,0,0,1,0,1,0,0,0,0,0,0,1,0,0,0
35,43313.13,5000.0,12,2,0,2.95,0.1154384363355869,2024,10,9,2,0,1,0,0,0,0,0,1,0,0,0,0,0,0,1,0,0
55,23405.73,3743.23,9,12,1,6.94,0.1599279321772916,2024,12,17,1,0,0,0,1,0,0,0,0,0,1,0,0,1,0,0,0,0
30,10739.72,5000.0,9,15,1,7.09,0.4655614857743033,2024,9,18,2,0,0,0,1,0,0,0,0,1,0,0,0,0,0,0,1,0
42,11747.18,3094.31,3,0,0,7.59,0.2634087500148971,2023,1,15,6,1,0,0,0,1,0,0,0,0,1,0,0,0,1,0,0,0
45,25383.58,3986.15,6,10,1,5.29,0.1570365567031915,2023,5,11,3,0,1,0,0,0,0,1,0,0,0,0,0,0,1,0,0,0
51,18169.0,100.0,9,15,2,8.75,0.005503880235566,2024,9,3,1,0,0,0,1,0,0,0,0,1,0,0,0,1,0,0,0,1
26,66405.44,5000.0,6,14,1,1.02,0.075295036069334,2024,9,27,4,0,1,0,0,0,0,0,0,0,1,0,1,0,0,0,0,0
22,41893.26,5000.0,12,17,4,3.57,0.1193509409389481,2024,9,12,3,0,1,0,0,0,0,1,0,0,0,0,0,1,0,0,0,1
30,10061.71,1049.94,12,0,0,7.46,0.1043500558056235,2024,11,22,4,0,0,0,1,0,0,1,0,0,0,0,1,0,0,0,0,0
59,25416.01,5000.0,12,17,2,3.64,0.1967263941114282,2023,6,6,1,0,0,0,1,0,1,0,0,0,0,1,0,0,0,0,0,1
32,42031.73,100.0,6,5,2,3.87,0.0023791549860069,2023,4,8,5,1,0,1,0,0,0,1,0,0,0,0,0,0,0,0,1,1
39,68266.63,5000.0,12,3,0,7.71,0.0732422268390866,2023,3,19,6,1,0,1,0,0,0,0,0,1,0,0,0,0,1,0,0,0
43,22775.16,5000.0,6,17,1,6.39,0.2195374258622112,2024,8,20,1,0,0,0,1,0,0,1,0,0,0,0,0,0,0,1,0,1
48,56054.81,5000.0,6,16,1,8.24,0.0891984113406146,2024,8,8,3,0,1,0,0,0,0,0,0,0,1,1,0,0,0,0,0,1
29,21796.56,5000.0,12,22,2,7.59,0.2293939961168184,2023,3,24,4,0,0,0,1,0,0,0,0,0,1,0,0,0,1,0,0,1
57,16458.86,5000.0,9,10,2,3.05,0.3037877471465217,2024,11,4,0,0,0,0,1,0,0,0,1,0,0,0,1,0,0,0,0,1
56,6329.77,1846.92,3,10,2,5.25,0.2917831137624274,2023,5,2,1,0,0,0,1,0,1,0,0,0,0,1,0,0,0,0,0,0
47,5189.26,1633.83,12,16,2,8.22,0.3148483598817557,2024,11,18,0,0,0,0,1,0,0,1,0,0,0,0,1,0,0,0,0,1
49,13705.77,5000.0,3,12,3,9.48,0.3648098574541963,2024,9,29,6,1,0,0,0,1,0,0,1,0,0,0,0,1,0,0,0,1
28,65132.83,5000.0,6,1,0,8.95,0.0767662022362608,2024,12,14,5,1,0,1,0,0,0,0,0,0,1,0,0,0,1,0,0,0
43,5354.71,1906.37,9,17,2,9.8,0.3560174127076909,2024,11,29,4,0,0,0,0,1,0,0,1,0,0,1,0,0,0,0,0,1
22,8625.09,3264.4,12,10,1,8.09,0.3784772100928802,2024,8,30,4,0,0,0,1,0,1,0,0,0,0,1,0,0,0,0,0,0
55,11722.76,5000.0,6,5,0,8.56,0.4265207169642643,2023,1,14,5,1,0,0,1,0,0,0,1,0,0,0,1,0,0,0,0,1
44,53667.76,5000.0,12,7,2,8.01,0.0931658038271021,2024,9,22,6,1,1,0,0,0,0,0,0,0,1,0,0,0,0,0,1,0
26,53546.54,5000.0,9,18,1,3.71,0.0933767149100576,2023,3,8,2,0,0,1,0,0,0,1,0,0,0,0,0,0,0,1,0,0
31,17014.11,1134.25,6,2,0,7.19,0.0666652560727537,2023,6,28,2,0,0,0,0,1,0,0,1,0,0,0,1,0,0,0,0,0
35,20862.14,3697.6,12,2,0,1.45,0.1772397270845656,2023,3,8,2,0,0,0,1,0,0,1,0,0,0,0,1,0,0,0,0,1
22,5000.0,1872.6,12,14,1,4.1,0.3745199999999999,2024,7,24,2,0,0,0,0,1,0,0,0,0,1,0,1,0,0,0,0,0
34,8704.75,5000.0,12,25,1,5.76,0.5743990350096212,2023,1,29,6,1,0,0,0,1,0,0,1,0,0,0,0,0,0,0,1,0
56,44971.41,5000.0,12,6,1,1.27,0.1111817485820435,2023,3,30,3,0,0,1,0,0,0,1,0,0,0,0,0,1,0,0,0,0
36,14181.31,5000.0,12,12,1,2.75,0.3525767365638294,2024,7,8,0,0,0,0,1,0,0,0,0,0,1,1,0,0,0,0,0,0
56,10088.97,3043.94,6,15,2,4.1,0.3017096888978756,2024,7,21,6,1,0,0,0,1,1,0,0,0,0,0,0,0,0,1,0,0
41,18770.6,5000.0,3,14,5,4.65,0.2663740104205513,2024,7,23,1,0,0,0,1,0,1,0,0,0,0,0,0,0,0,0,1,1
26,7778.49,1709.49,3,1,0,6.43,0.2197714466432431,2023,4,26,2,0,0,0,0,1,0,0,0,0,1,0,0,0,0,1,0,0
47,6717.84,1738.37,6,13,3,4.64,0.2587691877150989,2023,5,10,2,0,0,0,0,1,0,0,1,0,0,0,0,0,1,0,0,1
46,10638.31,1152.21,6,0,0,5.62,0.1083076165293171,2024,7,5,4,0,0,0,0,1,0,0,0,0,1,0,1,0,0,0,0,1
38,68314.89,5000.0,3,4,0,6.7,0.0731904859980013,2023,3,26,6,1,1,0,0,0,0,0,0,0,1,0,0,0,0,0,1,0
47,63540.71,5000.0,9,8,2,6.29,0.0786897093217875,2024,10,6,6,1,1,0,0,0,0,0,1,0,0,1,0,0,0,0,0,0
43,74959.84,5000.0,6,0,0,6.49,0.0667023835696554,2023,1,28,5,1,1,0,0,0,0,0,0,0,1,0,1,0,0,0,0,0
39,84166.54,5000.0,6,0,0,2.0,0.0594060299971936,2023,3,3,4,0,0,1,0,0,0,0,1,0,0,0,0,0,0,1,0,0
50,16455.98,5000.0,9,5,3,3.91,0.3038409137590104,2023,2,20,0,0,0,0,0,1,0,1,0,0,0,1,0,0,0,0,0,1
31,46276.72,5000.0,12,14,1,2.24,0.1080456869026154,2023,3,31,4,0,0,1,0,0,1,0,0,0,0,0,0,1,0,0,0,1
19,31089.94,5000.0,3,3,2,3.22,0.1608237262600056,2023,1,9,0,0,0,1,0,0,0,0,1,0,0,0,0,0,0,0,1,1
46,5000.0,1130.84,9,2,0,3.89,0.2261679999999999,2023,5,18,3,0,0,0,0,1,1,0,0,0,0,0,0,0,0,0,1,0
23,60597.8,5000.0,9,23,2,9.14,0.0825112462828683,2024,10,5,5,1,1,0,0,0,0,0,0,1,0,1,0,0,0,0,0,1
42,16126.42,5000.0,6,1,0,3.37,0.3100502157329401,2023,2,17,4,0,0,0,0,1,1,0,0,0,0,0,0,0,1,0,0,0
51,7548.96,1841.07,3,2,0,6.56,0.2438839257328161,2023,6,16,4,0,0,0,0,1,0,1,0,0,0,0,0,0,1,0,0,0
27,69156.39,5000.0,3,15,4,4.73,0.0722998988235215,2024,8,28,2,0,0,1,0,0,0,0,0,0,1,0,1,0,0,0,0,0
55,12051.37,4674.11,9,14,1,8.4,0.3878488503796663,2023,1,26,3,0,0,0,0,1,0,0,1,0,0,0,0,0,0,0,1,1
33,19289.82,3376.32,3,2,0,2.65,0.1750311822505342,2024,8,5,0,0,0,0,1,0,0,0,1,0,0,0,0,0,0,1,0,1
59,16957.94,1133.97,12,12,1,8.22,0.0668695608075037,2023,4,12,2,0,0,0,1,0,1,0,0,0,0,0,0,0,0,1,0,0
48,14077.68,5000.0,9,19,3,1.47,0.3551721590489342,2024,10,27,6,1,0,0,1,0,1,0,0,0,0,0,0,0,0,0,1,1
24,40861.44,4109.84,12,0,0,6.66,0.1005799110359302,2023,5,23,1,0,1,0,0,0,1,0,0,0,0,0,0,1,0,0,0,0
53,16746.77,5000.0,9,9,2,5.71,0.2985650367205139,2023,1,23,0,0,0,0,1,0,0,0,0,0,1,0,0,0,0,0,1,1
34,53398.49,5000.0,6,10,1,3.9,0.093635606549923,2023,2,24,4,0,0,1,0,0,0,0,0,1,0,0,0,0,1,0,0,0
34,57858.07,5000.0,6,13,2,4.74,0.0864183682587407,2024,9,4,2,0,1,0,0,0,0,1,0,0,0,0,0,0,0,1,0,0
50,37741.76,5000.0,6,14,2,5.16,0.1324792484505227,2023,4,1,5,1,1,0,0,0,0,0,0,1,0,0,0,0,0,1,0,0
28,15136.65,5000.0,3,15,2,6.86,0.3303240809558257,2023,5,18,3,0,0,0,1,0,1,0,0,0,0,0,1,0,0,0,0,1
30,14604.91,2522.64,3,6,1,2.76,0.1727254738303762,2024,10,10,3,0,0,0,0,1,0,0,0,1,0,1,0,0,0,0,0,0
20,5870.14,1414.96,9,0,0,2.76,0.2410436548361708,2024,8,27,1,0,0,0,0,1,0,1,0,0,0,0,0,0,1,0,0,0
37,37215.83,5000.0,6,8,2,4.22,0.1343514305605974,2023,2,13,0,0,1,0,0,0,0,1,0,0,0,0,0,1,0,0,0,1
37,62420.36,5000.0,12,8,1,6.68,0.0801020692607347,2024,7,20,5,1,0,1,0,0,0,0,0,0,1,0,0,0,0,1,0,0
44,47424.69,5000.0,9,15,1,6.42,0.1054303148845042,2023,3,20,0,0,1,0,0,0,0,0,0,1,0,0,0,0,0,0,1,1
18,29332.03,5000.0,3,2,0,6.62,0.1704621193964413,2024,10,7,0,0,1,0,0,0,0,0,0,0,1,0,1,0,0,0,0,0
42,48136.31,5000.0,6,13,2,6.16,0.1038716926993365,2024,12,28,5,1,1,0,0,0,0,0,1,0,0,0,0,0,1,0,0,0
55,69928.17,5000.0,9,14,2,4.22,0.0715019426362794,2023,4,14,4,0,1,0,0,0,1,0,0,0,0,0,0,0,1,0,0,0
56,111145.84,100.0,6,6,2,4.49,0.0008997187838969,2024,12,13,4,0,0,1,0,0,0,0,0,0,1,0,0,0,1,0,0,0
29,17049.31,4138.67,3,23,2,9.88,0.242747067183364,2024,9,28,5,1,0,0,0,1,0,0,0,0,1,0,0,0,0,1,0,1
51,68607.14,5000.0,6,2,0,1.57,0.0728787120407584,2023,2,8,2,0,0,1,0,0,0,1,0,0,0,0,0,0,0,1,0,0
21,9420.9,1279.15,3,8,1,3.98,0.1357778980776783,2023,3,4,5,1,0,0,1,0,0,0,0,1,0,1,0,0,0,0,0,0
50,82105.4,5000.0,12,11,1,6.27,0.0608973344018785,2023,4,8,5,1,1,0,0,0,1,0,0,0,0,0,1,0,0,0,0,0
35,11859.12,4916.23,3,2,0,2.04,0.4145526818178751,2023,1,25,2,0,0,0,0,1,1,0,0,0,0,0,0,0,1,0,0,0
18,8490.41,1715.68,6,0,0,8.4,0.2020726914247957,2023,3,3,4,0,0,0,0,1,0,1,0,0,0,0,0,0,0,1,0,1
55,14819.46,5000.0,6,1,0,9.04,0.3373942100454403,2024,10,25,4,0,0,0,0,1,0,1,0,0,0,0,0,0,0,1,0,0
24,26171.47,2258.29,3,14,1,3.97,0.0862882367708042,2023,5,14,6,1,1,0,0,0,0,0,1,0,0,0,0,0,0,0,1,0
25,10966.96,3559.9,9,13,1,1.65,0.3246022598787632,2024,9,15,6,1,0,0,0,1,0,0,1,0,0,0,1,0,0,0,0,1
40,14840.91,2261.37,9,11,1,1.33,0.1523740794870395,2024,10,4,4,0,0,0,0,1,1,0,0,0,0,1,0,0,0,0,0,1
48,28089.58,5000.0,9,17,2,9.47,0.1780019494773506,2023,3,18,5,1,0,1,0,0,0,0,1,0,0,1,0,0,0,0,0,1
39,50435.48,2653.48,3,15,1,8.35,0.0526113759599393,2024,9,20,4,0,1,0,0,0,1,0,0,0,0,0,1,0,0,0,0,0
51,6088.34,2856.66,6,10,2,5.35,0.4692017857084196,2024,9,23,0,0,0,0,0,1,0,0,0,0,1,0,0,0,0,0,1,0
40,21666.01,5000.0,6,1,0,3.58,0.2307762250640519,2023,1,3,1,0,0,1,0,0,0,0,0,1,0,0,0,0,0,0,1,1
45,81821.79,5000.0,3,10,1,4.79,0.0611084162299553,2024,8,10,5,1,1,0,0,0,0,0,1,0,0,0,0,0,0,1,0,0
50,21479.23,5000.0,6,14,1,1.13,0.2327830187581212,2024,9,18,2,0,0,0,1,0,0,0,0,1,0,0,0,0,0,1,0,0
56,18781.58,3657.57,6,0,0,4.75,0.1947424018639539,2024,12,20,4,0,0,0,0,1,0,0,1,0,0,0,0,1,0,0,0,0
49,73606.11,5000.0,9,3,0,2.33,0.0679291433822545,2024,12,8,6,1,0,1,0,0,1,0,0,0,0,0,0,0,0,0,1,0
37,38044.0,1185.78,6,0,0,8.24,0.0311686468299863,2024,12,7,5,1,0,1,0,0,0,0,1,0,0,0,0,0,1,0,0,0
24,5207.35,2366.09,6,2,0,7.65,0.4543750660124631,2023,4,11,1,0,0,0,0,1,1,0,0,0,0,1,0,0,0,0,0,1
27,11987.31,5000.0,6,18,3,8.77,0.4171077581208795,2024,10,5,5,1,0,0,0,1,0,0,1,0,0,0,0,0,0,1,0,1
18,8113.32,2990.72,12,16,3,8.88,0.3686185186828573,2023,5,31,2,0,0,0,0,1,0,0,0,1,0,0,0,0,0,1,0,1
56,5966.15,1722.57,3,14,2,4.87,0.2887238839117353,2023,2,20,0,0,0,0,0,1,0,1,0,0,0,0,0,0,1,0,0,0
25,11651.59,4197.75,12,14,1,9.17,0.3602727181440472,2023,2,12,6,1,0,0,1,0,0,1,0,0,0,1,0,0,0,0,0,0
18,13177.63,3510.44,12,2,1,4.87,0.2663938811455474,2024,10,21,0,0,0,0,1,0,1,0,0,0,0,0,0,1,0,0,0,1
53,80340.16,5000.0,12,15,1,7.13,0.0622353751847145,2024,8,27,1,0,0,1,0,0,0,0,0,0,1,0,0,0,1,0,0,0
26,54614.22,5000.0,12,18,1,6.18,0.0915512480083026,2023,5,26,4,0,1,0,0,0,0,0,0,1,0,0,0,0,0,0,1,0
59,60170.76,5000.0,9,18,2,2.46,0.0830968397274689,2023,5,9,1,0,0,1,0,0,1,0,0,0,0,0,0,0,0,1,0,0
35,9811.4,1128.34,6,9,2,6.47,0.1150029557453574,2023,2,19,6,1,0,0,0,1,0,0,0,1,0,1,0,0,0,0,0,0
42,49951.47,5000.0,9,6,1,5.27,0.1000971542979616,2024,9,26,3,0,1,0,0,0,0,0,1,0,0,0,0,1,0,0,0,1
45,15085.59,5000.0,3,10,1,9.65,0.3314421245705338,2023,4,29,5,1,0,0,1,0,1,0,0,0,0,0,0,0,1,0,0,0
36,87132.74,5000.0,12,9,1,6.7,0.0573837113351422,2024,7,21,6,1,0,1,0,0,0,0,1,0,0,1,0,0,0,0,0,0
34,18174.52,5000.0,9,4,1,5.9,0.2751104293263315,2023,3,19,6,1,0,0,1,0,0,0,1,0,0,0,0,0,0,0,1,1
40,8526.56,756.48,9,17,2,7.58,0.0887204218348314,2023,1,24,1,0,0,0,0,1,0,0,1,0,0,0,0,0,1,0,0,0
29,21675.87,2902.06,6,14,1,8.71,0.1338843608122765,2023,6,2,4,0,0,0,1,0,0,0,1,0,0,0,0,0,0,0,1,1
27,11774.19,5000.0,12,17,1,5.19,0.4246576622255968,2023,6,29,3,0,0,0,0,1,1,0,0,0,0,0,1,0,0,0,0,1
41,72167.06,5000.0,12,15,1,8.7,0.0692836870450313,2023,6,25,6,1,1,0,0,0,0,0,0,0,1,0,0,0,1,0,0,0
19,27508.77,5000.0,9,8,1,1.58,0.1817602168326682,2024,12,18,2,0,1,0,0,0,1,0,0,0,0,0,1,0,0,0,0,0
59,16170.47,3894.32,3,17,3,1.56,0.2408291162841896,2023,6,15,3,0,0,0,1,0,1,0,0,0,0,0,0,0,1,0,0,1
56,94481.59,5000.0,12,13,4,4.55,0.052920362580689,2023,6,26,0,0,1,0,0,0,0,0,0,1,0,1,0,0,0,0,0,0
31,12203.94,5000.0,12,2,0,1.09,0.4097037514114294,2024,7,24,2,0,0,0,0,1,1,0,0,0,0,0,0,0,0,0,1,0
28,57274.65,5000.0,3,7,2,6.78,0.0872986565609741,2023,6,7,2,0,0,1,0,0,0,0,0,0,1,0,0,1,0,0,0,0
57,17410.2,531.45,9,7,2,7.14,0.0305252093600303,2024,11,29,4,0,0,0,0,1,0,0,1,0,0,0,0,0,0,1,0,0
45,10962.47,3123.0,6,13,1,3.89,0.2848810532662803,2023,1,23,0,0,0,0,1,0,0,0,0,0,1,1,0,0,0,0,0,1
46,19882.87,3890.15,3,0,0,1.64,0.1956533438080116,2023,4,19,2,0,0,0,1,0,0,0,0,1,0,0,0,0,1,0,0,1
41,16738.71,209.8,3,3,0,9.76,0.0125338213040311,2024,9,3,1,0,0,0,0,1,0,0,0,0,1,1,0,0,0,0,0,1
22,19325.98,5000.0,3,4,0,2.0,0.2587190921236594,2024,8,11,6,1,0,1,0,0,0,0,0,0,1,0,0,0,1,0,0,0
54,75203.31,5000.0,12,2,0,4.04,0.0664864352380234,2023,5,16,1,0,1,0,0,0,0,0,0,0,1,0,0,0,0,1,0,0
30,16577.12,5000.0,3,12,4,6.42,0.3016205468742459,2023,5,14,6,1,0,0,0,1,0,0,1,0,0,0,0,0,0,0,1,1
48,45617.14,5000.0,9,4,0,6.6,0.1096079236883329,2023,4,29,5,1,0,1,0,0,0,1,0,0,0,0,1,0,0,0,0,0
39,5000.0,525.88,6,3,1,1.41,0.105176,2024,8,15,3,0,0,0,0,1,0,0,0,0,1,0,0,1,0,0,0,0
57,22207.95,5000.0,12,0,0,7.52,0.225144599118784,2023,1,18,2,0,0,0,1,0,0,0,0,1,0,1,0,0,0,0,0,0
34,6515.1,3443.01,9,11,1,6.38,0.5284661785697841,2024,12,4,2,0,0,0,0,1,0,1,0,0,0,0,0,0,0,0,1,0
27,16016.51,5000.0,6,1,0,6.43,0.3121778714588883,2024,10,11,4,0,0,0,1,0,0,0,0,0,1,1,0,0,0,0,0,0
58,20319.4,4779.58,9,4,0,5.5,0.2352224967272655,2024,11,23,5,1,0,0,0,1,0,1,0,0,0,0,0,0,0,0,1,0
32,14188.47,5000.0,6,0,0,2.08,0.3523988139665517,2023,1,30,0,0,0,0,1,0,0,0,0,1,0,0,0,1,0,0,0,0
49,61995.56,100.0,3,4,0,3.99,0.0016130187387612,2024,9,4,2,0,1,0,0,0,0,0,0,1,0,0,0,0,0,0,1,0
23,8905.35,3207.8,6,22,3,8.29,0.3602104353001286,2024,10,24,3,0,0,0,1,0,0,0,0,0,1,0,0,1,0,0,0,1
50,53902.13,5000.0,6,3,0,3.75,0.0927607127955797,2023,3,26,6,1,1,0,0,0,0,0,0,1,0,0,1,0,0,0,0,0
25,66983.12,100.0,3,4,0,5.56,0.0014929134384901,2023,4,22,5,1,0,1,0,0,0,0,0,0,1,1,0,0,0,0,0,0
51,15594.89,5000.0,9,16,1,7.15,0.3206178434089628,2024,8,14,2,0,0,0,0,1,0,0,1,0,0,0,0,0,0,1,0,1
39,85757.13,5000.0,3,15,3,3.98,0.0583041899839698,2023,6,13,1,0,0,1,0,0,0,0,0,1,0,0,0,0,0,1,0,1
44,40863.41,5000.0,9,24,2,7.88,0.1223588535562744,2023,3,4,5,1,1,0,0,0,0,0,0,0,1,0,0,1,0,0,0,1
58,6682.38,1712.39,6,0,0,3.08,0.2562545081243509,2024,9,20,4,0,0,0,0,1,0,1,0,0,0,0,0,0,0,0,1,0
31,14661.11,2859.45,12,12,2,9.24,0.1950363921967708,2024,10,4,4,0,0,0,1,0,0,0,1,0,0,1,0,0,0,0,0,0
34,15604.64,4712.69,6,15,1,4.21,0.3020056854884188,2023,1,19,3,0,0,0,1,0,1,0,0,0,0,0,1,0,0,0,0,1
52,62551.7,5000.0,6,9,1,9.71,0.079933878695543,2023,3,7,1,0,0,1,0,0,0,0,0,0,1,0,1,0,0,0,0,0
26,16648.06,5000.0,3,0,0,9.22,0.3003352943225817,2024,11,18,0,0,0,0,1,0,1,0,0,0,0,0,0,1,0,0,0,0
41,10200.71,1945.23,9,16,1,7.81,0.1906955496235066,2024,11,10,6,1,0,0,0,1,0,0,0,0,1,0,1,0,0,0,0,1
36,43753.55,5000.0,3,0,0,7.67,0.1142764415687412,2024,7,29,0,0,0,1,0,0,0,0,0,0,1,0,0,1,0,0,0,0
57,16262.92,5000.0,3,2,0,5.08,0.3074478629913939,2023,4,14,4,0,0,0,1,0,0,0,1,0,0,0,0,0,0,1,0,1
24,20136.68,5000.0,12,2,2,4.31,0.2483030966375788,2023,2,21,1,0,1,0,0,0,0,1,0,0,0,0,0,0,0,0,1,0
24,50154.97,5000.0,3,1,0,3.42,0.099691017659865,2023,4,23,6,1,0,1,0,0,0,0,0,0,1,0,0,0,0,0,1,0
41,14096.44,3559.76,12,5,0,9.07,0.252529007323835,2023,6,5,0,0,0,0,1,0,0,0,0,0,1,0,0,0,0,0,1,0
54,78695.16,5000.0,12,3,0,5.11,0.0635363089674129,2024,12,12,3,0,0,1,0,0,0,0,1,0,0,0,0,0,1,0,0,0
23,5000.0,2669.37,12,2,0,6.93,0.533874,2023,6,27,1,0,0,0,0,1,0,1,0,0,0,1,0,0,0,0,0,1
55,24139.68,5000.0,6,0,0,1.87,0.2071278492506943,2024,11,26,1,0,0,0,0,1,0,0,0,0,1,0,0,0,0,0,1,1
57,46242.64,5000.0,6,3,0,8.79,0.1081253146446656,2024,11,29,4,0,1,0,0,0,0,1,0,0,0,1,0,0,0,0,0,0
23,7071.84,2369.02,6,12,2,3.1,0.3349934387655829,2024,8,14,2,0,0,0,0,1,0,0,0,1,0,0,1,0,0,0,0,0
37,47843.45,5000.0,12,8,1,7.61,0.1045075135676879,2024,12,5,3,0,0,1,0,0,1,0,0,0,0,1,0,0,0,0,0,0
44,16707.01,5000.0,6,4,1,1.45,0.2992755735466729,2024,11,15,4,0,0,0,1,0,0,0,0,0,1,0,0,0,0,1,0,0
23,5000.0,2121.92,9,0,0,5.66,0.424384,2024,7,3,2,0,0,0,0,1,0,0,0,1,0,0,0,0,1,0,0,0
54,75582.23,5000.0,12,17,1,3.54,0.0661531156199016,2024,12,16,0,0,1,0,0,0,0,0,0,1,0,0,0,0,1,0,0,0
31,53528.0,5000.0,12,19,2,4.57,0.0934090569421611,2023,6,1,3,0,1,0,0,0,0,0,0,0,1,0,0,1,0,0,0,1
48,68086.43,5000.0,3,14,3,1.79,0.0734360723568558,2024,11,29,4,0,1,0,0,0,0,0,0,0,1,0,0,0,0,1,0,0
42,7060.11,1043.57,3,14,2,3.47,0.1478121445699854,2023,5,24,2,0,0,0,1,0,0,0,0,1,0,1,0,0,0,0,0,1
21,7659.79,287.27,3,16,1,5.25,0.0375036391337099,2024,8,25,6,1,0,0,1,0,0,1,0,0,0,1,0,0,0,0,0,0
36,49371.58,4505.58,12,15,1,2.79,0.0912585742647895,2024,12,24,1,0,1,0,0,0,0,0,0,1,0,1,0,0,0,0,0,1
55,28331.99,5000.0,12,1,0,4.9,0.1764789554140037,2023,3,7,1,0,0,0,1,0,0,1,0,0,0,0,1,0,0,0,0,1
49,56845.2,5000.0,12,13,2,2.31,0.0879581741290381,2023,2,27,0,0,1,0,0,0,0,1,0,0,0,0,0,1,0,0,0,0
33,13389.69,1124.65,12,4,0,8.62,0.0839937295038197,2024,10,30,2,0,0,0,1,0,0,1,0,0,0,1,0,0,0,0,0,0
34,90325.77,5000.0,9,1,0,8.57,0.0553551882259071,2024,11,15,4,0,0,1,0,0,0,0,0,0,1,0,0,0,0,0,1,0
34,29236.54,5000.0,9,14,2,1.47,0.1710188688538383,2024,8,11,6,1,1,0,0,0,1,0,0,0,0,0,1,0,0,0,0,1
53,20338.15,5000.0,9,0,0,2.73,0.2458434026693676,2023,2,5,6,1,0,0,0,1,0,0,0,0,1,0,1,0,0,0,0,0
22,36104.95,5000.0,9,11,1,2.7,0.1384851661614266,2023,4,30,6,1,0,1,0,0,0,1,0,0,0,0,0,1,0,0,0,1
55,7120.39,1719.36,3,5,0,8.24,0.2414699194847473,2023,4,21,4,0,0,0,1,0,0,0,1,0,0,0,0,1,0,0,0,0
22,8469.04,2478.18,6,0,0,3.49,0.2926164004420807,2024,11,25,0,0,0,0,1,0,1,0,0,0,0,0,0,0,0,0,1,0
25,45739.12,5000.0,3,3,0,9.94,0.1093156142925355,2024,10,31,3,0,1,0,0,0,0,0,1,0,0,0,1,0,0,0,0,0
47,26247.2,5000.0,9,22,1,8.95,0.1904965101039349,2024,7,26,4,0,0,0,1,0,0,1,0,0,0,0,0,1,0,0,0,1
30,55905.86,5000.0,6,0,0,1.69,0.0894360626953954,2023,5,28,6,1,0,1,0,0,0,0,0,0,1,0,0,0,1,0,0,0
41,89896.04,5000.0,6,19,1,3.63,0.0556198026075453,2024,8,17,5,1,1,0,0,0,0,0,0,1,0,0,0,0,0,1,0,1
29,17722.42,5000.0,3,13,3,9.79,0.2821285129231787,2023,4,15,5,1,0,0,1,0,0,0,0,1,0,0,0,1,0,0,0,0
54,51736.37,5000.0,6,5,0,9.78,0.0966438116937852,2023,4,9,6,1,1,0,0,0,0,0,0,0,1,1,0,0,0,0,0,0
43,11606.35,2803.66,6,7,2,2.55,0.2415625928909605,2023,3,7,1,0,0,0,0,1,0,1,0,0,0,1,0,0,0,0,0,1
38,12683.95,1141.44,12,7,2,7.53,0.0899908940038395,2023,5,7,6,1,0,0,0,1,1,0,0,0,0,0,0,0,0,1,0,1
47,17603.16,4725.75,3,15,2,3.42,0.2684603218967503,2023,3,22,2,0,0,0,0,1,1,0,0,0,0,1,0,0,0,0,0,0
36,51461.09,5000.0,3,0,0,9.99,0.0971607869168725,2024,7,23,1,0,0,1,0,0,1,0,0,0,0,1,0,0,0,0,0,0
44,16669.76,2516.05,9,10,2,4.0,0.1509349864665118,2023,4,30,6,1,0,0,0,1,0,1,0,0,0,0,0,1,0,0,0,1
31,21025.38,5000.0,9,23,3,2.02,0.2378078303459913,2023,5,10,2,0,0,0,1,0,0,0,0,0,1,0,0,0,0,0,1,1
58,14432.39,5000.0,9,0,0,1.77,0.3464429661338143,2023,5,16,1,0,0,0,1,0,0,0,0,1,0,0,1,0,0,0,0,0
23,8107.89,3381.32,3,0,0,1.35,0.4170406850610948,2024,12,21,5,1,0,0,0,1,0,1,0,0,0,0,1,0,0,0,0,0
43,18487.75,5000.0,6,5,1,6.12,0.2704493515976795,2024,7,29,0,0,0,0,1,0,0,0,0,1,0,0,1,0,0,0,0,0
29,10238.57,2446.0,9,15,1,2.27,0.2389005495884679,2024,8,4,6,1,0,0,0,1,0,0,1,0,0,0,0,0,0,1,0,0
32,53583.83,5000.0,12,16,3,6.18,0.0933117322893865,2023,6,22,3,0,0,1,0,0,0,0,0,1,0,0,0,0,0,0,1,1
19,5887.34,1638.56,6,11,1,5.04,0.2783192409475247,2024,9,1,6,1,0,0,0,1,0,1,0,0,0,0,0,1,0,0,0,0
36,14443.0,579.61,3,13,3,7.81,0.0401308592397701,2024,12,3,1,0,0,0,0,1,0,0,1,0,0,1,0,0,0,0,0,1
21,38294.68,5000.0,12,19,1,3.92,0.1305664389936147,2024,7,28,6,1,1,0,0,0,0,1,0,0,0,1,0,0,0,0,0,1
39,17259.62,1080.94,12,8,1,5.23,0.0626282618041417,2023,1,16,0,0,0,0,1,0,0,1,0,0,0,0,0,0,1,0,0,1
54,63015.11,5000.0,12,4,0,8.41,0.0793460489079524,2024,9,30,0,0,0,1,0,0,0,0,0,0,1,0,0,1,0,0,0,0
22,29919.19,4571.43,12,0,0,4.48,0.1527925722588078,2024,7,10,2,0,0,1,0,0,0,0,0,1,0,0,0,1,0,0,0,1
38,5853.7,116.51,9,20,2,3.55,0.0199036506824743,2024,12,10,1,0,0,0,0,1,0,0,0,0,1,0,1,0,0,0,0,0
23,59338.29,5000.0,3,3,0,5.5,0.0842626236785724,2023,4,27,3,0,0,1,0,0,0,1,0,0,0,0,0,0,0,1,0,0
50,15609.51,5000.0,6,0,0,6.06,0.3203175500063743,2024,10,21,0,0,0,0,0,1,0,0,0,1,0,0,1,0,0,0,0,0
30,15202.2,5000.0,6,12,1,7.18,0.3288997645077686,2023,4,2,6,1,0,0,1,0,0,1,0,0,0,0,1,0,0,0,0,1
30,68596.07,5000.0,12,1,0,6.32,0.0728904731714222,2023,6,20,1,0,1,0,0,0,0,1,0,0,0,0,0,1,0,0,0,0
38,42417.23,5000.0,6,10,2,8.16,0.1178766270216136,2023,3,13,0,0,1,0,0,0,0,0,0,1,0,0,0,1,0,0,0,1
42,16269.39,4152.35,9,1,0,2.77,0.2552246888174664,2023,4,22,5,1,0,0,0,1,1,0,0,0,0,0,0,0,1,0,0,1
52,13068.17,4729.0,12,11,1,4.69,0.3618716316056494,2023,2,23,3,0,0,0,0,1,0,0,1,0,0,0,0,1,0,0,0,1
33,13383.72,4444.99,3,15,6,6.11,0.3321191716503334,2024,9,18,2,0,0,0,0,1,0,0,0,1,0,0,0,1,0,0,0,1
40,18660.46,5000.0,12,20,2,8.13,0.2679462349802738,2023,1,9,0,0,0,0,1,0,0,0,0,1,0,0,1,0,0,0,0,1
59,14353.92,4386.64,6,13,1,1.54,0.3056057160691992,2023,2,5,6,1,0,0,0,1,0,0,0,0,1,0,1,0,0,0,0,1
35,61917.03,5000.0,3,2,0,1.63,0.0807532273431073,2024,11,5,1,0,1,0,0,0,0,0,0,1,0,0,0,0,0,1,0,0
33,55815.58,5000.0,12,2,0,4.53,0.0895807228017696,2024,10,29,1,0,0,1,0,0,0,0,0,1,0,0,0,0,0,0,1,0
24,9251.98,2565.77,12,3,0,3.78,0.2773211788179395,2023,2,14,1,0,0,0,0,1,0,0,0,0,1,0,1,0,0,0,0,1
45,75917.33,5000.0,6,14,1,6.74,0.0658611149786221,2023,5,26,4,0,0,1,0,0,1,0,0,0,0,0,0,0,0,0,1,0
40,59548.75,5000.0,6,10,1,9.17,0.0839648187409475,2023,1,30,0,0,1,0,0,0,0,1,0,0,0,0,0,0,0,0,1,0
31,8725.14,2609.55,12,4,0,9.11,0.2990840261588926,2024,7,16,1,0,0,0,1,0,0,1,0,0,0,0,0,1,0,0,0,0
25,6159.25,3290.19,9,10,1,4.14,0.5341867922230791,2024,7,23,1,0,0,0,0,1,0,0,1,0,0,0,0,0,1,0,0,0
49,64803.06,5000.0,12,2,0,9.39,0.0771568503092292,2023,2,15,2,0,0,1,0,0,1,0,0,0,0,0,0,1,0,0,0,0
37,10414.62,1911.11,3,10,3,4.95,0.1835026145937153,2024,12,9,0,0,0,0,0,1,0,0,1,0,0,0,0,0,0,1,0,1
26,15160.66,5000.0,9,11,1,2.46,0.3298009453414297,2024,8,23,4,0,0,0,0,1,0,0,0,0,1,1,0,0,0,0,0,0
57,48781.44,5000.0,3,1,0,5.71,0.1024979992390548,2023,3,22,2,0,1,0,0,0,0,0,1,0,0,0,0,1,0,0,0,1
45,28241.51,5000.0,9,17,2,7.07,0.1770443577556582,2023,4,22,5,1,0,0,1,0,0,0,0,1,0,0,0,0,1,0,0,1
51,14242.82,4771.45,6,1,0,6.49,0.3350073931988188,2023,2,12,6,1,0,0,1,0,0,0,0,0,1,0,0,0,0,1,0,1
32,65625.54,1424.67,3,13,1,4.21,0.0217090785081539,2024,10,10,3,0,0,1,0,0,0,1,0,0,0,0,0,0,0,0,1,0
51,69735.63,5000.0,12,11,1,3.68,0.071699359423583,2024,7,15,0,0,1,0,0,0,0,0,1,0,0,0,0,0,0,0,1,0
59,19441.32,1796.57,9,1,0,3.22,0.0924098775186047,2023,2,26,6,1,0,0,1,0,0,0,1,0,0,0,0,0,1,0,0,1
21,33980.23,5000.0,9,20,2,5.51,0.1471443836607344,2024,10,20,6,1,0,1,0,0,1,0,0,0,0,0,0,0,1,0,0,0
43,92844.27,5000.0,12,26,1,6.88,0.0538536196148669,2024,10,12,5,1,0,1,0,0,0,1,0,0,0,0,1,0,0,0,0,0
37,17933.47,3556.89,9,14,1,8.27,0.1983380795796909,2024,7,22,0,0,0,0,1,0,1,0,0,0,0,0,1,0,0,0,0,1
39,5000.0,875.64,9,13,1,9.74,0.175128,2023,2,5,6,1,0,0,0,1,0,1,0,0,0,0,0,0,0,0,1,0
51,58376.62,5000.0,9,0,0,5.44,0.0856507279797973,2024,11,14,3,0,1,0,0,0,0,0,0,0,1,0,1,0,0,0,0,0
59,8825.5,100.0,6,3,0,7.78,0.0113308027873774,2023,3,26,6,1,0,0,0,1,0,0,1,0,0,0,0,0,1,0,0,1
58,12174.69,1661.08,6,1,0,2.68,0.1364371495290639,2024,7,17,2,0,0,0,0,1,0,0,0,0,1,0,0,0,1,0,0,0
36,22592.21,4945.71,9,4,0,6.08,0.2189121825620424,2024,8,11,6,1,0,0,1,0,0,0,0,1,0,0,0,0,1,0,0,1
51,103718.66,5000.0,3,10,1,5.62,0.0482073331838263,2024,10,13,6,1,0,1,0,0,1,0,0,0,0,0,0,0,0,1,0,0
21,42711.84,5000.0,3,0,0,6.14,0.1170635589569543,2024,7,29,0,0,1,0,0,0,0,0,0,1,0,1,0,0,0,0,0,0
28,10018.53,3941.94,6,0,0,5.33,0.3934649095226545,2023,4,8,5,1,0,0,0,1,0,1,0,0,0,1,0,0,0,0,0,0
50,40657.46,5000.0,6,8,1,7.74,0.1229786612346172,2024,12,28,5,1,0,0,1,0,0,0,0,0,1,1,0,0,0,0,0,0
39,19681.17,5000.0,12,14,2,2.49,0.2540499370718306,2024,11,8,4,0,0,0,1,0,1,0,0,0,0,0,0,0,1,0,0,0
49,19660.26,5000.0,6,0,0,6.75,0.2543201361528281,2024,9,19,3,0,0,0,1,0,0,0,1,0,0,0,0,0,0,1,0,0
56,33867.92,5000.0,6,10,1,1.08,0.1476323317168577,2024,7,5,4,0,0,1,0,0,0,0,0,1,0,0,0,0,0,1,0,0
56,14072.9,4722.32,12,12,3,5.47,0.3355612560310952,2023,5,8,0,0,0,0,0,1,0,0,0,1,0,0,1,0,0,0,0,1
55,45005.94,5000.0,9,0,0,1.07,0.1110964463801889,2023,2,14,1,0,0,1,0,0,0,0,0,1,0,0,0,0,1,0,0,1
40,12210.18,2958.54,9,3,0,8.84,0.2423010962983346,2024,10,25,4,0,0,0,0,1,0,0,0,1,0,0,0,0,0,1,0,1
38,19402.81,5000.0,9,2,0,1.16,0.2576946328908029,2023,5,26,4,0,0,0,1,0,0,0,0,0,1,0,0,0,0,0,1,0
53,21378.05,5000.0,3,2,0,4.16,0.233884755625513,2024,11,10,6,1,0,0,1,0,0,0,1,0,0,1,0,0,0,0,0,1
22,5000.0,1369.83,6,11,3,5.23,0.273966,2023,1,17,1,0,0,0,0,1,0,1,0,0,0,0,1,0,0,0,0,0
49,11742.11,1548.04,9,17,2,1.46,0.1318366119888163,2024,9,7,5,1,0,0,0,1,0,0,0,1,0,0,0,1,0,0,0,1
33,49141.66,5000.0,3,9,1,3.32,0.1017466646425863,2024,9,3,1,0,0,1,0,0,1,0,0,0,0,1,0,0,0,0,0,0
29,9329.38,1758.94,3,11,1,5.02,0.1885377163327038,2023,1,20,4,0,0,0,0,1,1,0,0,0,0,0,0,1,0,0,0,1
51,81933.0,5000.0,9,12,4,9.47,0.0610254720320261,2023,5,12,4,0,0,1,0,0,0,0,0,0,1,1,0,0,0,0,0,1
57,32735.79,100.0,9,11,2,7.39,0.0030547605541213,2024,11,5,1,0,0,1,0,0,0,0,0,1,0,0,1,0,0,0,0,0
20,35280.83,5000.0,6,11,1,1.86,0.1417200218929089,2023,1,11,2,0,1,0,0,0,0,0,0,0,1,0,0,0,0,1,0,1
26,10042.0,618.97,9,18,1,1.14,0.0616381198964349,2024,12,2,0,0,0,0,0,1,1,0,0,0,0,0,0,0,0,0,1,1
32,52572.56,5000.0,9,12,1,6.18,0.095106648791689,2023,5,8,0,0,1,0,0,0,0,0,0,0,1,1,0,0,0,0,0,0
21,46078.77,5000.0,9,13,2,7.38,0.1085098408659779,2024,9,8,6,1,0,1,0,0,1,0,0,0,0,0,0,0,0,0,1,1
26,64642.72,5000.0,12,14,3,9.41,0.0773482303962457,2023,5,17,2,0,0,1,0,0,0,0,1,0,0,1,0,0,0,0,0,1
30,15098.27,4978.58,3,13,2,6.14,0.329745063507276,2023,6,30,4,0,0,0,1,0,0,1,0,0,0,0,1,0,0,0,0,0
36,125688.22,5000.0,9,17,1,6.81,0.0397809754963512,2023,2,27,0,0,0,1,0,0,1,0,0,0,0,0,0,0,1,0,0,0
33,53425.05,100.0,9,4,0,7.42,0.0018717811214027,2024,8,23,4,0,1,0,0,0,0,1,0,0,0,0,0,0,1,0,0,0
43,30035.11,5000.0,12,0,0,2.86,0.1664718391242782,2023,5,15,0,0,0,0,1,0,0,0,0,1,0,0,0,1,0,0,0,0
36,14051.69,967.87,3,19,2,6.12,0.0688792593631086,2024,12,3,1,0,0,0,1,0,0,1,0,0,0,1,0,0,0,0,0,1
57,95406.31,5000.0,9,21,2,2.42,0.0524074351057073,2023,3,1,2,0,1,0,0,0,0,0,0,0,1,0,0,0,0,0,1,0
33,62840.46,5000.0,6,1,0,2.08,0.0795665722370587,2023,3,16,3,0,0,1,0,0,0,0,0,0,1,0,1,0,0,0,0,0
43,95706.03,5000.0,6,8,1,4.36,0.0522433121507599,2023,2,17,4,0,1,0,0,0,0,0,1,0,0,0,0,0,1,0,0,0
59,68116.22,5000.0,9,12,1,9.53,0.0734039557685379,2023,3,26,6,1,1,0,0,0,0,0,1,0,0,0,1,0,0,0,0,0
37,6613.95,3858.53,12,2,0,1.09,0.5833926775981071,2023,3,29,2,0,0,0,0,1,0,0,0,0,1,0,0,0,0,1,0,0
46,66123.98,5000.0,3,11,3,1.81,0.0756155331242916,2023,2,9,3,0,1,0,0,0,1,0,0,0,0,0,0,0,0,1,0,1
56,83731.71,5000.0,6,1,0,9.41,0.0597145334784157,2023,5,5,4,0,0,1,0,0,0,1,0,0,0,0,0,0,0,0,1,0
35,9436.73,1450.05,12,1,0,8.0,0.1536602191649014,2024,11,23,5,1,0,0,0,1,0,1,0,0,0,1,0,0,0,0,0,0
50,18053.98,4592.06,3,2,0,5.17,0.2543516720412895,2024,12,12,3,0,0,0,0,1,0,1,0,0,0,0,0,0,1,0,0,0
37,71673.83,5000.0,9,3,0,6.35,0.0697604690582322,2023,3,2,3,0,0,1,0,0,0,0,1,0,0,0,0,1,0,0,0,0
41,11158.05,3155.7,6,20,2,8.62,0.2828182343689085,2023,6,24,5,1,0,0,0,1,0,1,0,0,0,0,0,0,0,1,0,1
58,94470.0,5000.0,12,15,2,2.8,0.0529268550862707,2023,2,19,6,1,0,1,0,0,0,0,0,0,1,1,0,0,0,0,0,0
54,61808.98,5000.0,9,0,0,2.68,0.0808943943096941,2023,1,8,6,1,1,0,0,0,0,0,1,0,0,0,1,0,0,0,0,0
41,10574.56,3345.69,3,11,1,4.11,0.3163904692015554,2023,5,15,0,0,0,0,0,1,0,0,1,0,0,0,0,0,0,1,0,0
38,68799.67,5000.0,3,12,2,3.66,0.072674767190017,2023,4,27,3,0,0,1,0,0,0,0,1,0,0,0,0,0,0,0,1,0
42,98771.08,5000.0,12,7,1,3.31,0.0506221051749155,2024,9,18,2,0,0,1,0,0,0,0,1,0,0,0,0,1,0,0,0,0
43,6359.73,1575.5,3,0,0,7.84,0.2477306426530686,2024,9,1,6,1,0,0,0,1,1,0,0,0,0,1,0,0,0,0,0,1
32,7468.04,3330.54,6,12,1,8.04,0.4459724372124413,2023,6,22,3,0,0,0,0,1,0,1,0,0,0,1,0,0,0,0,0,1
34,5000.0,990.63,3,0,1,5.54,0.198126,2023,2,28,1,0,0,0,1,0,0,0,1,0,0,0,0,0,0,1,0,1
28,58809.54,5000.0,6,23,4,2.83,0.0850202195086035,2023,6,20,1,0,1,0,0,0,1,0,0,0,0,0,0,1,0,0,0,1
31,13487.59,2854.74,6,1,0,1.77,0.211656789685926,2023,1,8,6,1,0,0,0,1,0,0,0,0,1,0,0,1,0,0,0,0
31,87981.67,5000.0,9,23,4,1.13,0.0568300192528739,2024,11,23,5,1,0,1,0,0,1,0,0,0,0,0,1,0,0,0,0,1
39,5000.0,1885.94,6,18,1,2.41,0.377188,2023,2,11,5,1,0,0,0,1,1,0,0,0,0,0,1,0,0,0,0,0
53,64258.24,5000.0,12,20,3,2.63,0.0778110324839273,2024,10,24,3,0,1,0,0,0,0,0,0,1,0,0,0,0,1,0,0,1
32,77887.55,5000.0,3,1,0,2.07,0.0641951120557778,2023,2,13,0,0,1,0,0,0,1,0,0,0,0,0,0,1,0,0,0,0
18,9770.95,4400.97,9,16,1,3.2,0.4504137264032668,2024,11,23,5,1,0,0,1,0,0,0,0,0,1,0,0,0,0,0,1,1
56,23382.35,5000.0,6,1,0,6.34,0.2138365048850949,2024,11,9,5,1,0,0,0,1,0,0,0,1,0,0,0,0,0,0,1,1
44,46970.05,5000.0,3,0,0,6.95,0.1064508128051811,2024,7,17,2,0,1,0,0,0,1,0,0,0,0,0,0,1,0,0,0,1
46,5759.84,1604.35,6,1,0,3.63,0.2785407233534264,2024,10,31,3,0,0,0,1,0,1,0,0,0,0,0,0,1,0,0,0,0
46,51522.92,5000.0,3,16,4,8.26,0.0970441892656705,2023,3,20,0,0,1,0,0,0,0,0,0,1,0,1,0,0,0,0,0,1
48,6819.17,1341.75,9,13,1,1.54,0.1967614827024403,2024,10,4,4,0,0,0,0,1,0,0,0,1,0,0,0,0,1,0,0,1
30,11723.3,893.16,12,3,0,1.98,0.0761867392287154,2023,5,4,3,0,0,0,0,1,0,0,1,0,0,0,0,0,0,1,0,1
37,12749.79,2531.77,12,0,0,3.68,0.1985734667002358,2023,6,22,3,0,0,0,0,1,1,0,0,0,0,0,0,0,0,1,0,1
34,54237.97,3755.7,6,6,1,9.75,0.0692448482124238,2024,7,7,6,1,1,0,0,0,0,0,0,1,0,0,1,0,0,0,0,0
42,14003.04,5000.0,9,2,0,8.2,0.3570653229584433,2023,3,27,0,0,0,0,0,1,0,0,0,0,1,0,0,0,0,1,0,0
30,64753.18,5000.0,9,1,0,3.21,0.0772162849762745,2024,10,14,0,0,1,0,0,0,1,0,0,0,0,0,0,0,0,1,0,0
44,89629.0,5000.0,3,11,1,9.85,0.055785515848665,2023,5,21,6,1,1,0,0,0,1,0,0,0,0,1,0,0,0,0,0,0
20,8137.31,2909.44,3,1,0,5.36,0.3575432175989362,2024,7,7,6,1,0,0,0,1,0,1,0,0,0,0,0,0,0,1,0,1
47,12693.3,1504.45,9,4,0,5.14,0.118523157886444,2024,8,12,0,0,0,0,0,1,0,1,0,0,0,0,0,1,0,0,0,1
48,40826.97,5000.0,3,14,2,1.72,0.1224680646151306,2024,8,29,3,0,1,0,0,0,1,0,0,0,0,0,0,0,0,0,1,1
28,15898.45,5000.0,3,8,1,3.15,0.3144960672266793,2024,10,23,2,0,0,0,1,0,0,0,1,0,0,0,1,0,0,0,0,0
18,32069.39,5000.0,9,5,2,7.41,0.1559119147573433,2024,12,2,0,0,1,0,0,0,0,0,1,0,0,0,0,1,0,0,0,0
24,5000.0,1638.03,3,13,3,5.39,0.327606,2024,8,27,1,0,0,0,0,1,0,0,1,0,0,0,0,0,0,1,0,1
45,26882.37,2259.33,9,10,2,4.14,0.0840450451355293,2024,9,6,4,0,0,0,1,0,0,1,0,0,0,0,1,0,0,0,0,1
56,96429.83,5000.0,9,12,2,3.74,0.0518511750979961,2023,6,23,4,0,1,0,0,0,0,1,0,0,0,0,0,1,0,0,0,0
40,7404.12,1570.7,12,19,1,5.91,0.212138647131597,2023,3,28,1,0,0,0,0,1,0,0,0,0,1,0,0,0,0,1,0,1
44,15763.63,4415.65,9,8,1,8.57,0.280116318386057,2023,3,22,2,0,0,0,0,1,0,0,1,0,0,0,0,0,0,0,1,1
30,18039.57,4624.6,3,1,0,9.59,0.2563586604337021,2024,10,5,5,1,0,0,1,0,0,0,0,1,0,0,0,1,0,0,0,1
32,5000.0,793.4,12,19,2,2.41,0.15868,2024,11,27,2,0,0,0,1,0,0,0,0,1,0,1,0,0,0,0,0,1
53,90428.48,5000.0,9,21,3,2.37,0.0552923149874906,2024,12,16,0,0,0,1,0,0,0,1,0,0,0,0,0,0,0,0,1,0
18,11109.47,2046.87,9,20,3,7.02,0.1842455130622793,2024,8,17,5,1,0,0,0,1,0,0,0,0,1,0,0,1,0,0,0,1
58,104900.42,5000.0,6,6,0,3.31,0.0476642514872676,2023,6,27,1,0,0,1,0,0,1,0,0,0,0,0,0,0,0,0,1,0
42,5436.27,2424.35,9,2,0,7.36,0.4459583501187394,2023,1,29,6,1,0,0,1,0,0,0,1,0,0,0,0,0,0,1,0,1
27,51331.71,5000.0,9,17,3,6.39,0.0974056776990285,2024,9,17,1,0,1,0,0,0,0,0,1,0,0,0,1,0,0,0,0,1
57,72012.36,5000.0,12,0,0,3.15,0.0694325251942861,2024,8,12,0,0,1,0,0,0,0,0,0,0,1,1,0,0,0,0,0,0
31,38556.39,5000.0,12,16,1,2.33,0.1296801904950126,2024,8,3,5,1,1,0,0,0,0,0,0,1,0,0,1,0,0,0,0,0
27,38831.95,5000.0,12,9,1,4.41,0.1287599515347542,2023,6,5,0,0,0,1,0,0,0,0,0,0,1,0,0,0,0,0,1,0
27,29641.24,5000.0,12,12,2,6.47,0.1686839012133095,2024,10,19,5,1,0,1,0,0,0,0,1,0,0,0,0,0,1,0,0,0
20,5000.0,1397.5,9,10,2,6.96,0.2795,2024,11,14,3,0,0,0,0,1,0,0,0,0,1,0,1,0,0,0,0,0
57,28806.05,5000.0,9,3,1,3.19,0.173574648381156,2024,8,25,6,1,0,0,1,0,0,0,1,0,0,1,0,0,0,0,0,1
18,12000.35,3133.96,3,1,0,3.32,0.2611557162916081,2023,1,22,6,1,0,0,1,0,0,0,0,1,0,0,0,0,0,0,1,0
52,59299.96,5000.0,9,16,2,2.88,0.0843170889154056,2024,10,11,4,0,0,1,0,0,0,0,1,0,0,1,0,0,0,0,0,1
48,8971.12,3770.06,3,21,1,1.31,0.4202440720891036,2023,1,17,1,0,0,0,0,1,0,0,1,0,0,0,1,0,0,0,0,1
54,15500.76,4538.83,12,13,1,4.32,0.2928133846340437,2024,10,9,2,0,0,0,1,0,0,1,0,0,0,0,0,0,0,0,1,1
18,39086.29,5000.0,3,16,1,4.14,0.127922092375613,2023,1,15,6,1,0,1,0,0,0,0,1,0,0,0,0,1,0,0,0,0
57,9135.7,2739.89,9,3,0,8.81,0.2999102422365007,2023,3,5,6,1,0,0,0,1,1,0,0,0,0,0,0,1,0,0,0,0
20,46142.64,5000.0,12,0,0,4.69,0.108359643054667,2024,11,20,2,0,0,1,0,0,0,0,1,0,0,0,0,1,0,0,0,0
37,46218.68,5000.0,6,17,2,8.69,0.1081813673605563,2023,5,18,3,0,0,1,0,0,0,0,1,0,0,1,0,0,0,0,0,1
41,15287.49,2077.75,6,20,2,6.55,0.135911781463144,2023,3,9,3,0,0,0,0,1,0,0,0,0,1,0,0,0,0,0,1,0
29,46252.85,5000.0,6,12,2,6.54,0.1081014467216614,2024,9,6,4,0,1,0,0,0,1,0,0,0,0,0,0,0,0,1,0,1
30,54379.07,5000.0,6,15,2,1.06,0.0919471406921817,2023,2,11,5,1,1,0,0,0,0,0,1,0,0,0,1,0,0,0,0,0
21,9482.0,2146.61,6,14,1,3.68,0.2263878928496098,2023,1,15,6,1,0,0,1,0,0,1,0,0,0,0,0,0,1,0,0,1
51,17982.13,3365.5,9,2,1,4.37,0.1871580285539032,2023,4,9,6,1,0,0,0,1,1,0,0,0,0,0,0,0,0,0,1,1
35,15655.1,5000.0,3,21,1,1.89,0.3193847372421766,2023,5,12,4,0,0,0,1,0,0,0,0,1,0,1,0,0,0,0,0,0
33,7442.19,4197.76,3,15,1,3.46,0.5640490232041913,2023,6,25,6,1,0,0,0,1,1,0,0,0,0,0,0,0,0,1,0,1
37,6169.4,1607.35,6,10,1,6.8,0.2605358705870911,2023,5,31,2,0,0,0,1,0,0,1,0,0,0,0,0,0,1,0,0,1
40,75418.34,5000.0,3,2,0,9.27,0.0662968715567062,2024,11,18,0,0,1,0,0,0,0,0,1,0,0,0,0,0,0,0,1,0
21,6324.13,1712.88,12,14,2,2.01,0.2708483222198152,2024,11,3,6,1,0,0,1,0,0,0,0,0,1,0,0,0,0,1,0,1
55,14968.16,5000.0,6,2,0,2.69,0.3340423939883059,2024,8,8,3,0,0,0,0,1,0,0,0,0,1,1,0,0,0,0,0,0
58,6987.4,2055.94,9,15,1,2.13,0.2942353378939233,2024,10,26,5,1,0,0,0,1,1,0,0,0,0,0,0,0,1,0,0,1
29,36600.46,5000.0,9,0,0,5.86,0.1366103048978073,2024,10,30,2,0,1,0,0,0,0,0,1,0,0,0,0,0,0,1,0,1
50,38388.23,5000.0,3,0,0,9.72,0.1302482557804827,2024,10,28,0,0,1,0,0,0,0,0,0,1,0,0,0,1,0,0,0,1
23,45718.53,5000.0,9,22,1,8.27,0.1093648461575645,2023,1,21,5,1,0,1,0,0,1,0,0,0,0,1,0,0,0,0,0,1
58,57000.55,5000.0,9,14,1,6.61,0.0877184518394997,2024,7,28,6,1,0,1,0,0,0,0,0,1,0,0,0,0,0,0,1,1
48,58394.37,5000.0,3,13,2,5.36,0.0856246929284449,2024,10,4,4,0,1,0,0,0,0,0,1,0,0,0,1,0,0,0,0,0
27,23498.29,5000.0,12,3,0,3.61,0.2127814406920673,2023,4,2,6,1,0,0,1,0,0,0,1,0,0,1,0,0,0,0,0,1
21,5000.0,1365.64,12,7,2,9.65,0.273128,2024,11,20,2,0,0,0,0,1,0,0,0,1,0,0,0,0,1,0,0,0
49,21690.59,5000.0,9,17,1,9.55,0.2305147070688257,2023,4,20,3,0,0,0,1,0,0,1,0,0,0,0,1,0,0,0,0,1
27,39540.36,5000.0,12,4,0,1.57,0.1264530722532622,2024,8,18,6,1,1,0,0,0,0,1,0,0,0,1,0,0,0,0,0,1
27,44345.17,5000.0,3,0,0,7.26,0.1127518509907617,2023,5,23,1,0,1,0,0,0,0,0,0,1,0,0,0,0,0,0,1,1
54,86710.69,5000.0,6,11,1,3.98,0.0576630170974305,2023,3,7,1,0,0,1,0,0,0,0,0,0,1,0,0,0,0,0,1,0
33,7863.7,4108.13,3,17,1,1.12,0.5224169284179203,2024,10,12,5,1,0,0,0,1,1,0,0,0,0,0,1,0,0,0,0,1
55,19705.71,5000.0,9,9,1,9.88,0.253733562505487,2023,1,6,4,0,0,0,0,1,0,0,0,1,0,0,1,0,0,0,0,1
52,31768.61,5000.0,6,12,2,4.15,0.1573880632485966,2023,2,9,3,0,0,0,1,0,0,0,0,0,1,1,0,0,0,0,0,0
48,73851.5,5000.0,9,5,0,3.02,0.0677034318869623,2024,9,10,1,0,1,0,0,0,0,0,0,1,0,0,0,0,0,1,0,0
39,21690.93,1014.12,9,3,0,9.27,0.0467531820903944,2024,7,31,2,0,0,0,1,0,0,0,0,1,0,0,1,0,0,0,0,1
24,32636.16,5000.0,3,11,1,5.58,0.1532042985449268,2023,5,11,3,0,0,1,0,0,0,0,0,0,1,1,0,0,0,0,0,1
52,31670.09,5000.0,9,10,1,7.94,0.1578776694351042,2023,4,30,6,1,0,1,0,0,0,0,1,0,0,0,1,0,0,0,0,0
51,11753.9,4666.01,12,2,0,8.02,0.3969754719710054,2024,7,29,0,0,0,0,0,1,0,0,1,0,0,1,0,0,0,0,0,0
29,68498.01,5000.0,6,10,2,9.15,0.0729948213094073,2023,5,8,0,0,0,1,0,0,0,0,1,0,0,1,0,0,0,0,0,0
47,9043.9,635.82,12,0,2,4.03,0.0703037406428642,2024,9,19,3,0,0,0,0,1,0,1,0,0,0,0,0,0,0,1,0,1
33,91818.61,5000.0,3,7,1,4.67,0.054455191600047,2023,1,14,5,1,1,0,0,0,0,0,0,0,1,0,0,0,0,1,0,0
56,68622.2,5000.0,6,10,2,2.89,0.0728627178959578,2023,6,9,4,0,0,1,0,0,0,1,0,0,0,0,0,0,0,0,1,0
46,64636.44,5000.0,6,12,1,1.18,0.0773557454587536,2024,10,28,0,0,1,0,0,0,0,0,0,1,0,0,0,0,0,0,1,0
39,23366.12,5000.0,3,5,0,5.42,0.2139850347426102,2024,11,18,0,0,0,1,0,0,0,1,0,0,0,0,0,0,1,0,0,0
22,7117.45,3468.78,9,10,1,8.87,0.4873627492992575,2024,10,6,6,1,0,0,0,1,0,0,0,0,1,0,0,0,0,1,0,1
19,32622.62,5000.0,12,24,2,1.79,0.1532678859024811,2024,12,2,0,0,1,0,0,0,0,0,0,1,0,0,1,0,0,0,0,0
47,24729.11,5000.0,6,15,1,5.35,0.2021908592747575,2024,9,10,1,0,0,0,1,0,0,1,0,0,0,0,0,0,0,0,1,0
37,12178.31,3709.69,9,14,1,1.7,0.3046145154787487,2023,6,20,1,0,0,0,0,1,0,0,0,0,1,0,0,0,0,1,0,0
45,11609.99,3580.32,6,1,0,3.9,0.3083826945587378,2023,1,19,3,0,0,0,0,1,0,1,0,0,0,0,0,0,1,0,0,1
45,53111.91,5000.0,9,14,1,3.0,0.094140843362628,2023,4,7,4,0,1,0,0,0,0,0,1,0,0,0,0,0,0,1,0,1
47,74239.02,5000.0,9,11,1,4.41,0.0673500269804208,2024,11,3,6,1,1,0,0,0,0,0,1,0,0,0,0,0,1,0,0,0
30,14324.76,5000.0,9,7,0,7.3,0.349045987506946,2024,7,22,0,0,1,0,0,0,1,0,0,0,0,1,0,0,0,0,0,0
39,8599.85,2545.29,3,1,0,5.97,0.2959691157403908,2023,1,1,6,1,0,0,0,1,1,0,0,0,0,0,1,0,0,0,0,0
34,65503.77,5000.0,3,8,1,4.25,0.0763314844321174,2024,8,17,5,1,0,1,0,0,0,0,1,0,0,1,0,0,0,0,0,0
42,25963.67,5000.0,3,19,2,1.67,0.1925767813255984,2023,1,6,4,0,1,0,0,0,0,0,1,0,0,0,0,0,1,0,0,1
18,9988.92,3168.34,12,15,1,9.21,0.3171854414691478,2023,2,2,3,0,0,0,1,0,0,0,0,1,0,0,0,0,0,1,0,0
46,71053.37,5000.0,3,8,1,9.56,0.0703696390473808,2024,9,17,1,0,1,0,0,0,0,0,1,0,0,0,0,0,0,1,0,0
35,16092.9,5000.0,12,14,2,8.93,0.3106960212267521,2024,11,29,4,0,0,0,0,1,1,0,0,0,0,0,0,0,1,0,0,0
32,64294.55,5000.0,6,17,2,4.42,0.0777670891234171,2024,9,11,2,0,0,1,0,0,0,0,0,1,0,0,1,0,0,0,0,0
57,40208.45,5000.0,9,21,1,9.09,0.1243519707922091,2024,9,11,2,0,1,0,0,0,0,0,1,0,0,1,0,0,0,0,0,0
37,12100.81,2768.14,3,15,2,6.89,0.2287565873689447,2023,2,13,0,0,0,0,1,0,0,0,1,0,0,0,0,0,1,0,0,0
52,11127.78,1920.04,9,3,0,5.44,0.1725447483684975,2023,6,4,6,1,0,0,1,0,0,0,0,1,0,0,0,0,1,0,0,1
25,35478.59,5000.0,9,2,0,5.1,0.1409300651463319,2024,10,12,5,1,0,1,0,0,1,0,0,0,0,1,0,0,0,0,0,1
51,9018.7,1431.6,3,0,0,2.47,0.1587368467739252,2024,11,12,1,0,0,0,0,1,0,0,1,0,0,0,0,0,1,0,0,0
46,5548.24,1279.04,6,29,4,2.43,0.230530762908598,2023,1,2,0,0,0,0,0,1,0,0,1,0,0,0,0,1,0,0,0,1
20,17971.76,4376.66,12,10,1,9.19,0.2435298490520683,2023,4,4,1,0,0,1,0,0,1,0,0,0,0,0,0,0,1,0,0,0
45,22000.6,2768.5,6,11,2,1.98,0.1258374771597138,2024,11,14,3,0,0,0,1,0,0,0,0,1,0,0,0,0,0,1,0,0
46,59554.92,5000.0,3,11,1,7.0,0.083956119830234,2024,8,1,3,0,0,1,0,0,0,0,0,0,1,0,0,0,0,1,0,0
50,24671.75,2333.8,12,20,1,4.53,0.0945940194757161,2024,8,26,0,0,0,0,0,1,1,0,0,0,0,1,0,0,0,0,0,1
29,54264.09,5000.0,12,0,0,5.79,0.0921419671830855,2024,10,28,0,0,1,0,0,0,0,0,0,0,1,0,0,0,0,0,1,0
20,71600.75,5000.0,12,24,3,5.75,0.0698316707576387,2024,9,9,0,0,0,1,0,0,0,0,0,0,1,0,0,1,0,0,0,1
34,20845.11,5000.0,3,4,0,2.53,0.239864409446628,2024,10,11,4,0,0,0,0,1,0,0,0,0,1,0,0,0,0,0,1,1
25,71617.86,5000.0,9,7,2,8.5,0.0698149874905505,2024,9,12,3,0,0,1,0,0,0,0,0,0,1,0,1,0,0,0,0,0
39,51650.12,5000.0,6,20,2,2.4,0.096805196193155,2023,1,19,3,0,0,1,0,0,0,0,1,0,0,1,0,0,0,0,0,1
20,10088.03,100.0,3,11,1,6.59,0.0099127381659253,2023,4,2,6,1,0,0,1,0,1,0,0,0,0,0,0,0,1,0,0,0
48,6780.28,2204.47,6,10,1,9.22,0.3251296406638074,2023,5,19,4,0,0,0,0,1,0,1,0,0,0,0,0,0,0,0,1,0
33,43942.97,5000.0,3,18,1,7.78,0.1137838430128869,2024,7,11,3,0,0,1,0,0,0,0,1,0,0,1,0,0,0,0,0,1
47,92558.42,753.77,6,10,1,5.75,0.0081437215544517,2023,3,23,3,0,0,1,0,0,1,0,0,0,0,1,0,0,0,0,0,0
26,47620.38,5000.0,3,1,0,4.67,0.1049970621822001,2023,5,25,3,0,1,0,0,0,0,0,0,1,0,0,0,0,0,1,0,1
56,20488.85,2721.58,9,6,1,1.82,0.1328322477835505,2024,10,6,6,1,0,0,1,0,0,0,1,0,0,0,0,0,1,0,0,0
49,9764.75,2784.43,3,0,0,8.93,0.2851511815458665,2024,11,30,5,1,0,0,0,1,1,0,0,0,0,1,0,0,0,0,0,0
57,14170.43,5000.0,12,3,0,2.66,0.3528474435849865,2024,11,24,6,1,0,0,0,1,0,0,0,0,1,0,0,0,0,1,0,0
33,57441.11,100.0,12,7,1,5.59,0.0017409134329054,2023,1,7,5,1,1,0,0,0,0,0,1,0,0,0,1,0,0,0,0,0
40,51509.73,5000.0,3,13,1,9.22,0.0970690391892949,2024,8,15,3,0,0,1,0,0,0,0,0,1,0,1,0,0,0,0,0,0
56,67655.18,5000.0,12,20,3,8.82,0.0739041711218564,2024,12,1,6,1,1,0,0,0,0,0,0,0,1,0,0,0,1,0,0,1
37,9515.08,4676.16,3,9,1,5.02,0.4914472605590284,2024,11,29,4,0,0,0,0,1,0,0,0,0,1,0,0,0,1,0,0,0
37,51319.76,5000.0,9,15,1,4.56,0.0974283589790755,2023,1,17,1,0,0,1,0,0,1,0,0,0,0,0,0,0,0,1,0,0
42,71846.06,5000.0,9,23,1,7.69,0.0695932386549798,2024,8,27,1,0,0,1,0,0,0,0,0,0,1,0,1,0,0,0,0,1
20,35091.96,5000.0,9,2,0,3.95,0.1424827795312658,2024,11,4,0,0,0,1,0,0,0,0,0,0,1,1,0,0,0,0,0,0
23,31550.09,5000.0,9,14,1,4.09,0.1584781533111316,2023,6,13,1,0,0,1,0,0,0,0,0,0,1,0,0,0,0,0,1,0
27,12569.08,1956.27,9,16,1,3.23,0.155641463018773,2024,12,27,4,0,0,0,0,1,0,0,0,1,0,0,0,0,0,0,1,1
51,27329.06,5000.0,9,0,0,7.56,0.1829554327883944,2023,6,21,2,0,0,0,1,0,0,0,1,0,0,0,1,0,0,0,0,0
57,46441.3,5000.0,9,13,2,9.95,0.1076627915239237,2024,9,16,0,0,1,0,0,0,0,1,0,0,0,0,0,0,0,0,1,0
18,6225.6,2534.8,3,15,1,1.92,0.4071575430480596,2024,12,6,4,0,0,0,0,1,0,0,0,0,1,0,0,0,1,0,0,0
25,30880.45,4382.22,9,3,0,9.45,0.141909201452699,2023,2,22,2,0,1,0,0,0,0,1,0,0,0,1,0,0,0,0,0,0
35,58325.21,5000.0,6,15,2,4.02,0.0857262237032665,2023,1,23,0,0,0,1,0,0,0,0,0,0,1,1,0,0,0,0,0,0
55,74488.97,5000.0,12,0,0,7.61,0.0671240319204306,2024,12,13,4,0,1,0,0,0,0,0,0,0,1,1,0,0,0,0,0,0
50,6632.82,799.3,12,16,3,8.09,0.1205068130900582,2024,10,27,6,1,0,0,0,1,0,0,1,0,0,0,0,0,1,0,0,0
20,34949.55,5000.0,3,0,0,6.17,0.1430633584695654,2023,2,5,6,1,0,1,0,0,0,0,1,0,0,1,0,0,0,0,0,1
39,67872.37,5000.0,3,9,1,1.55,0.0736676794990362,2023,6,15,3,0,1,0,0,0,0,1,0,0,0,0,0,0,0,1,0,0
23,6092.2,100.0,9,0,0,4.37,0.0164144315682347,2023,5,18,3,0,0,0,1,0,0,1,0,0,0,0,0,0,1,0,0,0
33,94328.87,5000.0,9,0,0,8.17,0.0530060415226006,2024,11,14,3,0,0,1,0,0,0,0,0,1,0,0,0,0,0,0,1,0
24,22777.02,5000.0,6,6,1,7.6,0.2195194981608656,2024,8,18,6,1,0,1,0,0,0,0,1,0,0,0,0,0,0,0,1,1
37,8135.9,4327.12,6,18,2,5.9,0.5318551112968448,2023,5,2,1,0,0,0,0,1,0,0,0,1,0,1,0,0,0,0,0,1
23,27987.4,5000.0,3,19,2,7.57,0.1786518218912796,2024,10,29,1,0,1,0,0,0,1,0,0,0,0,0,1,0,0,0,0,1
34,31413.68,5000.0,12,7,1,1.54,0.1591663249896223,2024,12,23,0,0,1,0,0,0,0,1,0,0,0,0,0,0,0,0,1,0
18,7253.25,2165.47,3,4,0,2.52,0.2985516837279839,2023,2,21,1,0,0,0,1,0,1,0,0,0,0,0,0,0,1,0,0,0
59,16144.18,5000.0,12,0,0,3.89,0.3097091335701162,2023,1,11,2,0,0,0,0,1,0,0,1,0,0,0,1,0,0,0,0,1
22,5504.27,2835.82,3,14,1,1.04,0.5152036509836908,2023,2,14,1,0,0,0,0,1,0,0,0,0,1,0,1,0,0,0,0,0
39,58486.61,1926.05,3,2,0,1.24,0.0329314692713426,2023,5,30,1,0,1,0,0,0,1,0,0,0,0,0,0,0,1,0,0,0
22,5000.0,1866.25,12,12,1,8.57,0.37325,2024,7,22,0,0,0,0,0,1,0,1,0,0,0,0,1,0,0,0,0,0
50,54888.97,5000.0,9,3,0,1.52,0.0910929827978189,2024,9,25,2,0,1,0,0,0,0,0,0,0,1,0,0,1,0,0,0,0
28,54139.04,5000.0,12,14,2,6.4,0.0923547960953869,2024,10,23,2,0,1,0,0,0,0,0,0,0,1,0,1,0,0,0,0,0
40,39131.27,4027.46,12,18,3,5.09,0.1029217809695417,2024,8,16,4,0,0,1,0,0,1,0,0,0,0,0,0,0,0,1,0,1
40,14757.35,4235.9,3,10,1,4.4,0.2870366292051079,2023,6,15,3,0,0,0,0,1,1,0,0,0,0,0,0,0,0,0,1,0
46,11452.32,4862.08,9,13,3,1.23,0.4245497855456361,2023,6,7,2,0,0,0,1,0,0,0,0,1,0,1,0,0,0,0,0,1
35,13786.98,5000.0,6,8,1,3.43,0.3626610033524383,2023,5,26,4,0,0,0,0,1,0,1,0,0,0,0,0,0,1,0,0,1
40,10441.77,2694.61,12,16,1,2.98,0.2580606544675854,2024,11,2,5,1,0,0,0,1,1,0,0,0,0,0,0,0,0,1,0,1
48,75711.67,5000.0,6,4,0,2.93,0.0660400173447501,2023,1,7,5,1,1,0,0,0,0,0,1,0,0,0,0,0,0,1,0,0
55,72748.31,5000.0,12,3,0,8.3,0.068730118953966,2023,4,19,2,0,1,0,0,0,0,0,0,1,0,0,1,0,0,0,0,0
26,65094.14,5000.0,3,17,3,7.24,0.0768118297591764,2023,4,16,6,1,1,0,0,0,0,1,0,0,0,0,0,0,1,0,0,1
57,10615.86,100.0,6,9,1,7.46,0.0094198680088094,2024,9,24,1,0,0,0,0,1,0,0,0,0,1,0,0,1,0,0,0,0
29,9657.59,2750.97,12,1,0,6.63,0.2848505683094851,2023,4,23,6,1,0,0,1,0,0,0,1,0,0,0,0,0,0,1,0,1
44,33183.54,5000.0,9,15,2,9.26,0.1506771128095435,2023,3,16,3,0,1,0,0,0,0,0,1,0,0,1,0,0,0,0,0,0
26,51308.44,5000.0,12,10,3,5.74,0.0974498542539979,2023,5,12,4,0,1,0,0,0,0,0,0,1,0,0,1,0,0,0,0,1
58,21034.41,5000.0,3,1,0,3.51,0.2377057402608392,2024,12,31,1,0,0,0,0,1,0,1,0,0,0,0,0,0,1,0,0,0
38,8913.99,3245.46,12,14,1,6.78,0.3640861163182817,2024,7,27,5,1,0,0,1,0,0,0,0,1,0,0,0,0,0,0,1,0
41,8687.73,2602.6,9,7,1,6.3,0.2995719250022733,2023,6,28,2,0,0,0,0,1,0,0,0,0,1,0,0,0,0,0,1,0
32,31377.72,5000.0,3,18,2,5.82,0.1593487353446968,2024,8,21,2,0,1,0,0,0,0,0,1,0,0,1,0,0,0,0,0,1
46,41720.37,5000.0,12,21,2,6.9,0.1198455334887969,2024,9,6,4,0,0,1,0,0,0,0,1,0,0,1,0,0,0,0,0,1
18,7114.91,2511.64,9,21,2,5.99,0.3530107900170205,2024,7,9,1,0,0,0,0,1,1,0,0,0,0,0,0,1,0,0,0,1
20,14005.29,4802.96,12,25,3,6.98,0.3429389894818315,2023,5,3,2,0,0,0,1,0,0,0,1,0,0,0,1,0,0,0,0,1
33,11129.26,1579.8,6,11,1,6.23,0.1419501386435396,2023,3,4,5,1,0,0,0,1,0,0,1,0,0,1,0,0,0,0,0,1
57,101851.29,5000.0,9,0,0,4.3,0.0490911798957087,2023,3,21,1,0,0,1,0,0,1,0,0,0,0,0,0,1,0,0,0,0
41,48231.84,5000.0,3,4,1,9.99,0.1036659600794827,2023,6,8,3,0,1,0,0,0,0,0,1,0,0,0,0,0,1,0,0,1
45,21981.71,5000.0,3,2,1,3.9,0.227461830767488,2023,3,2,3,0,0,0,1,0,0,0,0,1,0,0,0,0,1,0,0,0
39,7299.72,4389.48,12,15,1,9.39,0.601321694530749,2023,3,17,4,0,0,0,0,1,0,1,0,0,0,0,0,0,0,1,0,0
28,49790.19,5000.0,6,4,3,2.68,0.1004213882292877,2023,6,29,3,0,1,0,0,0,1,0,0,0,0,1,0,0,0,0,0,1
29,37138.23,5000.0,3,16,3,6.24,0.1346321566752104,2024,9,7,5,1,1,0,0,0,0,1,0,0,0,0,0,1,0,0,0,1
40,15987.21,5000.0,9,9,2,6.88,0.312750004534875,2024,9,22,6,1,0,0,1,0,0,1,0,0,0,0,1,0,0,0,0,0
43,79366.73,5000.0,6,4,0,2.89,0.0629986897532505,2023,5,9,1,0,0,1,0,0,0,0,0,1,0,0,1,0,0,0,0,0
39,6412.76,1615.73,6,6,1,4.28,0.2519554762691883,2024,8,18,6,1,0,0,1,0,0,0,1,0,0,1,0,0,0,0,0,0
29,50405.09,5000.0,6,1,0,1.75,0.0991963311641741,2023,6,21,2,0,0,1,0,0,0,0,1,0,0,0,0,1,0,0,0,1
45,45488.02,5000.0,3,0,0,4.39,0.109919051213924,2024,9,24,1,0,0,1,0,0,0,1,0,0,0,0,0,0,0,1,0,0
30,43372.05,5000.0,12,22,1,5.07,0.1152816156949002,2024,11,15,4,0,1,0,0,0,0,1,0,0,0,0,0,0,0,0,1,1
38,75582.75,5000.0,12,12,1,4.38,0.0661526604946234,2023,1,29,6,1,0,1,0,0,0,0,1,0,0,0,0,0,1,0,0,0
56,77998.06,5000.0,9,13,3,3.27,0.0641041584880444,2023,3,22,2,0,0,1,0,0,1,0,0,0,0,1,0,0,0,0,0,0
31,17712.82,5000.0,9,10,1,4.7,0.2822814210272559,2024,10,30,2,0,0,0,1,0,0,0,1,0,0,0,0,0,0,0,1,1
20,7022.17,1997.97,3,15,3,9.62,0.2845231602197041,2024,9,15,6,1,0,0,1,0,0,1,0,0,0,0,1,0,0,0,0,0
45,68614.05,5000.0,6,17,2,9.33,0.0728713725541634,2023,3,27,0,0,1,0,0,0,0,0,0,1,0,0,0,1,0,0,0,1
26,13413.57,4643.58,6,2,0,9.82,0.3461852437494269,2023,4,9,6,1,0,0,0,1,1,0,0,0,0,0,1,0,0,0,0,0
27,33182.99,5000.0,9,14,1,6.99,0.1506796102460929,2024,12,8,6,1,1,0,0,0,0,0,0,1,0,0,0,0,0,0,1,1
31,16250.11,5000.0,3,22,2,4.12,0.3076902248661701,2024,8,10,5,1,0,0,1,0,1,0,0,0,0,0,0,1,0,0,0,1
19,9616.25,228.82,6,1,0,1.88,0.0237951384375406,2023,3,13,0,0,0,0,0,1,0,0,0,1,0,0,0,0,0,1,0,0
33,40492.93,5000.0,9,6,1,9.99,0.1234783454790749,2024,10,24,3,0,0,1,0,0,0,0,0,0,1,1,0,0,0,0,0,0
33,77252.21,5000.0,12,0,0,4.5,0.0647230674695261,2023,2,11,5,1,1,0,0,0,0,0,1,0,0,0,0,0,0,1,0,0
54,47881.38,5000.0,12,24,2,1.43,0.104424726271465,2024,8,8,3,0,1,0,0,0,0,0,1,0,0,0,0,0,0,0,1,1
49,92573.06,5000.0,9,23,2,6.26,0.0540113938115473,2023,1,14,5,1,1,0,0,0,1,0,0,0,0,0,0,0,1,0,0,0
32,52533.04,100.0,6,0,0,8.28,0.0019035639285295,2024,7,3,2,0,1,0,0,0,0,0,0,1,0,0,1,0,0,0,0,1
31,72944.06,5000.0,12,20,1,1.94,0.0685456773313687,2024,8,15,3,0,0,1,0,0,0,0,0,0,1,0,0,0,1,0,0,0
31,12829.23,5000.0,6,22,1,3.42,0.3897350035816647,2024,8,15,3,0,0,0,1,0,0,0,0,0,1,0,0,1,0,0,0,1
42,6215.76,2580.46,12,8,2,8.33,0.4151479465101612,2023,5,1,0,0,0,0,0,1,1,0,0,0,0,0,0,0,1,0,0,1
21,7112.82,2157.31,3,5,0,2.06,0.3032988322493751,2024,11,18,0,0,0,0,0,1,0,0,1,0,0,0,0,0,0,0,1,1
28,46005.58,5000.0,9,3,0,7.84,0.1086824685179493,2024,8,11,6,1,1,0,0,0,0,1,0,0,0,0,0,0,0,1,0,1
40,38299.01,5000.0,12,11,1,8.63,0.1305516774454483,2024,9,26,3,0,1,0,0,0,0,1,0,0,0,0,1,0,0,0,0,0
35,65344.31,5000.0,3,0,0,3.36,0.0765177564810157,2024,7,11,3,0,1,0,0,0,0,0,0,1,0,1,0,0,0,0,0,0
21,10905.03,1055.09,3,16,1,3.85,0.0967525994884929,2024,7,7,6,1,0,0,0,1,1,0,0,0,0,0,1,0,0,0,0,1
23,22576.07,3866.72,9,2,0,7.28,0.1712751599370484,2024,12,23,0,0,0,1,0,0,0,1,0,0,0,1,0,0,0,0,0,1
23,32248.59,5000.0,3,15,1,6.24,0.1550455384250908,2023,2,20,0,0,1,0,0,0,0,0,0,0,1,1,0,0,0,0,0,0
38,5000.0,100.0,9,13,1,3.71,0.02,2023,1,19,3,0,0,0,0,1,0,0,0,0,1,0,0,0,1,0,0,0
55,7697.89,1461.67,9,13,1,4.91,0.18987930458866,2023,4,30,6,1,0,0,0,1,0,0,0,1,0,0,0,0,0,1,0,0
39,50272.83,5000.0,12,17,3,8.62,0.0994573012897821,2023,2,7,1,0,0,1,0,0,0,0,1,0,0,0,0,0,0,1,0,1
52,19956.04,5000.0,6,14,2,2.75,0.2505507104615945,2023,1,19,3,0,0,0,1,0,1,0,0,0,0,0,0,0,1,0,0,1
37,48974.23,5000.0,12,11,1,7.15,0.1020945097043894,2024,12,4,2,0,0,1,0,0,0,0,1,0,0,0,0,0,0,1,0,0
44,16097.01,3966.68,9,3,1,3.46,0.2464234040980281,2024,7,15,0,0,0,0,0,1,0,0,0,0,1,0,1,0,0,0,0,1
50,77441.54,5000.0,9,12,1,4.83,0.0645648317427571,2023,1,21,5,1,0,1,0,0,0,0,0,0,1,0,1,0,0,0,0,0
24,8670.3,2012.43,6,2,0,1.17,0.2321061554963496,2023,3,6,0,0,0,0,1,0,0,1,0,0,0,0,0,0,1,0,0,0
52,9823.74,357.45,6,16,3,4.91,0.036386345729834,2024,7,24,2,0,0,0,0,1,0,0,0,1,0,0,0,0,1,0,0,1
48,25009.4,4834.52,3,0,0,2.76,0.1933081161483282,2023,3,15,2,0,0,0,1,0,0,0,0,1,0,1,0,0,0,0,0,1
56,68529.5,5000.0,12,13,1,8.49,0.0729612794489964,2023,6,10,5,1,1,0,0,0,0,1,0,0,0,1,0,0,0,0,0,0
23,40443.3,5000.0,3,7,1,5.43,0.1236298719441786,2023,4,8,5,1,1,0,0,0,0,0,0,0,1,0,0,0,0,0,1,0
33,9556.27,100.0,12,0,0,4.24,0.0104643338875942,2024,8,15,3,0,0,1,0,0,0,0,1,0,0,0,0,0,0,1,0,0
28,15766.64,4728.68,3,11,2,5.13,0.2999167863286027,2024,8,4,6,1,0,0,1,0,1,0,0,0,0,0,0,0,0,0,1,1
33,14148.71,5000.0,9,9,1,2.87,0.3533891075582155,2023,5,30,1,0,0,0,1,0,1,0,0,0,0,1,0,0,0,0,0,1
42,12135.64,3917.52,3,12,1,7.26,0.3228111578787769,2023,6,23,4,0,0,0,0,1,0,1,0,0,0,0,0,1,0,0,0,1
20,5878.09,2890.99,6,18,2,3.67,0.4918247253784817,2023,6,9,4,0,0,0,0,1,1,0,0,0,0,0,0,0,0,1,0,1
52,17717.67,5000.0,9,0,0,3.56,0.2822041498684646,2024,12,28,5,1,0,0,1,0,0,0,0,0,1,0,0,0,0,1,0,1
22,13739.3,5000.0,12,15,1,3.7,0.3639195592206299,2023,1,4,2,0,0,0,1,0,0,0,0,1,0,0,0,1,0,0,0,0
30,7786.21,3524.09,6,13,1,3.32,0.4526065955066714,2024,12,5,3,0,0,0,1,0,0,1,0,0,0,0,1,0,0,0,0,1
55,47515.0,5000.0,9,12,1,7.6,0.1052299273913501,2023,2,14,1,0,1,0,0,0,0,0,0,0,1,0,0,0,1,0,0,1
43,73404.37,5000.0,12,0,0,5.42,0.0681158356103322,2023,1,7,5,1,0,1,0,0,0,1,0,0,0,0,1,0,0,0,0,0
56,12086.95,1151.51,12,0,0,2.02,0.0952688643537037,2023,3,9,3,0,0,0,0,1,0,0,1,0,0,0,1,0,0,0,0,1
26,18070.73,5000.0,12,2,0,4.66,0.2766905376816542,2024,7,31,2,0,0,0,0,1,0,1,0,0,0,1,0,0,0,0,0,0
41,24200.05,5000.0,3,8,1,3.1,0.2066111433654062,2024,10,19,5,1,0,0,1,0,0,0,0,0,1,0,1,0,0,0,0,0
24,60605.61,5000.0,12,0,0,7.6,0.0825006133920605,2024,9,8,6,1,0,0,0,1,0,0,0,0,1,1,0,0,0,0,0,0
18,47436.91,4848.83,3,16,4,7.94,0.1022163964727044,2023,6,26,0,0,0,1,0,0,0,0,0,1,0,0,0,0,1,0,0,1
45,43705.69,5000.0,6,0,0,5.01,0.114401580206147,2023,3,3,4,0,1,0,0,0,1,0,0,0,0,0,0,0,1,0,0,0
33,17560.6,3422.55,6,2,0,6.87,0.1948993770144528,2023,3,9,3,0,0,0,1,0,0,0,0,0,1,0,0,0,0,0,1,0
26,43936.46,2003.11,9,18,2,1.8,0.0455910649151069,2024,11,22,4,0,1,0,0,0,0,1,0,0,0,1,0,0,0,0,0,0
52,41724.95,5000.0,12,13,1,1.64,0.1198323784689975,2023,3,1,2,0,0,1,0,0,1,0,0,0,0,0,0,1,0,0,0,1
31,8777.29,3907.42,9,16,1,1.02,0.4451738520659565,2024,8,29,3,0,0,0,1,0,0,0,0,0,1,0,1,0,0,0,0,1
45,17853.82,5000.0,6,10,1,7.71,0.280052112097019,2023,3,13,0,0,0,0,1,0,0,0,0,1,0,0,1,0,0,0,0,0
23,14691.07,3454.48,9,16,1,1.38,0.2351414839082517,2023,2,2,3,0,1,0,0,0,0,0,0,1,0,0,1,0,0,0,0,0
48,8706.53,3263.38,3,19,1,8.58,0.3748198191472377,2023,4,8,5,1,0,0,1,0,0,1,0,0,0,0,0,0,1,0,0,1
26,49550.09,5000.0,9,3,0,9.39,0.1009079902781205,2024,11,12,1,0,1,0,0,0,1,0,0,0,0,0,0,0,0,0,1,0
29,15933.99,2163.63,6,1,0,7.46,0.135787081578437,2023,1,26,3,0,0,1,0,0,0,0,0,1,0,0,0,1,0,0,0,0
28,61817.01,5000.0,6,8,1,7.97,0.0808838861666069,2024,8,22,3,0,1,0,0,0,0,0,1,0,0,0,0,1,0,0,0,0
33,36863.12,2522.62,6,5,2,7.37,0.0684320806269246,2024,10,6,6,1,1,0,0,0,0,0,0,1,0,0,0,0,1,0,0,1
50,79008.55,5000.0,9,13,2,9.21,0.0632842901179682,2023,2,7,1,0,1,0,0,0,0,0,0,1,0,0,1,0,0,0,0,0
20,6601.32,1220.2,12,11,1,5.79,0.1848418195148849,2024,11,22,4,0,0,0,0,1,1,0,0,0,0,0,1,0,0,0,0,1
48,25710.34,5000.0,12,7,2,4.69,0.194474285443133,2024,10,22,1,0,1,0,0,0,1,0,0,0,0,0,0,0,0,1,0,1
49,11802.5,3994.4,12,9,2,2.15,0.3384367718703664,2024,11,30,5,1,0,0,0,1,0,0,0,0,1,0,1,0,0,0,0,0
54,83817.52,5000.0,12,4,0,1.13,0.0596533994324814,2024,10,5,5,1,0,1,0,0,0,0,1,0,0,0,0,0,1,0,0,0
33,38438.76,2771.36,6,0,0,2.64,0.0720980593546722,2023,1,18,2,0,0,1,0,0,1,0,0,0,0,0,0,0,1,0,0,1
49,61430.5,5000.0,9,16,2,6.9,0.0813927934820651,2023,5,10,2,0,1,0,0,0,0,1,0,0,0,0,0,0,1,0,0,0
38,8093.7,3088.95,3,8,1,7.76,0.3816486897216353,2024,12,16,0,0,0,0,0,1,0,0,1,0,0,0,0,0,0,1,0,1
53,21322.23,1532.25,12,4,0,9.72,0.071861620477783,2024,7,21,6,1,0,0,1,0,0,1,0,0,0,0,1,0,0,0,0,1
43,24276.26,4535.31,3,3,0,6.3,0.1868207870569849,2024,7,18,3,0,0,0,1,0,0,0,1,0,0,0,1,0,0,0,0,0
29,90597.45,5000.0,9,10,2,1.82,0.0551891913072608,2024,10,17,3,0,0,1,0,0,1,0,0,0,0,0,0,0,0,0,1,0
34,68188.66,5000.0,9,4,0,1.03,0.0733259753161302,2024,10,31,3,0,1,0,0,0,0,1,0,0,0,0,0,0,0,1,0,0
46,81052.68,5000.0,12,6,1,7.8,0.061688274835576,2023,4,4,1,0,1,0,0,0,0,0,0,0,1,1,0,0,0,0,0,0
57,10758.74,3305.67,3,2,0,1.4,0.3072543810892353,2023,5,17,2,0,0,0,0,1,0,0,0,1,0,0,0,0,1,0,0,0
49,60961.77,5000.0,6,6,1,8.74,0.0820186159292947,2023,6,3,5,1,1,0,0,0,0,0,0,0,1,0,0,0,0,0,1,0
53,27684.69,5000.0,6,4,0,3.56,0.1806052370461796,2024,11,22,4,0,0,0,1,0,1,0,0,0,0,0,0,0,1,0,0,1
21,29657.9,5000.0,3,5,1,7.4,0.1685891448821393,2024,10,25,4,0,1,0,0,0,0,0,0,0,1,0,0,0,0,0,1,0
32,83917.97,5000.0,12,6,0,9.33,0.0595819941783625,2023,3,5,6,1,0,1,0,0,0,0,0,1,0,1,0,0,0,0,0,0
35,15043.81,4845.96,12,13,1,3.31,0.3221231855494054,2024,10,25,4,0,0,0,1,0,0,0,0,1,0,0,0,1,0,0,0,1
48,95119.75,5000.0,12,0,0,7.7,0.0525653189794969,2023,6,7,2,0,0,1,0,0,0,0,1,0,0,0,0,0,0,1,0,0
30,46696.54,5000.0,3,4,0,5.56,0.1070743142853838,2023,4,22,5,1,1,0,0,0,0,1,0,0,0,0,0,0,0,0,1,0
28,58883.42,5000.0,9,0,0,9.11,0.0849135461221512,2023,6,15,3,0,0,1,0,0,0,0,1,0,0,0,1,0,0,0,0,1
35,12882.47,4808.84,12,9,1,3.32,0.3732855578161642,2023,6,15,3,0,0,0,0,1,0,1,0,0,0,0,1,0,0,0,0,0
35,47479.17,5000.0,3,1,1,4.88,0.1053093388111039,2023,4,5,2,0,1,0,0,0,0,0,0,1,0,0,0,0,0,1,0,0
32,61346.86,5000.0,9,12,1,8.16,0.0815037640068293,2023,1,2,0,0,0,1,0,0,1,0,0,0,0,0,0,1,0,0,0,0
58,32476.3,5000.0,6,10,1,5.7,0.1539584250668949,2024,9,18,2,0,1,0,0,0,0,1,0,0,0,0,1,0,0,0,0,0
24,7574.12,3076.96,6,16,2,4.84,0.4062465342508436,2023,1,16,0,0,0,0,1,0,1,0,0,0,0,0,0,1,0,0,0,1
56,41302.27,5000.0,3,19,1,6.57,0.1210587214697884,2023,5,11,3,0,1,0,0,0,1,0,0,0,0,0,0,0,1,0,0,1
21,10850.31,3230.85,12,1,0,4.09,0.2977656859573597,2023,3,4,5,1,0,0,1,0,0,1,0,0,0,0,0,0,0,1,0,1
59,30040.84,5000.0,12,10,1,4.54,0.1664400862292798,2023,6,13,1,0,0,1,0,0,0,1,0,0,0,0,0,0,0,0,1,1
59,56325.8,5000.0,9,19,2,7.73,0.0887692673694825,2023,5,8,0,0,0,1,0,0,1,0,0,0,0,0,1,0,0,0,0,0
35,60287.07,5000.0,9,11,3,8.71,0.082936523536473,2023,2,8,2,0,1,0,0,0,0,0,0,0,1,0,0,0,1,0,0,0
35,36136.43,5000.0,6,0,0,2.32,0.138364525770808,2023,2,12,6,1,1,0,0,0,0,0,1,0,0,0,0,0,1,0,0,0
19,5614.31,3000.89,9,15,3,4.37,0.5345073570928573,2023,5,5,4,0,0,0,1,0,1,0,0,0,0,1,0,0,0,0,0,1
29,47583.03,5000.0,6,9,2,4.79,0.1050794789655051,2023,6,12,0,0,1,0,0,0,0,0,1,0,0,0,0,0,0,0,1,0
27,12993.44,1667.01,6,15,1,3.49,0.1282962787375783,2023,5,29,0,0,0,0,0,1,0,0,0,1,0,0,1,0,0,0,0,0
30,36928.1,4252.56,12,19,1,5.93,0.1151578337363688,2024,11,22,4,0,0,1,0,0,0,0,0,1,0,0,0,1,0,0,0,1
49,6656.54,696.42,9,1,0,5.99,0.1046219206975395,2024,10,17,3,0,0,0,0,1,0,0,0,0,1,0,0,0,1,0,0,1
50,11975.75,1234.26,9,0,0,3.45,0.1030632736989332,2023,1,8,6,1,0,0,1,0,0,0,1,0,0,0,0,0,0,1,0,0
28,54149.02,5000.0,12,1,0,6.58,0.0923377745340543,2023,3,18,5,1,1,0,0,0,0,0,0,0,1,0,0,0,0,1,0,0
50,84782.89,5000.0,12,5,0,6.62,0.0589741633011094,2023,4,9,6,1,1,0,0,0,0,0,1,0,0,0,0,0,1,0,0,0
41,8290.1,1827.15,6,9,1,6.87,0.2204014426846479,2023,3,7,1,0,0,0,0,1,0,0,1,0,0,0,0,0,0,0,1,1
26,59710.42,5000.0,12,13,3,2.18,0.0837374783161799,2024,8,26,0,0,0,1,0,0,0,0,0,1,0,0,1,0,0,0,0,1
25,25233.42,5000.0,12,17,1,1.15,0.1981499138840474,2024,12,4,2,0,1,0,0,0,0,0,0,0,1,0,0,0,0,0,1,0
43,71740.48,5000.0,6,2,0,1.06,0.0696956585737926,2024,11,11,0,0,0,1,0,0,1,0,0,0,0,0,0,0,0,1,0,0
19,8183.56,1699.56,3,9,1,7.45,0.207679787280841,2023,3,25,5,1,0,0,0,1,0,1,0,0,0,0,0,1,0,0,0,0
33,17342.64,4722.23,9,3,0,6.99,0.2722901472901473,2023,4,20,3,0,1,0,0,0,0,0,0,1,0,0,1,0,0,0,0,0
30,48637.69,5000.0,3,14,1,9.45,0.1028009348305809,2023,4,6,3,0,1,0,0,0,0,1,0,0,0,0,0,0,1,0,0,0
26,103880.87,5000.0,3,20,2,4.84,0.0481320574230847,2024,8,12,0,0,0,1,0,0,1,0,0,0,0,0,0,1,0,0,0,0
35,5977.95,2143.26,12,1,0,7.22,0.3585275888891677,2023,6,19,0,0,0,0,0,1,0,0,1,0,0,0,0,1,0,0,0,0
54,44336.4,5000.0,12,1,0,9.24,0.1127741539682969,2024,12,18,2,0,1,0,0,0,0,1,0,0,0,0,0,0,1,0,0,0
36,11034.73,2893.48,6,5,0,3.28,0.2622157497283576,2024,11,10,6,1,0,0,0,1,0,0,0,0,1,0,0,0,0,1,0,1
58,11854.36,5000.0,6,16,3,6.77,0.4217857395928586,2024,11,24,6,1,0,0,1,0,0,0,0,0,1,0,0,0,1,0,0,1
21,44835.54,5000.0,9,8,1,9.32,0.1115186746942269,2023,3,31,4,0,0,1,0,0,0,1,0,0,0,1,0,0,0,0,0,0
19,55458.27,5000.0,12,1,0,1.89,0.0901578790683517,2023,6,2,4,0,0,1,0,0,1,0,0,0,0,0,0,0,1,0,0,0
47,64422.54,5000.0,9,9,1,9.72,0.0776125871472934,2023,5,30,1,0,0,1,0,0,0,1,0,0,0,0,0,0,0,0,1,0
40,44339.81,5000.0,6,0,0,1.91,0.1127654809526698,2023,1,11,2,0,1,0,0,0,1,0,0,0,0,0,0,0,0,0,1,1
41,68231.62,5000.0,12,0,0,1.52,0.0732798078075824,2023,1,20,4,0,1,0,0,0,0,0,0,1,0,0,0,0,0,0,1,0
26,47348.33,5000.0,3,21,2,6.9,0.1056003453553694,2023,4,1,5,1,0,1,0,0,0,0,0,0,1,0,1,0,0,0,0,0
34,11529.23,3139.93,3,0,0,7.58,0.2723451609517721,2024,9,18,2,0,0,0,0,1,0,0,0,0,1,0,0,0,1,0,0,1
46,81418.77,5000.0,6,0,0,8.96,0.0614109007050831,2024,10,14,0,0,1,0,0,0,1,0,0,0,0,0,1,0,0,0,0,0
43,73756.54,5000.0,6,6,0,3.9,0.0677905986370835,2024,11,21,3,0,1,0,0,0,0,0,0,1,0,1,0,0,0,0,0,0
22,40587.43,5000.0,3,0,0,8.54,0.1231908499749799,2024,12,25,2,0,0,1,0,0,1,0,0,0,0,0,0,0,0,0,1,0
26,14162.06,4661.02,6,0,0,2.87,0.3291201986151733,2024,9,2,0,0,0,0,1,0,1,0,0,0,0,0,1,0,0,0,0,0
39,12368.9,3648.99,3,9,2,3.97,0.2950132994849986,2024,10,4,4,0,0,0,0,1,0,0,1,0,0,0,0,0,0,1,0,1
29,82339.4,5000.0,3,11,1,7.19,0.0607242705193382,2023,1,13,4,0,0,1,0,0,1,0,0,0,0,0,1,0,0,0,0,0
57,67707.2,5000.0,6,2,0,6.1,0.07384738993785,2023,6,5,0,0,0,1,0,0,0,0,0,0,1,0,0,1,0,0,0,0
48,15180.04,5000.0,6,3,0,9.7,0.3293798962321574,2023,3,16,3,0,0,0,0,1,0,0,0,1,0,1,0,0,0,0,0,1
36,14127.27,2157.02,3,2,0,1.12,0.1526848428606517,2024,8,28,2,0,0,0,0,1,0,0,1,0,0,0,0,1,0,0,0,1
20,10809.44,100.0,12,0,0,2.92,0.0092511730487425,2023,1,4,2,0,0,0,1,0,1,0,0,0,0,0,0,1,0,0,0,0
49,12535.85,3025.7,12,0,0,6.0,0.2413637687113358,2024,11,28,3,0,0,0,0,1,0,0,0,0,1,1,0,0,0,0,0,1
41,55299.16,5000.0,9,14,2,2.77,0.0904172866278619,2023,4,12,2,0,0,1,0,0,0,0,1,0,0,0,0,0,1,0,0,0
29,10044.83,3346.08,9,2,0,4.62,0.3331146470373316,2023,3,19,6,1,0,0,0,1,1,0,0,0,0,0,0,0,0,0,1,1
39,6301.42,1567.67,12,15,2,9.0,0.2487804336165499,2023,2,16,3,0,0,0,0,1,0,1,0,0,0,1,0,0,0,0,0,1
46,13266.86,5000.0,9,16,2,6.71,0.3768789299050415,2023,2,2,3,0,0,0,0,1,0,0,1,0,0,0,0,1,0,0,0,1
51,7547.63,3285.86,3,9,1,9.3,0.4353499045395707,2023,6,18,6,1,0,0,0,1,0,0,0,0,1,0,0,1,0,0,0,1
29,71627.42,5000.0,6,0,0,1.14,0.0698056693930899,2024,8,16,4,0,0,1,0,0,0,0,0,1,0,0,0,0,0,1,0,0
33,32134.38,5000.0,3,3,0,2.51,0.1555965915633038,2023,2,17,4,0,0,1,0,0,0,0,1,0,0,0,0,0,0,1,0,1
23,7662.15,1881.1,12,11,1,1.42,0.2455055043297246,2024,8,18,6,1,0,0,1,0,0,0,0,0,1,0,1,0,0,0,0,1
40,68822.18,5000.0,12,9,1,3.47,0.0726509971058748,2024,9,10,1,0,1,0,0,0,0,0,0,0,1,1,0,0,0,0,0,0
44,70273.31,5000.0,6,13,1,7.76,0.071150768335802,2024,10,2,2,0,0,1,0,0,1,0,0,0,0,0,0,0,0,0,1,0
25,52392.8,5000.0,3,2,0,1.34,0.0954329602540807,2023,1,31,1,0,0,1,0,0,0,0,0,0,1,0,0,0,1,0,0,1
40,6089.58,2126.03,12,3,0,2.1,0.3491258838869019,2023,6,22,3,0,0,0,1,0,0,0,0,1,0,0,0,0,0,0,1,0
34,18805.68,4555.0,3,5,0,1.61,0.2422140544771579,2024,8,22,3,0,0,0,0,1,0,0,0,0,1,0,0,1,0,0,0,1
45,69315.79,5000.0,12,19,2,6.68,0.0721336365061986,2024,7,26,4,0,1,0,0,0,0,0,1,0,0,0,0,0,0,0,1,1
18,62052.9,5000.0,12,5,1,2.31,0.0805764114167105,2024,12,28,5,1,0,1,0,0,1,0,0,0,0,1,0,0,0,0,0,0
38,11733.92,881.84,9,2,0,3.15,0.0751530605287917,2023,5,27,5,1,0,0,0,1,0,0,0,0,1,0,0,0,0,0,1,1
50,56904.73,5000.0,3,7,1,1.2,0.0878661580504819,2023,1,11,2,0,0,1,0,0,0,1,0,0,0,0,0,0,0,1,0,0
57,15364.52,4568.05,9,10,1,4.36,0.2973115984098429,2024,10,20,6,1,0,0,0,1,0,0,1,0,0,0,1,0,0,0,0,0
31,9104.75,4279.47,12,11,2,6.07,0.4700260852851534,2023,2,23,3,0,0,0,0,1,0,1,0,0,0,0,0,0,0,1,0,0
20,5508.74,2077.78,3,5,0,6.94,0.3771788103994743,2023,4,21,4,0,0,0,0,1,1,0,0,0,0,0,1,0,0,0,0,0
28,13310.23,2609.33,3,13,2,9.08,0.1960394373350422,2023,4,24,0,0,0,0,0,1,0,0,0,1,0,0,0,1,0,0,0,1
59,58233.56,5000.0,12,0,0,6.11,0.0858611426126103,2024,11,16,5,1,0,1,0,0,0,0,0,1,0,0,0,1,0,0,0,0
50,16376.77,3903.6,6,0,0,8.84,0.2383620213265497,2024,11,8,4,0,0,0,1,0,0,0,1,0,0,0,0,1,0,0,0,0
39,18971.83,5000.0,9,4,0,5.67,0.2635486402735002,2023,4,27,3,0,0,0,1,0,0,1,0,0,0,0,0,0,0,0,1,0
53,49206.83,5000.0,6,3,0,5.13,0.1016119103791079,2024,7,11,3,0,0,1,0,0,0,1,0,0,0,0,0,1,0,0,0,0
39,96592.4,5000.0,3,4,1,5.51,0.0517639068912254,2023,3,15,2,0,0,1,0,0,0,0,0,1,0,1,0,0,0,0,0,0
50,22897.21,5000.0,3,0,0,5.21,0.2183672159184459,2024,9,28,5,1,0,0,1,0,0,0,0,1,0,0,0,1,0,0,0,1
51,47854.69,5000.0,12,10,1,3.91,0.1044829670822232,2024,10,14,0,0,0,1,0,0,0,0,0,1,0,0,0,0,1,0,0,1
54,51607.01,5000.0,12,23,1,2.25,0.096886062571732,2024,11,10,6,1,1,0,0,0,0,0,0,0,1,0,1,0,0,0,0,0
18,5000.0,100.0,6,10,1,5.46,0.02,2024,10,12,5,1,0,0,0,1,0,0,0,0,1,0,0,0,0,0,1,0
43,15815.95,5000.0,12,0,0,7.15,0.3161365583477439,2023,3,3,4,0,0,0,1,0,0,0,1,0,0,0,0,0,1,0,0,0
32,6327.58,2188.24,6,13,1,6.97,0.345825734324971,2023,5,27,5,1,0,0,0,1,0,0,1,0,0,0,0,0,0,1,0,1
39,9843.5,2625.7,9,18,2,6.5,0.2667445522425966,2024,10,31,3,0,0,0,0,1,0,1,0,0,0,0,0,0,0,1,0,1
50,79940.98,5000.0,9,14,1,8.97,0.0625461434173061,2024,7,12,4,0,1,0,0,0,0,0,0,0,1,0,1,0,0,0,0,0
43,66336.48,5000.0,3,20,1,1.19,0.0753733089244409,2024,10,19,5,1,1,0,0,0,0,1,0,0,0,0,0,0,0,1,0,0
22,45430.45,5000.0,12,2,0,7.9,0.1100583419270555,2023,1,10,1,0,1,0,0,0,0,0,0,0,1,0,0,1,0,0,0,0
32,9689.97,3450.69,6,2,0,1.61,0.3561094616392001,2024,11,12,1,0,0,0,0,1,0,0,0,0,1,0,1,0,0,0,0,0
52,6929.51,2165.97,9,15,3,3.48,0.3125718845921284,2023,2,27,0,0,0,0,0,1,0,0,1,0,0,0,0,0,1,0,0,1
32,52301.72,2269.64,3,0,0,2.03,0.0433951311735063,2024,10,3,3,0,1,0,0,0,0,0,0,1,0,0,0,0,0,0,1,0
20,63059.31,5000.0,12,0,0,4.28,0.0792904330859313,2023,4,16,6,1,0,1,0,0,0,1,0,0,0,0,0,1,0,0,0,0
39,30445.9,5000.0,3,9,2,1.7,0.1642257249744629,2024,8,10,5,1,1,0,0,0,0,0,0,1,0,1,0,0,0,0,0,1
32,21953.87,5000.0,12,9,1,3.25,0.2277502781969648,2023,1,31,1,0,1,0,0,0,0,0,0,0,1,0,0,0,0,1,0,0
43,57000.1,5000.0,3,3,0,1.91,0.0877191443523783,2024,12,25,2,0,1,0,0,0,1,0,0,0,0,0,1,0,0,0,0,0
24,39945.89,5000.0,3,14,1,2.9,0.1251693228014196,2024,11,25,0,0,1,0,0,0,0,1,0,0,0,1,0,0,0,0,0,0
49,20059.2,5000.0,9,2,0,3.25,0.2492621839355507,2024,8,20,1,0,0,1,0,0,0,0,0,0,1,1,0,0,0,0,0,0
23,63417.55,5000.0,9,0,0,9.03,0.0788425286060404,2023,1,12,3,0,0,1,0,0,0,0,1,0,0,1,0,0,0,0,0,0
44,19622.35,5000.0,3,12,1,7.29,0.2548114777282028,2023,5,6,5,1,0,0,0,1,0,1,0,0,0,0,0,0,0,0,1,0
42,56038.14,2054.93,12,9,1,6.31,0.0366702035435151,2023,6,30,4,0,0,1,0,0,0,0,0,1,0,0,1,0,0,0,0,0
29,44053.22,5000.0,12,20,2,7.42,0.1134990813384356,2024,10,12,5,1,0,1,0,0,0,0,0,1,0,0,0,0,0,1,0,1
26,54712.57,5000.0,3,8,2,8.05,0.0913866776866815,2023,3,3,4,0,0,1,0,0,0,1,0,0,0,0,0,0,0,1,0,0
20,28136.22,2279.8,6,6,1,5.14,0.0810272310921652,2024,9,4,2,0,1,0,0,0,0,0,0,0,1,1,0,0,0,0,0,1
56,86577.73,5000.0,9,9,1,4.72,0.05775157191116,2023,2,18,5,1,1,0,0,0,0,0,0,1,0,0,0,0,1,0,0,0
50,9250.79,3836.92,12,17,1,2.96,0.4147667388406827,2023,2,15,2,0,0,0,1,0,0,1,0,0,0,0,1,0,0,0,0,1
18,8052.38,4049.7,9,14,2,8.89,0.50291963369836,2023,2,1,2,0,0,0,1,0,0,0,1,0,0,0,1,0,0,0,0,0
38,58789.26,5000.0,12,19,1,4.93,0.0850495481657704,2024,7,27,5,1,1,0,0,0,0,1,0,0,0,0,0,0,1,0,0,1
27,52063.49,5000.0,12,2,0,7.28,0.0960365891721818,2024,8,17,5,1,0,1,0,0,0,0,0,1,0,0,0,0,1,0,0,0
46,14601.91,100.0,9,7,1,7.55,0.0068484191451666,2023,1,1,6,1,0,0,1,0,1,0,0,0,0,0,0,0,0,1,0,1
55,77698.02,5000.0,12,1,0,3.19,0.0643517042004416,2023,3,23,3,0,0,1,0,0,0,0,1,0,0,0,0,0,0,0,1,0
21,5000.0,2403.72,12,8,1,8.12,0.4807439999999999,2024,9,21,5,1,0,0,0,1,1,0,0,0,0,0,0,0,0,0,1,1
42,13451.7,3411.43,9,18,1,3.83,0.2536058639428473,2024,8,17,5,1,0,0,1,0,0,0,1,0,0,0,0,1,0,0,0,1
35,54012.76,5000.0,6,8,1,9.17,0.0925707184746715,2023,3,31,4,0,1,0,0,0,0,1,0,0,0,0,0,1,0,0,0,1
23,48216.58,5000.0,12,2,0,6.56,0.1036987691785688,2024,12,16,0,0,0,1,0,0,0,0,0,1,0,0,1,0,0,0,0,0
51,74960.07,5000.0,6,9,1,5.89,0.0667021789067165,2023,5,18,3,0,1,0,0,0,0,1,0,0,0,0,0,1,0,0,0,0
50,94184.02,5000.0,9,6,1,9.89,0.0530875619876917,2023,4,21,4,0,0,1,0,0,0,0,0,1,0,1,0,0,0,0,0,0
25,84389.48,5000.0,3,0,0,4.65,0.0592490912374386,2024,12,16,0,0,0,1,0,0,0,1,0,0,0,0,0,0,0,1,0,0
58,16785.65,5000.0,3,0,0,6.92,0.2978734812175876,2023,6,19,0,0,0,0,1,0,0,0,1,0,0,0,0,0,0,0,1,0
50,76799.62,5000.0,12,14,2,5.84,0.0651044887982518,2023,2,11,5,1,1,0,0,0,1,0,0,0,0,0,0,0,0,1,0,0
21,29100.85,5000.0,12,1,0,2.38,0.1718162871531244,2024,10,30,2,0,1,0,0,0,0,0,1,0,0,0,0,0,0,1,0,1
34,80368.81,5000.0,3,6,0,8.85,0.0622131894201245,2023,2,8,2,0,1,0,0,0,0,0,0,0,1,0,0,0,0,0,1,0
35,14055.23,3584.41,6,17,2,7.2,0.2550232191148775,2023,3,22,2,0,0,0,0,1,1,0,0,0,0,1,0,0,0,0,0,1
49,53432.01,5000.0,12,8,1,3.04,0.0935768652536185,2024,12,20,4,0,1,0,0,0,0,0,1,0,0,0,0,0,0,0,1,0
33,13461.82,2804.73,3,0,0,2.7,0.2083470139995929,2023,6,4,6,1,0,0,1,0,0,0,1,0,0,0,0,1,0,0,0,0
24,7408.54,841.01,3,0,0,8.42,0.1135189929459785,2024,10,12,5,1,0,0,0,1,0,1,0,0,0,0,1,0,0,0,0,1
57,11671.38,100.0,3,20,3,5.43,0.008567967112715,2023,1,30,0,0,0,0,0,1,0,0,1,0,0,1,0,0,0,0,0,0
33,47064.0,5000.0,12,16,1,7.04,0.1062383137854836,2024,8,19,0,0,1,0,0,0,0,1,0,0,0,1,0,0,0,0,0,0
53,12593.28,4560.6,9,3,0,1.56,0.362145525232505,2023,1,13,4,0,0,0,1,0,0,0,1,0,0,0,0,0,0,0,1,0
53,64211.54,5000.0,9,0,0,9.67,0.077867623171785,2024,8,12,0,0,0,1,0,0,0,1,0,0,0,0,0,0,0,1,0,0
56,57862.4,5000.0,6,4,0,1.43,0.0864119013383475,2024,9,13,4,0,1,0,0,0,0,0,1,0,0,1,0,0,0,0,0,0
37,8174.85,371.78,12,4,0,8.5,0.0454785103090576,2023,5,8,0,0,0,0,1,0,0,0,0,0,1,0,0,1,0,0,0,1
54,57863.37,100.0,12,16,1,5.05,0.0017282090552278,2023,4,25,1,0,1,0,0,0,1,0,0,0,0,0,0,0,1,0,0,1
28,64281.29,5000.0,6,2,0,6.81,0.0777831309857036,2023,3,15,2,0,0,1,0,0,1,0,0,0,0,0,1,0,0,0,0,0
18,13069.24,3011.89,12,11,1,2.05,0.2304563999130783,2023,3,26,6,1,0,0,1,0,0,0,1,0,0,0,1,0,0,0,0,1
22,10957.6,5000.0,6,14,2,3.47,0.4563043002117252,2024,12,11,2,0,0,0,1,0,1,0,0,0,0,1,0,0,0,0,0,1
47,20868.12,4400.07,9,8,1,5.08,0.2108512889517599,2023,6,6,1,0,0,0,0,1,0,0,0,0,1,0,0,0,0,0,1,0
40,100649.51,5000.0,3,6,1,4.47,0.0496773407043909,2024,7,19,4,0,1,0,0,0,0,1,0,0,0,0,0,1,0,0,0,0
32,12111.49,1887.11,6,12,2,5.84,0.1558115475469987,2024,11,10,6,1,0,0,0,1,0,1,0,0,0,0,0,0,1,0,0,1
43,10995.42,2084.32,6,22,2,6.76,0.1895625633218194,2023,6,6,1,0,0,0,1,0,0,0,0,0,1,0,0,1,0,0,0,1
50,84601.96,5000.0,6,13,1,9.9,0.0591002856198603,2023,4,3,0,0,1,0,0,0,0,0,0,0,1,0,1,0,0,0,0,0
28,81187.32,5000.0,9,0,0,8.08,0.0615859717995371,2023,3,31,4,0,0,1,0,0,0,0,0,0,1,0,0,1,0,0,0,0
31,38460.37,5000.0,3,16,1,3.81,0.1300039495199864,2023,6,9,4,0,1,0,0,0,0,1,0,0,0,0,1,0,0,0,0,0
39,46579.4,5000.0,9,16,1,6.16,0.1073435896555129,2023,4,17,0,0,0,1,0,0,0,1,0,0,0,0,0,0,1,0,0,1
42,78157.15,5000.0,3,12,1,6.42,0.0639736735538591,2023,4,10,0,0,0,1,0,0,0,0,0,1,0,0,0,0,0,0,1,0
20,31795.0,5000.0,12,9,1,4.6,0.157257430413587,2023,6,22,3,0,1,0,0,0,0,0,1,0,0,0,0,0,0,1,0,1
35,61223.36,5000.0,9,0,0,4.89,0.0816681737166989,2024,7,22,0,0,0,1,0,0,0,1,0,0,0,0,0,0,0,0,1,0
55,11007.89,5000.0,6,12,1,7.88,0.4542196551746066,2024,11,5,1,0,0,0,1,0,0,0,0,0,1,0,0,0,1,0,0,0
21,7824.68,2312.66,6,11,1,4.8,0.2955596906199358,2023,1,2,0,0,0,0,0,1,0,0,1,0,0,0,0,0,0,1,0,0
37,14777.78,5000.0,9,0,0,6.91,0.3383458137825844,2023,1,13,4,0,0,0,1,0,1,0,0,0,0,0,0,0,0,1,0,0
40,55470.24,5000.0,6,13,1,8.53,0.0901384237746222,2024,7,27,5,1,0,1,0,0,0,0,0,0,1,0,0,1,0,0,0,0
21,76284.59,5000.0,12,6,1,5.26,0.0655440371377758,2023,1,27,4,0,0,1,0,0,0,0,1,0,0,1,0,0,0,0,0,0
50,13114.82,1540.62,3,4,0,1.16,0.1174716847047843,2023,6,27,1,0,0,0,0,1,0,0,0,0,1,0,0,0,1,0,0,0
35,26331.64,2279.38,6,3,0,1.08,0.0865643005904683,2023,1,25,2,0,0,0,1,0,0,1,0,0,0,0,0,0,0,0,1,1
50,15431.74,1814.92,3,12,3,3.81,0.1176095501868227,2024,7,29,0,0,0,0,0,1,0,0,0,0,1,0,1,0,0,0,0,1
46,8140.13,1327.46,6,3,1,6.59,0.1630760196704475,2024,9,25,2,0,0,0,0,1,0,1,0,0,0,0,0,0,1,0,0,0
29,16992.07,5000.0,9,17,2,7.33,0.2942549083189982,2024,11,28,3,0,0,0,1,0,0,0,0,0,1,0,0,0,1,0,0,0
36,15015.36,1801.67,12,0,0,9.54,0.1199884651450248,2023,5,14,6,1,0,0,0,1,0,0,0,0,1,1,0,0,0,0,0,1
24,8138.23,4226.76,9,0,1,9.01,0.519370919720873,2024,7,31,2,0,0,0,1,0,0,1,0,0,0,0,0,1,0,0,0,0
53,7438.41,2358.69,9,0,0,4.32,0.3170959922886746,2024,8,29,3,0,0,0,0,1,0,1,0,0,0,0,1,0,0,0,0,0
46,5000.0,1691.76,9,0,0,5.76,0.338352,2024,10,6,6,1,0,1,0,0,0,1,0,0,0,0,0,1,0,0,0,0
18,47884.03,5000.0,6,14,1,2.06,0.1044189471938765,2024,10,31,3,0,1,0,0,0,0,0,0,0,1,0,0,0,0,1,0,1
50,24997.1,4961.0,12,0,0,9.97,0.1984630217105184,2024,7,11,3,0,0,0,1,0,0,0,0,1,0,0,1,0,0,0,0,0
25,76543.21,5000.0,9,4,0,6.65,0.0653225805398022,2024,8,1,3,0,0,1,0,0,0,0,0,0,1,0,0,0,1,0,0,0
58,16755.23,3446.38,9,6,1,3.94,0.2056898055114731,2024,12,16,0,0,0,0,0,1,0,0,0,1,0,0,0,0,0,0,1,0
50,9588.86,3552.87,3,6,1,8.52,0.3705205832601581,2023,1,19,3,0,0,0,1,0,0,1,0,0,0,0,0,0,0,0,1,0
26,103868.99,5000.0,6,1,0,4.02,0.0481375625198627,2023,2,9,3,0,0,1,0,0,1,0,0,0,0,0,0,0,0,1,0,0
59,49706.31,5000.0,9,0,0,7.27,0.1005908505378894,2024,10,25,4,0,0,1,0,0,0,1,0,0,0,0,0,1,0,0,0,1
22,19445.19,2596.22,12,18,2,9.0,0.133514766376672,2024,11,11,0,0,1,0,0,0,0,0,0,0,1,0,0,0,0,1,0,1
49,39022.29,5000.0,6,7,1,1.87,0.1281318958984723,2024,7,29,0,0,1,0,0,0,0,0,0,0,1,0,1,0,0,0,0,1
34,62977.03,5000.0,12,11,1,6.71,0.0793940266792511,2023,5,21,6,1,0,1,0,0,0,1,0,0,0,0,0,1,0,0,0,0
31,8489.48,2738.15,3,21,3,6.43,0.3225344779656705,2024,8,14,2,0,0,0,1,0,1,0,0,0,0,0,0,0,1,0,0,1
33,21078.27,100.0,6,1,0,6.36,0.0047442223673954,2024,9,4,2,0,0,0,1,0,0,1,0,0,0,0,1,0,0,0,0,1
54,58961.93,5000.0,3,18,2,9.91,0.0848004805812835,2024,7,11,3,0,1,0,0,0,1,0,0,0,0,0,0,0,1,0,0,0
54,9126.03,3156.96,6,11,1,8.84,0.3459291718304673,2024,7,30,1,0,0,0,0,1,0,1,0,0,0,0,0,1,0,0,0,0
41,17048.05,5000.0,12,13,1,7.63,0.2932886752443828,2024,12,27,4,0,0,0,1,0,0,1,0,0,0,0,1,0,0,0,0,0
28,12147.4,2322.21,3,17,1,6.02,0.1911693037193144,2024,8,31,5,1,0,0,0,1,0,0,1,0,0,1,0,0,0,0,0,1
49,19763.65,3210.01,9,0,0,7.91,0.1624198971343856,2024,8,31,5,1,0,0,1,0,0,1,0,0,0,0,1,0,0,0,0,0
23,39230.84,5000.0,12,3,0,5.84,0.1274507504809991,2023,1,18,2,0,1,0,0,0,0,1,0,0,0,0,0,0,0,1,0,1
41,25542.51,3540.29,12,7,1,9.22,0.1386038412043296,2024,9,3,1,0,0,0,1,0,0,0,0,1,0,0,0,1,0,0,0,0
55,23571.63,5000.0,3,3,0,7.72,0.2121193994645257,2024,11,6,2,0,0,0,1,0,1,0,0,0,0,0,1,0,0,0,0,1
30,53775.06,5000.0,6,15,3,8.51,0.0929799055547311,2024,9,22,6,1,0,1,0,0,0,1,0,0,0,0,0,0,0,1,0,1
51,53348.28,5000.0,6,7,1,3.93,0.0937237339235679,2024,7,31,2,0,0,1,0,0,0,0,0,1,0,0,0,0,0,0,1,0
28,87311.52,5000.0,9,3,0,8.88,0.0572662118355057,2023,4,24,0,0,0,1,0,0,0,0,0,1,0,0,1,0,0,0,0,0
41,13033.76,633.3,6,20,1,2.2,0.0485892021949153,2024,10,13,6,1,0,0,0,1,0,0,0,0,1,0,1,0,0,0,0,1
21,11904.43,2061.19,12,2,0,6.43,0.1731447872766692,2024,10,9,2,0,0,0,1,0,1,0,0,0,0,0,0,1,0,0,0,1
58,70908.84,5000.0,6,2,0,7.56,0.0705130700206067,2024,8,31,5,1,0,1,0,0,1,0,0,0,0,0,0,0,1,0,0,0
28,12505.4,3998.74,6,0,0,2.76,0.3197610632206886,2024,10,25,4,0,0,0,0,1,1,0,0,0,0,0,1,0,0,0,0,0
28,5000.0,1169.76,3,9,1,8.71,0.233952,2023,4,27,3,0,0,0,0,1,0,0,0,0,1,1,0,0,0,0,0,1
42,15173.51,5000.0,3,20,1,4.87,0.3295216466064872,2024,12,21,5,1,0,0,0,1,0,1,0,0,0,0,0,0,0,0,1,1
58,40175.3,5000.0,6,0,0,8.47,0.1244545778127356,2023,6,25,6,1,1,0,0,0,0,0,0,0,1,0,0,1,0,0,0,1
42,84343.79,5000.0,6,1,0,1.79,0.0592811871508264,2023,3,11,5,1,0,1,0,0,0,0,0,1,0,1,0,0,0,0,0,0
54,22765.81,3805.9,9,2,0,2.57,0.1671761294678291,2023,6,3,5,1,0,0,1,0,1,0,0,0,0,0,0,0,1,0,0,0
52,83373.21,5000.0,3,13,1,7.57,0.0599713025323122,2024,10,11,4,0,1,0,0,0,1,0,0,0,0,1,0,0,0,0,0,0
40,88047.98,5000.0,12,7,1,5.05,0.0567872198771624,2023,4,7,4,0,0,1,0,0,0,0,1,0,0,0,0,0,1,0,0,0
56,56213.16,5000.0,6,13,1,7.53,0.0889471433379656,2023,6,2,4,0,1,0,0,0,0,1,0,0,0,0,0,0,0,0,1,0
47,21672.29,100.0,3,6,0,5.59,0.0046141870563747,2023,3,8,2,0,0,0,0,1,0,1,0,0,0,0,0,1,0,0,0,1
28,39708.41,2051.23,3,0,0,3.69,0.0516573189407483,2024,8,15,3,0,1,0,0,0,0,1,0,0,0,0,1,0,0,0,0,0
57,69655.79,5000.0,9,13,1,1.13,0.0717815417785083,2024,12,19,3,0,0,1,0,0,0,0,0,1,0,0,0,0,1,0,0,0
29,46008.84,5000.0,6,14,2,9.89,0.1086747677185514,2024,9,3,1,0,1,0,0,0,1,0,0,0,0,0,0,0,1,0,0,0
51,9736.21,2086.18,3,8,2,5.24,0.2142702345163056,2024,10,5,5,1,0,0,0,1,0,1,0,0,0,0,0,1,0,0,0,0
30,10570.07,4304.0,3,1,0,6.28,0.4071874642268216,2023,2,12,6,1,0,0,0,1,0,1,0,0,0,0,0,0,0,0,1,0
35,10983.38,4415.93,12,15,1,4.71,0.4020556513568683,2024,8,15,3,0,0,0,0,1,0,0,0,1,0,1,0,0,0,0,0,1
48,58532.62,5000.0,6,10,2,8.06,0.0854224533260257,2024,12,23,0,0,0,1,0,0,0,0,0,0,1,0,0,1,0,0,0,0
46,44534.9,5000.0,12,16,3,5.98,0.1122714994307834,2023,5,16,1,0,1,0,0,0,0,0,0,0,1,1,0,0,0,0,0,1
28,28746.59,4060.86,6,3,0,7.25,0.1412640594936651,2023,6,18,6,1,0,1,0,0,0,0,0,0,1,0,0,0,0,0,1,1
26,7467.34,2349.07,9,12,1,1.03,0.3145792209809651,2023,3,18,5,1,0,0,0,1,0,0,1,0,0,0,1,0,0,0,0,0
27,58552.21,5000.0,6,14,1,4.06,0.0853938732628537,2023,2,21,1,0,1,0,0,0,0,0,0,1,0,0,1,0,0,0,0,0
38,22200.99,4733.92,3,6,1,5.07,0.2132301307284044,2024,12,15,6,1,0,0,1,0,0,1,0,0,0,0,0,0,0,1,0,0
46,14738.74,100.0,6,1,0,7.65,0.0067848404951847,2023,2,20,0,0,0,0,0,1,0,1,0,0,0,0,1,0,0,0,0,1
46,20796.52,5000.0,3,8,1,3.96,0.240424840309821,2023,6,19,0,0,0,0,1,0,0,0,1,0,0,0,1,0,0,0,0,1
27,17046.0,4923.85,3,20,1,2.93,0.2888566232547225,2023,2,18,5,1,0,0,0,1,0,0,1,0,0,0,0,0,0,1,0,1
38,5000.0,1082.77,6,4,0,4.65,0.216554,2023,2,14,1,0,0,1,0,0,0,0,1,0,0,1,0,0,0,0,0,0
48,8178.89,4651.75,9,24,2,4.46,0.5687507718039978,2023,1,1,6,1,0,0,0,1,1,0,0,0,0,0,1,0,0,0,0,1
37,44573.44,5000.0,6,3,0,4.26,0.1121744249490279,2024,10,27,6,1,1,0,0,0,0,1,0,0,0,0,0,1,0,0,0,1
49,17525.04,4429.91,12,0,0,5.11,0.2527760279006495,2023,1,2,0,0,0,0,1,0,1,0,0,0,0,0,0,0,1,0,0,1
23,29191.79,5000.0,6,14,1,8.27,0.171281034838905,2023,3,22,2,0,1,0,0,0,0,0,0,0,1,0,0,0,1,0,0,1
24,49117.99,5000.0,3,8,2,1.37,0.1017956964444188,2023,1,29,6,1,0,1,0,0,0,0,0,1,0,1,0,0,0,0,0,0
54,12849.63,4640.31,9,25,2,5.13,0.3611240168004838,2023,4,25,1,0,0,0,0,1,0,1,0,0,0,0,0,0,1,0,0,1
23,7920.15,100.0,9,11,2,2.28,0.0126260234970297,2023,5,19,4,0,0,0,0,1,0,0,0,0,1,0,1,0,0,0,0,1
28,45981.26,5000.0,6,7,1,8.37,0.108739951884746,2023,2,13,0,0,1,0,0,0,0,0,0,0,1,0,0,1,0,0,0,0
33,13061.49,262.05,3,22,1,7.19,0.0200627952859895,2023,3,5,6,1,0,0,0,1,0,0,0,1,0,1,0,0,0,0,0,0
31,9183.19,3106.45,6,14,2,8.27,0.3382756972250383,2023,3,15,2,0,0,0,0,1,0,0,0,0,1,0,0,1,0,0,0,1
31,31840.7,5000.0,6,13,2,8.5,0.1570317235487913,2024,9,20,4,0,1,0,0,0,0,1,0,0,0,0,0,1,0,0,0,1
22,5463.5,1521.39,9,15,4,4.54,0.2784643543516061,2023,1,24,1,0,0,0,0,1,0,1,0,0,0,0,0,0,0,0,1,1
40,12402.86,4837.12,6,14,1,3.65,0.3900003708821997,2024,7,16,1,0,0,0,0,1,1,0,0,0,0,1,0,0,0,0,0,1
18,29956.22,5000.0,12,15,2,9.33,0.1669102443499213,2023,1,15,6,1,1,0,0,0,0,0,1,0,0,0,0,0,0,1,0,0
27,11103.55,1049.79,3,3,0,3.73,0.0945454381706751,2023,3,19,6,1,0,0,1,0,0,0,1,0,0,0,0,1,0,0,0,1
41,94862.23,5000.0,3,4,1,8.02,0.0527080166679615,2024,7,16,1,0,1,0,0,0,0,1,0,0,0,0,0,0,0,0,1,0
57,43315.29,5000.0,12,12,1,1.5,0.1154326797765869,2024,11,6,2,0,1,0,0,0,0,0,1,0,0,1,0,0,0,0,0,1
46,24188.86,4705.65,9,9,1,2.42,0.1945378988509586,2023,1,20,4,0,0,0,1,0,0,0,0,0,1,0,0,1,0,0,0,1
22,38561.18,5000.0,12,1,0,9.97,0.1296640818564162,2024,9,3,1,0,1,0,0,0,0,0,0,0,1,0,1,0,0,0,0,0
19,7356.7,2150.75,6,9,1,6.41,0.2923525493767586,2023,1,11,2,0,0,0,0,1,1,0,0,0,0,0,0,1,0,0,0,1
43,52192.99,5000.0,3,1,1,1.04,0.0957983054812533,2024,10,3,3,0,0,1,0,0,0,0,0,0,1,0,1,0,0,0,0,0
21,34557.29,5000.0,6,16,2,7.44,0.1446872714845406,2024,8,18,6,1,0,1,0,0,1,0,0,0,0,0,0,0,0,1,0,0
31,21686.0,5000.0,12,4,0,2.86,0.2305634971871253,2023,1,28,5,1,0,0,0,1,0,0,1,0,0,0,0,1,0,0,0,1
55,28545.35,5000.0,6,2,0,5.54,0.1751598771778941,2024,12,4,2,0,0,0,1,0,0,0,1,0,0,0,1,0,0,0,0,1
50,82036.63,5000.0,3,21,3,9.72,0.0609483836671496,2024,9,30,0,0,1,0,0,0,0,1,0,0,0,0,0,0,1,0,0,0
44,15666.92,2780.57,9,12,1,3.7,0.1774803215947997,2024,10,1,1,0,0,0,1,0,0,0,0,0,1,0,0,0,0,1,0,0
43,8238.46,2612.23,9,11,1,8.22,0.3170774635065291,2023,6,4,6,1,0,0,0,1,1,0,0,0,0,0,0,0,1,0,0,0
53,6881.89,100.0,3,12,1,1.44,0.0145308919497405,2024,8,25,6,1,0,0,1,0,0,0,0,1,0,0,0,0,1,0,0,0
34,22027.14,4111.54,9,15,1,5.78,0.1866579138281229,2024,11,11,0,0,0,0,1,0,0,1,0,0,0,0,0,1,0,0,0,0
20,5175.22,2178.29,12,8,1,1.08,0.4209077102036241,2023,1,6,4,0,0,0,0,1,0,0,1,0,0,1,0,0,0,0,0,1
57,18585.53,5000.0,9,2,0,4.6,0.2690264953434204,2024,11,10,6,1,0,0,0,1,0,1,0,0,0,0,0,0,0,1,0,0
23,8571.77,3118.79,9,9,1,9.42,0.3638443402004486,2024,9,23,0,0,0,0,0,1,0,0,0,1,0,0,1,0,0,0,0,0
31,33865.02,100.0,12,7,1,3.62,0.0029528994815299,2024,9,21,5,1,0,1,0,0,0,0,0,0,1,0,0,0,0,0,1,1
19,45906.61,5000.0,6,4,1,8.25,0.1089167769085976,2024,8,14,2,0,0,1,0,0,0,0,1,0,0,0,0,0,0,1,0,0
43,15606.63,5000.0,9,12,1,3.34,0.3203766604321368,2023,2,14,1,0,0,0,1,0,0,0,0,1,0,0,1,0,0,0,0,1
33,71868.58,5000.0,12,4,0,7.02,0.0695714316325715,2023,4,17,0,0,0,1,0,0,1,0,0,0,0,0,1,0,0,0,0,0
56,145767.12,5000.0,12,0,0,4.92,0.0343012882466224,2024,9,27,4,0,0,1,0,0,0,0,1,0,0,0,1,0,0,0,0,0
54,75339.16,5000.0,9,12,2,6.85,0.0663665482864422,2024,9,13,4,0,1,0,0,0,0,0,0,1,0,0,0,0,0,0,1,0
27,5000.0,2075.45,9,8,2,8.44,0.4150899999999999,2024,12,27,4,0,0,0,0,1,0,0,0,1,0,0,0,0,1,0,0,0
25,71295.18,5000.0,6,1,0,5.13,0.0701309681804576,2023,5,2,1,0,0,1,0,0,1,0,0,0,0,0,1,0,0,0,0,0
33,41997.18,3109.66,9,18,1,6.52,0.0740444953684985,2023,1,7,5,1,0,1,0,0,0,0,0,0,1,1,0,0,0,0,0,1
34,9026.41,2457.03,6,4,0,9.67,0.2722045641622749,2023,5,2,1,0,0,0,0,1,0,0,0,1,0,0,1,0,0,0,0,0
31,7269.96,3210.17,9,0,0,3.11,0.4415663910117799,2024,8,9,4,0,0,0,1,0,0,0,0,1,0,0,1,0,0,0,0,1
34,6889.47,2572.01,12,3,0,5.27,0.373324798569411,2023,3,4,5,1,0,0,0,1,0,0,0,1,0,0,0,0,1,0,0,0
37,20163.29,3370.44,6,10,1,9.11,0.167157244675844,2024,8,30,4,0,1,0,0,0,1,0,0,0,0,0,0,1,0,0,0,0
56,20561.68,5000.0,9,2,0,2.38,0.2431707914917458,2023,3,28,1,0,0,0,1,0,0,1,0,0,0,1,0,0,0,0,0,1
44,46885.12,5000.0,12,10,1,1.07,0.1066436430150973,2024,8,11,6,1,1,0,0,0,0,0,0,0,1,1,0,0,0,0,0,0
44,52792.24,5000.0,9,9,1,2.0,0.0947108893276739,2023,6,3,5,1,1,0,0,0,0,1,0,0,0,0,0,1,0,0,0,1
52,5000.0,282.96,6,6,1,7.93,0.0565919999999999,2024,11,17,6,1,0,0,0,1,0,1,0,0,0,1,0,0,0,0,0,0
34,9587.91,1180.69,12,4,0,7.14,0.1231436256702451,2024,9,11,2,0,0,0,0,1,0,0,0,1,0,1,0,0,0,0,0,1
59,15892.55,5000.0,3,0,0,4.6,0.3146128217309368,2024,11,27,2,0,0,0,1,0,0,0,0,1,0,0,0,0,1,0,0,0
55,71248.17,5000.0,9,2,0,4.9,0.0701772410435243,2023,2,15,2,0,1,0,0,0,0,0,0,0,1,0,0,0,1,0,0,0
36,17093.39,5000.0,6,8,1,2.06,0.2925107307561578,2024,7,27,5,1,0,0,1,0,0,0,0,0,1,0,0,0,1,0,0,0
39,10164.88,3552.08,3,2,1,1.5,0.3494463289286248,2024,7,23,1,0,0,0,1,0,0,1,0,0,0,0,1,0,0,0,0,1
27,15674.3,5000.0,3,5,2,4.51,0.3189935116719726,2023,3,28,1,0,0,0,1,0,0,0,0,0,1,1,0,0,0,0,0,1
57,13897.95,1510.57,3,5,0,3.81,0.1086901305588234,2024,7,10,2,0,0,0,0,1,0,0,1,0,0,0,1,0,0,0,0,0
51,11183.66,621.27,12,6,2,6.83,0.0555515815037295,2024,7,14,6,1,0,0,0,1,0,0,1,0,0,1,0,0,0,0,0,0
33,15599.54,5000.0,9,12,1,9.31,0.320522271810579,2024,7,12,4,0,0,0,1,0,0,0,1,0,0,0,0,1,0,0,0,0
21,26814.05,5000.0,12,15,2,1.4,0.1864694068967574,2024,8,25,6,1,0,1,0,0,0,0,1,0,0,1,0,0,0,0,0,1
18,10442.49,1629.72,6,1,0,7.95,0.1560662255841279,2024,12,25,2,0,1,0,0,0,1,0,0,0,0,0,0,0,0,0,1,1
26,8464.67,1065.65,6,0,0,3.75,0.1258938623714805,2023,2,26,6,1,0,0,1,0,1,0,0,0,0,0,0,0,0,1,0,0
46,51871.45,5000.0,12,15,2,9.95,0.0963921386427408,2023,5,15,0,0,0,1,0,0,0,0,1,0,0,0,0,0,1,0,0,1
23,12040.4,808.7,9,15,1,8.14,0.0671655426730009,2024,7,30,1,0,0,0,0,1,0,0,0,1,0,0,0,0,1,0,0,1
32,14403.57,3681.65,12,16,1,6.0,0.2556067697105648,2024,12,6,4,0,0,0,0,1,0,0,0,1,0,0,0,0,0,1,0,1
21,8427.4,2057.21,9,19,5,5.87,0.2441096898212972,2023,1,25,2,0,0,0,0,1,1,0,0,0,0,0,0,1,0,0,0,1
39,5000.0,2747.43,6,3,0,7.36,0.5494859999999999,2023,3,22,2,0,0,0,0,1,0,1,0,0,0,1,0,0,0,0,0,0
44,68225.29,5000.0,3,1,0,3.29,0.0732866067700115,2024,7,22,0,0,0,1,0,0,0,0,0,0,1,0,0,0,0,1,0,0
40,55307.15,4512.1,6,7,1,3.86,0.0815825801908071,2023,4,17,0,0,1,0,0,0,0,0,0,1,0,0,0,0,1,0,0,0
40,16101.21,3979.7,3,3,1,8.57,0.2471677594416817,2024,9,18,2,0,0,0,0,1,0,0,0,1,0,0,1,0,0,0,0,1
35,11468.2,3565.81,12,13,1,5.76,0.3109302244467309,2023,6,2,4,0,0,0,0,1,0,0,1,0,0,0,0,0,1,0,0,1
35,50827.85,5000.0,6,3,0,4.03,0.0983712669333839,2023,5,4,3,0,0,1,0,0,1,0,0,0,0,0,0,0,0,0,1,0
23,38069.98,5000.0,6,2,0,1.59,0.1313370797673127,2023,3,22,2,0,0,1,0,0,0,0,1,0,0,1,0,0,0,0,0,1
24,27173.26,5000.0,3,16,3,5.98,0.1840044219942694,2023,4,16,6,1,1,0,0,0,0,0,0,0,1,1,0,0,0,0,0,1
51,79288.16,5000.0,3,9,1,4.75,0.0630611178264194,2023,2,17,4,0,0,1,0,0,0,0,0,0,1,0,1,0,0,0,0,0
21,9634.03,2407.0,9,14,2,4.02,0.2498435234268525,2023,6,24,5,1,0,0,1,0,0,0,0,1,0,0,0,1,0,0,0,1
54,11749.23,3394.8,6,12,3,3.24,0.2889380836020744,2023,3,22,2,0,0,0,0,1,0,0,0,1,0,0,0,0,0,0,1,0
58,10068.39,4546.68,3,15,1,7.54,0.4515796467955651,2024,10,10,3,0,0,0,0,1,1,0,0,0,0,0,1,0,0,0,0,1
30,14167.0,4740.03,9,13,3,3.66,0.3345824804122256,2023,2,19,6,1,0,0,1,0,0,0,0,0,1,0,1,0,0,0,0,0
41,7547.95,1733.56,12,9,3,4.32,0.2296729575580124,2024,11,4,0,0,0,0,0,1,0,0,1,0,0,0,0,0,0,0,1,1
18,29021.3,5000.0,9,11,1,5.02,0.172287251087994,2023,1,31,1,0,1,0,0,0,0,0,0,0,1,0,0,0,0,1,0,1
46,93398.1,5000.0,6,3,0,2.7,0.0535342796052596,2023,1,18,2,0,0,1,0,0,0,0,1,0,0,0,0,0,0,0,1,0
46,18579.49,5000.0,9,12,1,5.24,0.2691139530740618,2023,2,15,2,0,0,0,1,0,1,0,0,0,0,0,0,1,0,0,0,1
23,17898.04,5000.0,3,2,0,1.63,0.2793601980999036,2024,10,26,5,1,1,0,0,0,1,0,0,0,0,0,1,0,0,0,0,0
40,68718.0,5000.0,12,2,0,2.09,0.0727611397304927,2024,7,16,1,0,0,1,0,0,1,0,0,0,0,0,0,0,1,0,0,0
44,81475.07,5000.0,6,8,2,5.15,0.0613684652250068,2024,9,26,3,0,0,1,0,0,0,0,1,0,0,0,1,0,0,0,0,0
52,78575.98,5000.0,6,0,0,9.19,0.0636326775688957,2023,4,11,1,0,0,1,0,0,0,0,1,0,0,1,0,0,0,0,0,0
28,15517.66,4345.9,6,4,0,4.89,0.280061555672698,2024,7,20,5,1,0,0,1,0,0,0,1,0,0,0,0,0,1,0,0,0
20,64333.19,5000.0,9,1,0,3.33,0.0777203804132827,2024,8,20,1,0,0,1,0,0,0,0,0,1,0,0,1,0,0,0,0,0
43,10548.01,2075.8,9,0,0,2.79,0.1967954144905058,2023,2,18,5,1,0,0,0,1,0,0,1,0,0,0,1,0,0,0,0,1
41,85230.02,5000.0,6,7,0,4.29,0.0586647756271792,2024,11,27,2,0,1,0,0,0,0,0,0,0,1,0,0,0,1,0,0,0
53,16416.96,5000.0,9,13,1,4.95,0.3045630859793774,2024,12,12,3,0,0,0,1,0,0,0,0,1,0,0,1,0,0,0,0,0
33,7080.59,1569.83,3,3,0,4.6,0.2217089253861613,2023,6,3,5,1,0,0,0,1,1,0,0,0,0,0,1,0,0,0,0,0
51,24023.97,5000.0,12,10,1,4.26,0.2081254680221462,2023,1,8,6,1,1,0,0,0,0,0,0,0,1,0,0,0,1,0,0,0
51,12026.35,3493.72,3,9,1,8.48,0.2905054318226228,2024,10,7,0,0,0,0,0,1,0,0,1,0,0,0,0,1,0,0,0,0
19,6714.79,2217.78,6,19,1,1.37,0.3302828532240026,2023,3,17,4,0,0,0,0,1,1,0,0,0,0,0,1,0,0,0,0,1
20,11064.93,1392.89,12,21,3,9.84,0.1258833087963502,2024,9,9,0,0,0,0,0,1,1,0,0,0,0,1,0,0,0,0,0,1
25,61984.41,5000.0,3,15,1,7.11,0.0806654447465096,2024,8,21,2,0,0,1,0,0,0,0,0,1,0,0,0,0,0,1,0,0
48,70086.05,4778.42,3,8,2,3.6,0.0681793309795601,2023,1,2,0,0,0,1,0,0,1,0,0,0,0,0,1,0,0,0,0,0
47,18724.62,4406.64,3,1,0,8.85,0.2353393553514036,2023,1,10,1,0,0,0,1,0,0,1,0,0,0,0,1,0,0,0,0,0
27,37746.76,2401.52,12,18,3,3.79,0.0636218843683537,2023,5,7,6,1,0,1,0,0,0,0,1,0,0,1,0,0,0,0,0,1
50,32968.34,5000.0,6,22,1,6.05,0.1516606538272779,2023,3,25,5,1,0,1,0,0,1,0,0,0,0,1,0,0,0,0,0,1
32,9420.85,291.92,6,8,1,3.67,0.0309865882590212,2024,11,17,6,1,0,0,1,0,0,1,0,0,0,0,0,0,0,0,1,1
45,20567.69,4765.03,6,16,2,7.54,0.2316755065833839,2024,10,27,6,1,0,0,1,0,0,1,0,0,0,0,0,1,0,0,0,1
55,12485.91,3005.62,6,2,0,7.71,0.2407209406442942,2023,1,20,4,0,0,0,0,1,0,0,0,1,0,1,0,0,0,0,0,1
22,5978.16,100.0,9,15,2,3.53,0.0167275549667456,2023,6,27,1,0,0,0,0,1,0,0,0,0,1,0,0,0,1,0,0,0
27,31521.79,5000.0,9,8,1,8.23,0.1586204336746104,2024,10,30,2,0,1,0,0,0,1,0,0,0,0,0,0,0,0,0,1,0
50,5950.06,1855.36,12,13,1,3.41,0.311822065659842,2024,9,24,1,0,0,0,1,0,1,0,0,0,0,0,0,1,0,0,0,1
47,24581.71,5000.0,6,18,3,5.47,0.2034032620187936,2024,7,16,1,0,0,0,1,0,0,1,0,0,0,0,0,1,0,0,0,1
24,8451.83,3553.43,6,10,1,1.69,0.4204332079561467,2024,12,25,2,0,0,0,0,1,0,0,1,0,0,1,0,0,0,0,0,1
26,67619.02,5000.0,12,17,2,3.71,0.0739436921741841,2024,12,12,3,0,1,0,0,0,0,0,1,0,0,0,1,0,0,0,0,1
49,15111.3,4338.09,9,2,0,2.42,0.2870758968454071,2024,8,24,5,1,0,0,1,0,1,0,0,0,0,0,1,0,0,0,0,1
18,30565.97,4225.15,9,1,0,5.35,0.1382305223750465,2023,5,13,5,1,0,1,0,0,1,0,0,0,0,0,0,0,0,0,1,1
58,14367.47,1595.98,12,7,1,4.99,0.1110828837645041,2024,7,30,1,0,0,1,0,0,0,0,0,1,0,1,0,0,0,0,0,0
24,27612.74,5000.0,9,19,1,5.6,0.1810758367333339,2023,6,27,1,0,0,0,1,0,0,0,0,0,1,0,0,0,0,1,0,0
39,65074.02,5000.0,9,8,1,9.12,0.0768355789299631,2024,8,27,1,0,0,1,0,0,0,0,0,1,0,1,0,0,0,0,0,0
54,62782.82,5000.0,3,2,0,2.88,0.0796396211575077,2023,4,29,5,1,0,1,0,0,0,1,0,0,0,0,0,0,0,0,1,0
34,5000.0,1938.6,12,2,0,4.65,0.38772,2024,9,17,1,0,0,0,0,1,0,1,0,0,0,0,0,0,0,1,0,0
43,23786.49,5000.0,9,9,3,7.62,0.210203354929626,2023,3,1,2,0,0,0,1,0,0,0,0,0,1,0,0,1,0,0,0,1
54,7337.67,3280.71,3,1,0,7.17,0.4471051437309118,2023,4,5,2,0,0,0,0,1,0,0,0,1,0,0,0,0,1,0,0,0
21,18828.62,5000.0,9,9,2,6.48,0.2655531844606774,2024,8,27,1,0,0,0,1,0,0,0,0,1,0,0,0,0,0,1,0,0
46,73881.45,5000.0,9,0,0,4.53,0.0676759863267437,2024,9,16,0,0,1,0,0,0,0,0,0,0,1,1,0,0,0,0,0,0
47,66574.71,5000.0,3,9,2,4.87,0.0751035941425805,2023,5,8,0,0,0,1,0,0,0,1,0,0,0,1,0,0,0,0,0,1
22,29535.35,5000.0,3,9,1,2.51,0.1692886659545256,2024,8,21,2,0,1,0,0,0,0,0,1,0,0,0,0,0,0,1,0,0
57,63488.81,4310.49,9,8,1,5.35,0.067893696542745,2023,3,16,3,0,1,0,0,0,0,1,0,0,0,0,0,1,0,0,0,0
54,95865.66,5000.0,3,1,0,6.1,0.0521563195830498,2024,11,14,3,0,0,1,0,0,0,0,0,1,0,1,0,0,0,0,0,0
53,132425.05,5000.0,3,0,0,7.53,0.0377572068124573,2024,10,18,4,0,0,1,0,0,0,0,1,0,0,0,0,0,0,1,0,0
48,66752.21,927.12,12,7,1,8.29,0.0138889783574206,2023,5,14,6,1,1,0,0,0,1,0,0,0,0,0,0,0,0,1,0,0
35,23113.18,5000.0,9,1,0,3.25,0.216326788438458,2023,6,18,6,1,1,0,0,0,0,0,1,0,0,0,1,0,0,0,0,1
30,12961.41,1268.74,9,2,0,6.14,0.0978859553088745,2023,4,20,3,0,0,0,1,0,0,0,0,1,0,0,0,0,0,0,1,0
50,42998.97,100.0,9,0,0,9.62,0.0023256371024701,2024,11,3,6,1,1,0,0,0,0,0,0,0,1,0,0,1,0,0,0,1
22,5099.72,1537.08,3,12,2,9.26,0.3014047830076945,2023,5,3,2,0,0,0,1,0,1,0,0,0,0,0,1,0,0,0,0,0
43,75751.8,5000.0,6,4,1,6.87,0.0660050322236567,2024,8,1,3,0,0,1,0,0,0,0,1,0,0,0,0,0,0,0,1,0
45,57229.5,5000.0,9,6,1,5.18,0.0873675289841777,2023,3,22,2,0,1,0,0,0,0,1,0,0,0,0,0,1,0,0,0,0
24,33151.52,5000.0,12,13,2,8.36,0.1508226470460479,2024,9,3,1,0,0,1,0,0,0,0,1,0,0,0,0,0,1,0,0,0
50,62974.61,5000.0,12,11,1,1.99,0.0793970776476424,2024,7,4,3,0,0,1,0,0,1,0,0,0,0,0,0,0,0,1,0,0
59,5000.0,1908.01,12,2,0,9.86,0.381602,2023,2,24,4,0,0,0,0,1,0,0,0,0,1,1,0,0,0,0,0,1
25,21693.39,4282.64,3,3,0,7.36,0.1974168168276143,2024,12,31,1,0,0,0,1,0,0,1,0,0,0,1,0,0,0,0,0,1
52,9332.96,3228.46,3,17,2,4.63,0.3459202653820439,2024,8,6,1,0,0,0,1,0,0,0,0,0,1,0,1,0,0,0,0,1
24,47634.28,5000.0,6,10,1,8.06,0.1049664233405018,2024,9,4,2,0,1,0,0,0,0,1,0,0,0,0,0,1,0,0,0,0
35,15061.65,5000.0,12,0,0,6.78,0.3319689409858813,2023,4,27,3,0,0,0,1,0,1,0,0,0,0,0,0,1,0,0,0,1
28,85484.7,5000.0,12,13,3,7.01,0.058489998795106,2024,8,20,1,0,1,0,0,0,0,0,0,1,0,1,0,0,0,0,0,0
18,21304.27,5000.0,12,11,1,7.79,0.234694734905256,2024,10,20,6,1,1,0,0,0,0,0,1,0,0,0,1,0,0,0,0,1
54,94770.21,5000.0,6,8,1,6.91,0.0527591951099401,2023,6,4,6,1,0,1,0,0,0,0,0,0,1,1,0,0,0,0,0,0
22,36515.44,5000.0,3,16,2,7.07,0.1369283787899036,2023,4,11,1,0,1,0,0,0,0,0,0,1,0,0,1,0,0,0,0,1
59,10267.94,3389.75,6,11,1,4.21,0.330129509911433,2023,4,9,6,1,0,0,1,0,0,0,0,0,1,0,0,1,0,0,0,1
26,13774.18,4545.05,9,12,2,8.28,0.3299688257304609,2024,12,6,4,0,0,0,1,0,0,0,0,0,1,0,1,0,0,0,0,1
25,31497.71,4918.27,9,14,1,3.16,0.1561469071878559,2023,3,4,5,1,0,1,0,0,0,1,0,0,0,0,0,0,0,1,0,0
57,22893.16,5000.0,3,1,0,9.48,0.2184058469866108,2024,12,3,1,0,0,0,1,0,1,0,0,0,0,0,0,1,0,0,0,1
35,5000.0,2765.72,3,4,0,6.73,0.553144,2023,6,14,2,0,0,0,0,1,0,0,1,0,0,0,0,0,0,1,0,1
36,8649.52,3551.53,3,12,2,3.66,0.4106042878679973,2023,1,12,3,0,0,0,1,0,1,0,0,0,0,0,0,0,1,0,0,0
32,73042.35,5000.0,12,6,2,9.68,0.0684534383135263,2023,5,24,2,0,1,0,0,0,0,0,0,0,1,0,1,0,0,0,0,0
33,62525.12,4341.73,12,15,1,7.05,0.0694397707673331,2024,11,16,5,1,0,1,0,0,0,0,1,0,0,1,0,0,0,0,0,0
55,10442.54,2620.17,3,3,0,9.29,0.2509130920255034,2023,2,27,0,0,0,0,0,1,1,0,0,0,0,0,0,0,1,0,0,0
35,63232.02,5000.0,9,2,0,6.52,0.0790738616289658,2024,8,2,4,0,0,1,0,0,1,0,0,0,0,0,0,0,0,0,1,0
43,65863.49,5000.0,12,4,1,2.86,0.075914592439605,2023,1,3,1,0,1,0,0,0,1,0,0,0,0,0,0,0,1,0,0,0
27,68887.37,5000.0,9,0,0,6.94,0.072582245482735,2023,3,5,6,1,1,0,0,0,0,0,1,0,0,0,1,0,0,0,0,0
54,57232.98,5000.0,6,9,1,7.84,0.0873622166799631,2024,9,17,1,0,1,0,0,0,0,0,1,0,0,0,0,0,0,0,1,0
26,48288.89,5000.0,6,29,4,2.46,0.1035434858825705,2024,7,13,5,1,0,1,0,0,0,0,1,0,0,0,0,1,0,0,0,1
26,43134.13,100.0,12,15,1,6.07,0.0023183497615461,2023,3,8,2,0,1,0,0,0,1,0,0,0,0,0,0,0,1,0,0,1
41,14280.06,1819.74,9,2,0,9.3,0.1274322376796736,2024,9,25,2,0,0,0,0,1,0,0,0,1,0,0,1,0,0,0,0,0
46,27570.8,5000.0,9,17,2,1.45,0.1813512846925007,2023,2,6,0,0,1,0,0,0,0,0,0,0,1,1,0,0,0,0,0,1
19,15175.4,100.0,9,13,1,4.45,0.0065896121354297,2024,10,15,1,0,0,1,0,0,0,0,0,1,0,0,0,1,0,0,0,0
18,14503.14,5000.0,12,2,0,4.95,0.3447529293656408,2023,6,3,5,1,0,0,1,0,0,0,0,1,0,0,1,0,0,0,0,1
50,22572.9,424.02,9,8,2,8.68,0.0187844716452028,2023,4,11,1,0,0,0,1,0,1,0,0,0,0,0,0,0,0,1,0,0
39,35569.61,3808.29,6,0,0,7.75,0.1070658351328563,2023,3,30,3,0,0,1,0,0,1,0,0,0,0,0,0,1,0,0,0,0
20,8190.52,4654.92,3,4,0,7.78,0.5683302159081475,2024,10,26,5,1,0,0,0,1,0,0,0,1,0,0,1,0,0,0,0,1
22,13571.71,2062.82,3,15,1,6.97,0.1519941112800082,2024,10,22,1,0,0,0,1,0,0,0,1,0,0,1,0,0,0,0,0,0
55,13426.9,1470.22,3,0,0,7.4,0.1094980971035756,2023,3,3,4,0,0,0,0,1,0,0,0,1,0,0,0,0,1,0,0,0
46,90012.88,5000.0,3,0,0,6.2,0.0555476060759304,2024,11,18,0,0,1,0,0,0,1,0,0,0,0,0,1,0,0,0,0,0
57,20576.69,5000.0,3,2,0,4.4,0.2429934066169048,2024,11,7,3,0,0,0,1,0,0,0,0,0,1,0,1,0,0,0,0,0
39,60657.0,5000.0,3,0,0,1.13,0.0824307169823763,2023,1,26,3,0,0,1,0,0,0,0,0,0,1,1,0,0,0,0,0,0
51,17069.74,5000.0,6,2,0,2.17,0.2929160022355349,2023,4,22,5,1,0,0,1,0,0,1,0,0,0,0,0,0,0,0,1,0
44,16729.02,5000.0,9,1,0,6.99,0.2988818233225855,2023,4,20,3,0,0,0,1,0,0,1,0,0,0,0,0,0,0,0,1,0
37,6509.48,972.38,3,0,0,9.19,0.1493790594640432,2023,1,17,1,0,0,0,0,1,0,0,1,0,0,0,0,1,0,0,0,0
42,9801.1,4246.88,9,18,1,6.14,0.4333064656007999,2023,6,22,3,0,0,0,1,0,1,0,0,0,0,0,0,0,1,0,0,0
58,63806.74,5000.0,3,15,2,9.36,0.0783616276274262,2024,10,28,0,0,0,1,0,0,1,0,0,0,0,0,0,0,0,0,1,0
37,15701.36,511.71,6,20,1,4.13,0.0325901705329984,2024,7,5,4,0,0,0,1,0,0,0,1,0,0,1,0,0,0,0,0,1
31,74106.68,5000.0,9,14,1,9.98,0.0674703009229397,2023,5,10,2,0,1,0,0,0,0,0,1,0,0,1,0,0,0,0,0,0
24,58559.12,5000.0,3,8,1,4.15,0.085383796751044,2024,12,18,2,0,1,0,0,0,0,0,1,0,0,1,0,0,0,0,0,1
56,19895.53,5000.0,3,0,0,1.92,0.251312732055894,2023,4,6,3,0,0,0,0,1,0,0,1,0,0,0,1,0,0,0,0,1
50,28983.68,5000.0,6,5,1,5.32,0.1725108750855654,2023,1,22,6,1,0,0,1,0,0,1,0,0,0,0,0,0,1,0,0,0
41,7373.49,2071.52,6,15,2,1.21,0.2809415893966087,2023,6,24,5,1,0,0,0,1,0,1,0,0,0,0,1,0,0,0,0,0
56,61954.63,5000.0,9,18,2,5.61,0.0807042185547714,2024,7,30,1,0,0,1,0,0,1,0,0,0,0,0,0,1,0,0,0,1
44,18781.41,4472.26,9,2,0,3.4,0.238121631975448,2023,6,24,5,1,0,0,1,0,0,0,0,0,1,0,1,0,0,0,0,1
22,6721.15,1138.22,12,13,1,5.07,0.1693489953356196,2023,2,25,5,1,0,0,0,1,0,0,0,0,1,0,0,0,0,1,0,0
48,61176.88,5000.0,12,0,0,9.98,0.081730222266974,2024,7,24,2,0,0,1,0,0,0,0,0,1,0,0,0,0,1,0,0,0
27,11893.65,5000.0,12,17,1,8.48,0.420392394260803,2023,4,30,6,1,0,0,1,0,0,0,0,0,1,0,0,0,1,0,0,0
50,40109.81,5000.0,3,18,1,8.93,0.1246577832206136,2024,9,11,2,0,0,1,0,0,0,0,0,1,0,0,0,0,0,0,1,0
58,9441.87,4414.87,9,4,1,3.56,0.467584281503558,2023,5,18,3,0,0,0,0,1,1,0,0,0,0,0,1,0,0,0,0,1
39,5000.0,1479.74,12,0,0,9.14,0.295948,2024,12,8,6,1,0,0,1,0,0,0,0,1,0,0,0,0,1,0,0,1
31,44002.66,5000.0,12,17,3,1.46,0.1136294942169405,2024,10,22,1,0,1,0,0,0,0,0,0,1,0,0,0,1,0,0,0,1
50,14535.49,5000.0,9,13,1,5.02,0.3439856516704975,2023,6,29,3,0,0,0,0,1,1,0,0,0,0,0,0,0,0,0,1,0
33,12560.76,1386.45,9,15,2,9.32,0.1103794674844515,2024,8,1,3,0,0,0,1,0,1,0,0,0,0,1,0,0,0,0,0,1
36,22506.86,3443.95,12,15,1,9.41,0.15301779102016,2023,1,16,0,0,1,0,0,0,0,0,0,0,1,0,0,0,0,0,1,0
28,5969.18,2835.83,3,0,0,4.75,0.47507865401948,2023,6,29,3,0,0,0,0,1,0,1,0,0,0,0,0,0,1,0,0,0
59,81002.1,5000.0,6,2,0,9.6,0.0617267947374203,2024,7,31,2,0,0,1,0,0,0,0,0,0,1,0,0,0,0,0,1,0
52,63510.58,1041.66,9,0,0,8.13,0.0164013617888547,2023,1,29,6,1,0,1,0,0,0,0,0,0,1,1,0,0,0,0,0,0
40,55240.39,5000.0,6,11,1,2.13,0.0905134811683987,2023,5,26,4,0,0,1,0,0,0,0,1,0,0,0,0,0,0,0,1,1
57,12161.65,1656.42,9,10,1,2.65,0.1362002688779894,2023,3,26,6,1,0,0,0,1,0,0,0,0,1,0,0,0,0,0,1,1
33,37676.65,1165.44,9,19,2,2.58,0.0309326864251466,2024,11,4,0,0,1,0,0,0,0,0,0,1,0,1,0,0,0,0,0,1
39,12927.34,4297.94,9,14,2,2.25,0.3324690152807925,2024,11,7,3,0,0,0,1,0,1,0,0,0,0,1,0,0,0,0,0,0
48,6649.17,3083.78,9,0,0,8.91,0.4637842016371968,2023,5,27,5,1,0,0,1,0,0,0,1,0,0,0,0,0,1,0,0,0
54,88192.68,3731.12,6,3,0,9.72,0.0423064589941024,2023,1,7,5,1,0,1,0,0,0,0,0,1,0,0,1,0,0,0,0,0
53,23831.84,5000.0,3,13,1,3.4,0.2098033555109467,2024,12,18,2,0,0,0,1,0,1,0,0,0,0,0,0,0,0,0,1,1
25,55336.98,5000.0,12,18,1,1.03,0.0903554910296875,2023,1,16,0,0,0,1,0,0,0,0,1,0,0,0,0,0,0,0,1,1
20,46252.06,5000.0,3,1,0,6.3,0.1081032931289979,2023,3,11,5,1,0,1,0,0,0,1,0,0,0,1,0,0,0,0,0,0
44,9375.91,100.0,6,0,0,6.08,0.0106656313893798,2023,3,28,1,0,0,0,1,0,1,0,0,0,0,1,0,0,0,0,0,0
35,16924.66,906.56,12,14,1,9.34,0.0535644438352085,2024,8,8,3,0,0,0,1,0,0,1,0,0,0,0,0,1,0,0,0,0
45,14418.28,5000.0,3,6,1,3.08,0.3467820017366843,2023,2,14,1,0,0,0,0,1,0,1,0,0,0,0,0,1,0,0,0,0
54,12015.09,1144.57,6,2,0,7.24,0.0952610425722986,2024,7,31,2,0,0,0,0,1,0,0,0,1,0,1,0,0,0,0,0,1
55,17994.01,5000.0,9,5,2,9.46,0.2778702468210254,2024,7,25,3,0,0,0,0,1,0,1,0,0,0,0,0,0,1,0,0,0
52,68795.03,5000.0,9,13,1,7.19,0.0726796688656142,2024,12,28,5,1,1,0,0,0,0,1,0,0,0,0,0,1,0,0,0,0
40,11814.87,1056.19,3,4,0,4.92,0.0893949742993363,2024,9,7,5,1,0,0,1,0,0,0,0,0,1,0,0,0,0,0,1,1
44,18484.3,5000.0,12,12,1,6.6,0.2704998295851074,2024,12,22,6,1,0,0,1,0,0,0,0,0,1,0,0,0,0,1,0,0
57,8735.65,3288.45,12,6,0,4.83,0.3764402191021847,2024,12,7,5,1,0,0,0,1,0,0,1,0,0,0,0,0,0,0,1,1
58,19554.84,5000.0,9,16,2,7.05,0.255691174154327,2024,9,9,0,0,0,0,1,0,0,0,1,0,0,0,0,0,0,0,1,1
50,23094.04,5000.0,3,28,4,7.09,0.2165060768925662,2023,4,16,6,1,0,0,0,1,0,0,0,1,0,0,0,1,0,0,0,1
18,12062.32,2021.92,6,13,2,8.69,0.1676228121953322,2024,7,31,2,0,1,0,0,0,0,0,0,0,1,1,0,0,0,0,0,0
24,10338.83,5000.0,3,13,1,7.19,0.4836137164456713,2024,8,14,2,0,0,0,1,0,0,1,0,0,0,0,0,1,0,0,0,1
33,77643.45,5000.0,6,14,2,1.21,0.0643969323877287,2023,1,19,3,0,0,1,0,0,0,0,0,1,0,0,0,0,0,0,1,0
22,14135.23,4883.7,3,14,2,5.62,0.3454984460811744,2023,2,4,5,1,1,0,0,0,0,0,0,1,0,0,0,0,0,0,1,0
29,5524.43,1724.71,12,9,3,5.96,0.3121969144328012,2024,12,17,1,0,0,0,1,0,0,0,1,0,0,0,0,0,0,0,1,1
52,15870.26,2040.72,3,6,1,7.94,0.128587685393938,2023,4,2,6,1,0,0,0,1,0,1,0,0,0,0,0,0,1,0,0,0
49,49313.59,4357.05,9,13,2,2.01,0.0883539405668903,2023,1,11,2,0,0,1,0,0,0,0,0,0,1,0,0,0,1,0,0,0
37,5000.0,292.65,3,3,0,6.57,0.05853,2023,4,18,1,0,0,0,0,1,0,0,1,0,0,0,0,0,0,1,0,0
27,19052.62,2356.0,3,17,1,8.73,0.1236575337145232,2024,12,12,3,0,0,0,1,0,0,1,0,0,0,1,0,0,0,0,0,1
43,46123.63,5000.0,6,16,2,1.8,0.1084043038243087,2024,8,12,0,0,1,0,0,0,0,0,1,0,0,1,0,0,0,0,0,1
25,44375.88,5000.0,6,6,0,5.55,0.1126738219050529,2024,7,30,1,0,1,0,0,0,0,0,0,1,0,1,0,0,0,0,0,1
50,27921.93,5000.0,12,16,2,7.64,0.1790707161002122,2024,11,13,2,0,1,0,0,0,0,1,0,0,0,0,0,0,1,0,0,0
58,12999.56,5000.0,12,13,1,9.87,0.3846284028074797,2024,10,15,1,0,0,0,0,1,1,0,0,0,0,0,0,0,1,0,0,1
28,33018.1,2756.32,12,20,1,5.87,0.0834790614844585,2024,7,20,5,1,1,0,0,0,1,0,0,0,0,0,0,0,0,1,0,0
59,6603.51,3222.76,12,18,2,3.13,0.4880374225222647,2024,12,23,0,0,0,0,1,0,0,0,1,0,0,0,0,1,0,0,0,1
18,14134.39,3936.43,9,19,2,1.57,0.2785001687373845,2024,11,15,4,0,0,0,1,0,0,0,1,0,0,0,0,1,0,0,0,1
18,10808.33,3134.35,6,0,0,5.33,0.2899939213551029,2023,1,17,1,0,0,0,1,0,0,0,1,0,0,0,0,0,0,0,1,1
43,7194.21,2674.65,6,11,1,3.51,0.371778138252845,2023,2,23,3,0,0,0,0,1,0,0,1,0,0,1,0,0,0,0,0,0
53,33504.58,5000.0,12,20,2,2.54,0.1492333286971512,2024,9,18,2,0,0,1,0,0,0,1,0,0,0,0,1,0,0,0,0,1
44,70663.0,5000.0,12,3,0,8.01,0.0707583884069456,2024,10,12,5,1,0,1,0,0,0,0,0,0,1,1,0,0,0,0,0,0
53,75216.58,5000.0,9,0,1,1.63,0.0664747054439327,2023,6,15,3,0,0,1,0,0,0,0,0,0,1,0,0,0,0,0,1,0
22,45254.56,5000.0,3,9,1,8.38,0.1104861034998462,2024,9,25,2,0,1,0,0,0,0,0,0,0,1,1,0,0,0,0,0,0
40,13074.51,5000.0,12,13,1,6.5,0.382423509561735,2024,12,19,3,0,0,0,0,1,0,1,0,0,0,0,0,0,1,0,0,0
42,18472.48,5000.0,12,22,2,6.22,0.2706729145193282,2024,12,2,0,0,0,0,0,1,0,0,0,0,1,0,0,0,0,1,0,1
24,9450.29,1950.2,6,8,1,7.67,0.2063640375057273,2023,6,19,0,0,0,0,1,0,0,0,0,0,1,0,1,0,0,0,0,0
41,77934.65,5000.0,12,19,2,9.78,0.0641563155797838,2023,4,5,2,0,0,1,0,0,0,1,0,0,0,0,0,0,0,0,1,0
20,49333.97,5000.0,12,23,1,7.8,0.1013500433879535,2023,3,29,2,0,0,1,0,0,0,0,0,0,1,0,0,1,0,0,0,1
42,22671.76,100.0,3,16,2,6.43,0.0044107735791133,2023,6,5,0,0,0,0,1,0,0,0,1,0,0,0,0,0,1,0,0,1
39,68483.55,5000.0,6,17,1,1.48,0.0730102338444779,2024,9,25,2,0,1,0,0,0,0,0,0,1,0,1,0,0,0,0,0,0
36,25577.89,5000.0,9,13,1,6.84,0.1954813317283013,2023,5,14,6,1,0,0,1,0,1,0,0,0,0,0,0,0,0,0,1,0
37,45316.35,5000.0,12,18,2,9.1,0.1103354528773831,2024,8,16,4,0,1,0,0,0,0,0,0,0,1,0,0,1,0,0,0,1
25,5000.0,1382.22,9,5,0,7.93,0.276444,2023,6,26,0,0,0,0,1,0,0,0,0,0,1,0,1,0,0,0,0,0
42,89350.34,5000.0,3,2,0,7.93,0.0559594960690692,2024,9,1,6,1,0,1,0,0,0,0,0,1,0,0,0,0,1,0,0,0
48,14342.46,2649.41,9,8,1,8.6,0.1847249356107669,2023,1,15,6,1,0,0,0,1,0,0,0,1,0,0,1,0,0,0,0,1
59,13221.3,5000.0,12,2,0,2.68,0.3781776375999334,2024,11,15,4,0,0,0,0,1,0,1,0,0,0,0,0,0,1,0,0,1
52,61737.34,5000.0,9,13,2,8.92,0.0809882641526181,2023,4,24,0,0,1,0,0,0,0,0,0,0,1,1,0,0,0,0,0,0
49,24784.05,5000.0,3,7,3,1.1,0.201742653036933,2024,8,26,0,0,0,0,1,0,0,0,1,0,0,0,0,1,0,0,0,1
42,41213.69,5000.0,9,20,2,9.63,0.1213189112646792,2024,12,14,5,1,0,1,0,0,0,1,0,0,0,0,1,0,0,0,0,1
51,73743.41,5000.0,3,4,1,9.44,0.0678026687401626,2023,5,12,4,0,1,0,0,0,0,0,0,0,1,0,1,0,0,0,0,0
45,59110.86,5000.0,6,2,0,5.62,0.0845868255004241,2024,9,3,1,0,1,0,0,0,0,0,1,0,0,0,0,0,0,1,0,0
29,53150.17,5000.0,3,16,2,2.6,0.0940730763419947,2023,1,27,4,0,1,0,0,0,0,1,0,0,0,0,0,0,0,1,0,1
49,45840.74,5000.0,9,9,1,2.07,0.1090732828484007,2024,7,9,1,0,1,0,0,0,0,0,0,1,0,1,0,0,0,0,0,1
19,5000.0,1443.93,9,1,0,5.97,0.288786,2023,6,29,3,0,0,0,0,1,0,0,0,1,0,0,0,0,0,1,0,0
54,31771.62,4816.76,6,11,1,5.53,0.1516057412244009,2023,4,19,2,0,0,1,0,0,0,0,0,0,1,1,0,0,0,0,0,0
38,19134.9,4397.74,6,12,1,7.42,0.229828219640552,2024,11,20,2,0,0,0,0,1,0,0,0,1,0,0,0,0,0,1,0,1
21,6258.91,1646.09,3,6,2,1.82,0.2629994679584784,2024,8,7,2,0,0,0,0,1,0,0,0,1,0,0,1,0,0,0,0,1
29,61768.14,5000.0,12,2,1,1.56,0.080947880250239,2024,7,23,1,0,0,1,0,0,0,0,1,0,0,0,0,0,0,0,1,0
28,20126.76,4480.55,3,11,1,9.41,0.2226165562663836,2024,10,16,2,0,0,0,1,0,0,0,0,1,0,0,1,0,0,0,0,1
23,35470.06,5000.0,6,2,0,1.21,0.1409639566439978,2023,2,10,4,0,1,0,0,0,0,0,1,0,0,0,0,0,0,1,0,1
49,14286.62,5000.0,9,3,0,4.66,0.3499778114067567,2023,5,3,2,0,0,0,0,1,0,0,0,0,1,0,1,0,0,0,0,1
58,30397.89,5000.0,12,22,2,9.55,0.1644851007750866,2023,1,21,5,1,0,0,1,0,0,0,0,1,0,0,0,0,0,0,1,1
38,92459.29,5000.0,9,2,0,9.04,0.0540778541561372,2023,4,15,5,1,0,1,0,0,0,1,0,0,0,0,0,0,0,0,1,0
34,54654.93,5000.0,3,0,0,1.65,0.0914830555999248,2023,5,24,2,0,1,0,0,0,0,0,0,1,0,0,1,0,0,0,0,0
21,5177.32,1658.87,6,11,1,4.9,0.3204109462038275,2024,7,31,2,0,0,0,0,1,0,1,0,0,0,0,0,0,0,0,1,1
47,15792.17,5000.0,3,4,1,2.43,0.3166125997883761,2024,12,29,6,1,0,0,1,0,1,0,0,0,0,0,0,1,0,0,0,1
36,35604.36,5000.0,9,14,2,7.1,0.1404322391976712,2023,5,25,3,0,1,0,0,0,0,0,1,0,0,0,0,1,0,0,0,1
24,43091.29,5000.0,9,2,2,6.67,0.1160327295840992,2024,7,28,6,1,1,0,0,0,0,0,0,0,1,0,0,0,0,1,0,0
22,26395.24,5000.0,6,9,1,9.85,0.1894280938532856,2024,11,9,5,1,0,1,0,0,0,0,0,1,0,0,0,0,0,1,0,0
38,18894.34,2219.79,9,10,1,3.16,0.1174843895050052,2024,10,29,1,0,0,0,1,0,0,0,0,1,0,0,1,0,0,0,0,1
35,14628.72,1409.13,9,23,2,9.29,0.0963262677800928,2023,5,8,0,0,0,0,1,0,0,1,0,0,0,1,0,0,0,0,0,1
24,11632.16,3436.76,12,1,0,8.42,0.2954532950028198,2024,9,29,6,1,0,0,1,0,0,0,1,0,0,0,0,0,0,0,1,0
37,14756.28,2995.09,12,0,0,4.03,0.2029705318684655,2024,11,28,3,0,0,0,1,0,0,0,0,1,0,0,0,1,0,0,0,1
55,99845.0,5000.0,12,11,1,8.36,0.0500776203114828,2023,1,1,6,1,1,0,0,0,0,0,1,0,0,0,0,0,1,0,0,0
37,45929.12,5000.0,9,12,3,4.17,0.1088633964682972,2024,8,20,1,0,0,1,0,0,0,0,0,1,0,0,0,0,0,0,1,1
45,62821.67,5000.0,6,14,1,2.65,0.0795903706475806,2024,7,29,0,0,1,0,0,0,1,0,0,0,0,1,0,0,0,0,0,0
24,7417.75,765.27,12,3,0,5.63,0.1031674025142394,2024,7,12,4,0,0,0,1,0,1,0,0,0,0,0,0,0,1,0,0,1
47,9157.65,2972.54,9,13,2,3.83,0.3245963757077416,2023,5,29,0,0,0,0,1,0,0,0,1,0,0,0,0,0,1,0,0,0
31,15026.62,4335.3,12,10,1,8.42,0.288507994479131,2023,5,16,1,0,0,0,0,1,1,0,0,0,0,0,0,0,0,0,1,1
51,60059.67,5000.0,3,13,1,1.96,0.0832505406706363,2024,11,21,3,0,1,0,0,0,1,0,0,0,0,0,0,1,0,0,0,0
22,13160.12,2992.52,3,0,1,8.12,0.2273930632851372,2023,4,3,0,0,0,0,1,0,0,0,0,0,1,0,0,0,1,0,0,1
28,47517.86,5000.0,12,0,0,7.02,0.1052235938234592,2023,6,2,4,0,1,0,0,0,1,0,0,0,0,0,1,0,0,0,0,0
46,32540.13,5000.0,3,12,1,1.27,0.1536564236221551,2023,1,29,6,1,1,0,0,0,0,0,1,0,0,0,0,0,1,0,0,0
42,12076.77,1330.95,3,3,0,6.99,0.1102074478523645,2023,3,8,2,0,0,0,1,0,0,0,1,0,0,0,0,0,1,0,0,0
29,56302.5,5000.0,6,5,0,8.39,0.0888060032858221,2024,7,7,6,1,0,1,0,0,0,0,0,1,0,0,0,0,0,0,1,0
48,19976.01,4235.94,6,3,0,5.47,0.2120513556010434,2024,8,26,0,0,1,0,0,0,0,0,1,0,0,0,0,0,1,0,0,1
42,20696.79,5000.0,12,11,1,6.91,0.2415833566461272,2023,1,9,0,0,0,0,0,1,0,0,0,1,0,0,1,0,0,0,0,1
41,16929.75,5000.0,3,9,1,9.78,0.2953380882765546,2024,12,26,3,0,0,0,1,0,0,0,1,0,0,0,0,0,1,0,0,1
23,51690.82,5000.0,6,15,2,4.37,0.0967289743130404,2023,5,14,6,1,0,1,0,0,0,0,0,1,0,0,0,0,1,0,0,1
18,16359.07,2792.09,3,3,0,1.29,0.1706753501268715,2024,9,13,4,0,0,0,1,0,0,0,0,1,0,0,0,1,0,0,0,0
41,13023.02,5000.0,3,15,3,7.34,0.3839355234039416,2024,7,2,1,0,0,0,1,0,0,0,0,1,0,0,0,0,0,1,0,0
54,44837.1,2421.99,9,2,3,8.69,0.0540175435074971,2024,12,26,3,0,1,0,0,0,1,0,0,0,0,0,1,0,0,0,0,1
49,32317.27,4267.41,6,11,1,1.83,0.1320473542474348,2023,4,19,2,0,1,0,0,0,0,0,0,0,1,0,0,0,0,0,1,0
26,63518.1,5000.0,3,2,0,2.7,0.0787177198310402,2024,9,1,6,1,1,0,0,0,0,0,0,1,0,0,0,1,0,0,0,0
52,58627.15,5000.0,6,11,2,8.96,0.0852847187693756,2024,10,28,0,0,0,1,0,0,0,0,0,1,0,0,0,0,0,0,1,1
48,21825.89,5000.0,3,7,2,3.64,0.2290857325863916,2024,10,1,1,0,0,0,1,0,0,0,0,0,1,0,0,0,0,0,1,0
43,87724.55,5000.0,3,17,1,9.75,0.0569965876142995,2023,4,24,0,0,0,1,0,0,1,0,0,0,0,0,0,1,0,0,0,0
59,38336.72,5000.0,3,12,2,7.9,0.1304232599972037,2024,10,6,6,1,1,0,0,0,0,0,1,0,0,0,1,0,0,0,0,0
19,47833.23,5000.0,3,8,2,4.71,0.1045298425383357,2024,10,21,0,0,0,1,0,0,1,0,0,0,0,0,0,0,0,1,0,1
34,23620.32,5000.0,6,14,2,7.87,0.2116821448650992,2024,8,15,3,0,0,0,1,0,0,1,0,0,0,0,0,1,0,0,0,1
33,29465.52,3447.05,3,2,0,4.1,0.1169858872336208,2024,7,25,3,0,0,1,0,0,0,1,0,0,0,0,0,0,0,1,0,0
45,79449.83,5000.0,9,10,2,1.94,0.0629327967095713,2024,8,13,1,0,1,0,0,0,0,0,0,1,0,0,1,0,0,0,0,0
31,74523.22,5000.0,12,4,0,8.62,0.0670931825007024,2023,2,23,3,0,0,1,0,0,0,1,0,0,0,0,0,0,0,0,1,0
21,11313.44,4905.01,9,4,0,4.33,0.4335560183286427,2024,10,1,1,0,0,0,1,0,1,0,0,0,0,0,1,0,0,0,0,1
25,52675.8,5000.0,3,8,1,2.9,0.0949202480076239,2024,9,22,6,1,1,0,0,0,0,0,1,0,0,0,0,0,0,1,0,0
46,26940.04,1166.49,3,8,2,7.86,0.0432994902754413,2024,9,13,4,0,0,0,1,0,0,0,0,1,0,0,0,0,0,1,0,0
48,66962.6,5000.0,12,14,1,3.94,0.0746685463228727,2023,2,2,3,0,0,1,0,0,0,1,0,0,0,0,0,0,1,0,0,0
21,35346.67,5000.0,9,13,3,5.61,0.1414560409792492,2023,5,20,5,1,1,0,0,0,0,1,0,0,0,0,0,0,1,0,0,1
52,89832.95,5000.0,6,2,0,6.15,0.0556588645925576,2024,11,27,2,0,0,1,0,0,1,0,0,0,0,0,0,1,0,0,0,0
29,106055.14,5000.0,6,1,0,8.96,0.0471452868762419,2024,11,17,6,1,0,1,0,0,0,0,0,1,0,1,0,0,0,0,0,0
38,48522.77,5000.0,6,7,1,9.02,0.1030444057501251,2024,11,1,4,0,1,0,0,0,1,0,0,0,0,0,0,0,0,0,1,1
52,65657.55,5000.0,3,6,1,4.51,0.0761527044490694,2023,1,12,3,0,1,0,0,0,0,0,0,1,0,0,0,0,1,0,0,0
46,67542.97,5000.0,9,10,1,1.69,0.074026949066646,2023,6,24,5,1,0,1,0,0,1,0,0,0,0,0,0,0,1,0,0,0
18,5814.46,1353.34,3,12,3,5.58,0.2327542024538822,2023,5,11,3,0,0,0,0,1,0,1,0,0,0,0,0,0,0,1,0,1
42,85655.98,5000.0,6,20,1,3.77,0.0583730406213319,2023,2,2,3,0,1,0,0,0,1,0,0,0,0,0,1,0,0,0,0,0
40,20644.69,3445.09,12,0,0,9.43,0.1668753563264936,2023,3,19,6,1,0,0,1,0,0,0,0,0,1,0,0,1,0,0,0,0
58,20154.53,4556.31,3,20,3,9.49,0.2260687795746167,2024,11,22,4,0,0,0,1,0,0,0,0,0,1,0,0,0,0,1,0,1
45,65050.51,5000.0,3,12,1,7.9,0.0768633481889688,2024,8,3,5,1,0,1,0,0,0,1,0,0,0,1,0,0,0,0,0,0
33,9150.8,1721.46,6,14,1,1.18,0.1881212571578441,2024,11,6,2,0,0,0,0,1,0,0,0,0,1,0,0,0,0,0,1,0
54,107461.79,5000.0,9,0,0,6.2,0.0465281659648513,2024,9,24,1,0,0,1,0,0,1,0,0,0,0,0,0,0,0,1,0,0
45,27881.52,5000.0,6,1,1,1.13,0.1793302517222877,2024,9,18,2,0,0,0,1,0,0,0,0,0,1,1,0,0,0,0,0,0
59,35970.9,5000.0,3,2,0,8.31,0.1390012482312091,2024,12,10,1,0,0,1,0,0,0,0,0,0,1,0,1,0,0,0,0,0
26,56424.94,5000.0,3,10,1,6.33,0.0886132975949996,2023,3,1,2,0,1,0,0,0,0,1,0,0,0,0,0,0,0,0,1,0
36,20200.57,5000.0,9,6,1,3.2,0.2475177680629804,2023,4,25,1,0,0,0,1,0,1,0,0,0,0,0,0,1,0,0,0,0
19,13643.5,4126.37,6,5,0,9.47,0.3024421885879723,2023,2,22,2,0,0,0,1,0,0,1,0,0,0,0,0,0,0,1,0,0
56,15235.89,100.0,12,2,0,9.32,0.0065634498542585,2024,8,22,3,0,0,0,1,0,0,0,1,0,0,0,0,0,0,1,0,0
34,62637.98,5000.0,12,5,1,7.79,0.0798237746491824,2024,10,30,2,0,0,1,0,0,0,0,0,1,0,0,0,0,0,0,1,0
36,56348.3,4807.74,12,2,1,3.28,0.0853218286975827,2024,10,16,2,0,0,1,0,0,1,0,0,0,0,0,0,0,1,0,0,0
54,22189.16,4139.54,9,13,1,7.12,0.1865568592952594,2024,10,25,4,0,0,0,1,0,0,1,0,0,0,1,0,0,0,0,0,1
44,10314.14,4799.25,12,2,0,7.33,0.4653078201381793,2023,4,2,6,1,0,0,1,0,0,1,0,0,0,1,0,0,0,0,0,0
50,38370.52,5000.0,12,24,3,4.7,0.130308372156541,2024,12,23,0,0,0,1,0,0,1,0,0,0,0,0,0,1,0,0,0,1
30,5763.64,1819.56,3,14,1,1.25,0.3156963307909585,2024,10,25,4,0,0,0,0,1,0,0,0,0,1,0,0,0,0,0,1,0
52,51600.96,5000.0,6,22,2,7.58,0.0968974220634655,2023,5,13,5,1,0,1,0,0,0,0,1,0,0,0,0,1,0,0,0,1
56,13348.21,5000.0,9,2,0,5.06,0.3745820600664808,2023,5,15,0,0,0,0,0,1,0,1,0,0,0,0,0,0,1,0,0,0
58,44825.84,5000.0,9,0,0,3.87,0.1115428065597878,2024,12,15,6,1,0,1,0,0,0,0,1,0,0,1,0,0,0,0,0,1
51,18736.54,5000.0,12,16,4,9.23,0.2668582352985129,2023,4,6,3,0,0,0,0,1,0,1,0,0,0,0,0,0,1,0,0,1
24,54372.39,5000.0,12,8,1,6.27,0.0919584369934814,2024,8,7,2,0,0,1,0,0,0,1,0,0,0,0,0,0,0,0,1,1
35,5000.0,1421.23,3,9,1,4.3,0.284246,2024,8,4,6,1,0,0,0,1,1,0,0,0,0,0,0,0,0,1,0,1
20,64585.33,5000.0,12,1,0,1.29,0.0774169614059415,2024,12,20,4,0,0,1,0,0,0,0,0,1,0,1,0,0,0,0,0,0
43,63960.84,5000.0,3,12,1,6.8,0.0781728320015809,2024,7,13,5,1,1,0,0,0,0,1,0,0,0,0,1,0,0,0,0,0
36,49963.59,5000.0,6,1,0,6.14,0.1000728730661667,2024,11,4,0,0,1,0,0,0,0,0,0,1,0,0,0,0,0,0,1,0
22,15009.55,289.02,9,3,0,5.57,0.0192557405118741,2024,8,15,3,0,0,0,1,0,0,1,0,0,0,0,1,0,0,0,0,0
57,12542.79,2989.14,9,10,1,5.5,0.2383153987270774,2024,11,30,5,1,0,0,0,1,1,0,0,0,0,0,0,0,0,0,1,0
51,62822.97,5000.0,12,20,2,4.13,0.0795887236786162,2024,7,3,2,0,0,1,0,0,0,1,0,0,0,0,0,0,0,1,0,1
56,109005.84,5000.0,3,0,0,9.33,0.045869102059119,2023,4,29,5,1,0,1,0,0,0,1,0,0,0,0,1,0,0,0,0,0
55,9065.65,4593.95,3,1,0,1.2,0.5067424839917711,2024,11,25,0,0,1,0,0,0,1,0,0,0,0,0,0,0,1,0,0,1
34,23573.0,5000.0,3,2,0,3.0,0.2121070716497688,2024,10,4,4,0,0,1,0,0,0,0,0,1,0,0,0,0,0,0,1,1
18,30281.4,5000.0,9,12,2,7.3,0.165117861129274,2023,6,27,1,0,1,0,0,0,0,0,0,0,1,0,0,1,0,0,0,0
27,73698.09,5000.0,12,9,1,1.41,0.0678443634020908,2023,6,25,6,1,0,1,0,0,1,0,0,0,0,0,0,0,0,1,0,0
38,8258.78,2763.24,9,0,0,5.29,0.3345821053472788,2023,3,9,3,0,0,0,0,1,1,0,0,0,0,1,0,0,0,0,0,0
18,37987.59,5000.0,6,17,1,7.09,0.1316219323205289,2023,2,16,3,0,1,0,0,0,1,0,0,0,0,0,0,0,0,1,0,0
48,15871.72,3644.23,6,23,2,2.1,0.229605234971383,2023,3,2,3,0,0,0,1,0,1,0,0,0,0,0,0,0,1,0,0,1
29,11222.24,100.0,3,7,1,6.4,0.0089108769728681,2023,6,1,3,0,0,0,1,0,0,0,0,1,0,0,0,0,0,1,0,1
36,38107.19,5000.0,3,0,0,7.55,0.1312088348681705,2023,6,11,6,1,1,0,0,0,0,0,0,1,0,0,0,0,0,1,0,0
41,84564.85,5000.0,9,13,1,6.92,0.0591262208825534,2024,8,22,3,0,1,0,0,0,0,0,1,0,0,0,0,1,0,0,0,0
41,22438.24,5000.0,3,1,0,2.75,0.2228338764537682,2024,11,21,3,0,0,0,1,0,0,0,0,0,1,0,0,1,0,0,0,0
24,49100.22,5000.0,12,9,2,9.84,0.1018325376138844,2024,10,22,1,0,0,1,0,0,0,0,0,0,1,0,1,0,0,0,0,0
21,31693.87,3746.27,12,1,0,3.99,0.1182017216578474,2023,6,17,5,1,0,1,0,0,1,0,0,0,0,0,0,1,0,0,0,0
24,10734.36,2932.74,9,0,0,8.09,0.2732105127832492,2024,11,22,4,0,0,0,1,0,0,1,0,0,0,0,0,0,0,0,1,0
26,13604.23,5000.0,12,1,0,9.24,0.3675327453299452,2024,10,14,0,0,0,0,0,1,0,1,0,0,0,0,1,0,0,0,0,1
20,42662.18,5000.0,3,8,1,5.04,0.1171998242940234,2024,11,27,2,0,0,1,0,0,0,0,1,0,0,0,0,0,0,1,0,0
56,40547.44,5000.0,3,1,0,2.35,0.1233123472160017,2024,9,10,1,0,1,0,0,0,0,1,0,0,0,1,0,0,0,0,0,0
59,19634.04,5000.0,9,11,2,3.05,0.2546597643684132,2023,2,6,0,0,0,0,1,0,0,0,0,1,0,0,0,0,0,0,1,1
24,11134.47,100.0,3,23,2,9.95,0.0089811189935398,2023,6,4,6,1,0,0,0,1,1,0,0,0,0,0,0,0,0,0,1,0
55,73726.6,5000.0,3,18,3,9.69,0.0678181280569021,2023,2,4,5,1,1,0,0,0,0,1,0,0,0,1,0,0,0,0,0,1
29,50968.9,4704.82,12,2,0,3.95,0.0923076621233732,2024,11,21,3,0,1,0,0,0,1,0,0,0,0,1,0,0,0,0,0,0
20,5000.0,1827.68,6,13,1,9.18,0.365536,2023,4,10,0,0,0,0,0,1,0,1,0,0,0,1,0,0,0,0,0,0
34,5000.0,2359.93,6,2,0,1.29,0.4719859999999999,2024,9,19,3,0,0,0,0,1,0,0,0,0,1,0,0,0,1,0,0,0
24,7568.39,2369.23,6,0,0,3.76,0.3130428003842296,2023,3,6,0,0,0,0,0,1,1,0,0,0,0,0,0,1,0,0,0,0
45,15544.74,5000.0,6,10,1,4.1,0.3216522116162766,2023,5,23,1,0,0,0,1,0,1,0,0,0,0,0,0,0,0,1,0,1
42,60351.37,5000.0,12,12,1,5.06,0.0828481606962692,2023,4,26,2,0,0,1,0,0,0,0,1,0,0,0,0,0,1,0,0,0
38,66440.94,5000.0,12,12,1,3.34,0.0752548052450793,2024,9,8,6,1,0,1,0,0,1,0,0,0,0,0,0,0,0,0,1,0
45,67256.03,5000.0,3,10,1,1.37,0.0743427764023538,2024,8,8,3,0,1,0,0,0,1,0,0,0,0,0,0,0,1,0,0,0
44,63169.69,5000.0,6,4,0,7.02,0.0791518843926573,2024,11,27,2,0,1,0,0,0,0,0,0,0,1,0,0,0,0,1,0,0
40,17763.05,5000.0,6,12,1,5.2,0.2814831912312356,2023,4,4,1,0,0,0,0,1,0,1,0,0,0,0,0,0,0,0,1,0
53,23302.65,100.0,12,11,1,9.93,0.0042913574207225,2024,7,24,2,0,0,0,1,0,0,0,0,1,0,0,0,0,0,1,0,0
55,18976.38,5000.0,3,12,1,1.68,0.2634854487526071,2024,12,12,3,0,0,0,0,1,0,0,0,1,0,0,0,0,0,0,1,0
34,20141.41,5000.0,9,13,2,7.34,0.2482447852459187,2023,4,24,0,0,0,0,1,0,0,0,1,0,0,0,1,0,0,0,0,0
53,33732.44,5000.0,3,3,0,2.08,0.1482252692067339,2024,12,9,0,0,1,0,0,0,0,1,0,0,0,0,0,0,0,0,1,0
52,53238.26,5000.0,3,7,1,6.41,0.0939174195400075,2023,1,19,3,0,0,1,0,0,0,0,1,0,0,1,0,0,0,0,0,1
36,17386.7,4061.0,6,0,0,1.81,0.2335693374820983,2023,2,9,3,0,0,0,0,1,1,0,0,0,0,1,0,0,0,0,0,1
32,46270.39,5000.0,6,12,2,2.02,0.1080604680444664,2024,7,9,1,0,0,1,0,0,0,0,0,0,1,0,0,0,0,0,1,0
38,18306.4,5000.0,9,16,2,6.57,0.2731285233579513,2023,6,23,4,0,0,0,1,0,0,0,0,0,1,0,1,0,0,0,0,1
48,96344.88,5000.0,12,2,0,9.63,0.0518968937425631,2024,9,19,3,0,0,1,0,0,0,0,0,0,1,0,0,0,0,0,1,0
58,78084.17,5000.0,12,1,0,3.34,0.0640334654258347,2024,10,28,0,0,1,0,0,0,0,1,0,0,0,0,0,0,0,1,0,0
53,76444.52,5000.0,6,11,1,4.11,0.0654069120978194,2023,5,10,2,0,1,0,0,0,0,0,0,1,0,0,0,0,1,0,0,0
25,16056.98,4460.52,6,2,0,6.21,0.2777932089346814,2024,7,26,4,0,0,0,1,0,0,0,0,1,0,0,0,0,1,0,0,0
43,12567.58,4260.95,9,5,1,4.11,0.339042997935959,2024,7,29,0,0,0,0,0,1,0,0,0,1,0,0,0,0,0,1,0,1
47,21868.93,5000.0,3,14,1,9.71,0.2286348714820524,2024,10,24,3,0,0,0,1,0,0,0,0,1,0,0,0,0,0,0,1,1
43,23465.71,5000.0,9,10,1,2.55,0.2130768683325584,2024,12,23,0,0,0,0,1,0,0,1,0,0,0,0,1,0,0,0,0,0
54,5000.0,1792.05,6,14,2,2.12,0.35841,2023,2,4,5,1,0,0,1,0,1,0,0,0,0,0,0,0,1,0,0,1
26,5000.0,2652.43,9,4,0,9.35,0.530486,2023,3,4,5,1,0,0,0,1,1,0,0,0,0,0,0,1,0,0,0,0
19,7042.22,1765.73,9,3,0,7.89,0.2507348534979026,2024,7,24,2,0,0,0,0,1,0,0,0,0,1,0,1,0,0,0,0,1
22,15720.66,5000.0,3,16,2,7.1,0.3180528043987975,2023,3,10,4,0,0,0,1,0,0,0,1,0,0,0,0,0,0,0,1,1
37,12961.7,1525.76,9,20,2,5.57,0.1177129543192636,2023,2,8,2,0,0,0,0,1,0,0,0,1,0,0,0,0,1,0,0,1
48,9395.07,613.99,12,4,0,4.86,0.0653523603336643,2024,8,22,3,0,0,0,0,1,0,0,0,0,1,0,0,0,1,0,0,1
23,30010.28,4806.54,3,13,1,3.83,0.1601631174384244,2023,4,27,3,0,0,1,0,0,0,1,0,0,0,0,1,0,0,0,0,0
33,80503.54,5000.0,12,13,2,1.81,0.0621090699862391,2024,7,5,4,0,0,1,0,0,0,0,0,1,0,1,0,0,0,0,0,0
52,121678.48,5000.0,9,0,0,4.49,0.0410919005562857,2023,5,18,3,0,0,1,0,0,0,0,1,0,0,0,0,0,0,0,1,0
19,54557.72,5000.0,3,0,0,9.12,0.0916460585229734,2023,6,4,6,1,1,0,0,0,0,0,1,0,0,1,0,0,0,0,0,0
38,14205.49,1448.3,9,19,2,5.97,0.101953540497371,2024,8,2,4,0,0,0,1,0,0,0,1,0,0,0,0,0,0,0,1,1
39,60753.94,5000.0,12,18,3,2.58,0.0822991891554687,2024,9,25,2,0,1,0,0,0,0,0,0,0,1,0,1,0,0,0,0,1
32,13302.69,3078.66,6,15,1,8.61,0.2314313871855992,2024,11,2,5,1,0,0,1,0,0,1,0,0,0,0,0,0,0,1,0,0
26,63141.53,5000.0,6,0,0,2.5,0.0791871847261224,2023,4,16,6,1,0,1,0,0,0,0,1,0,0,1,0,0,0,0,0,0
42,12429.75,5000.0,6,11,1,3.13,0.4022607051630161,2024,7,22,0,0,0,0,0,1,1,0,0,0,0,0,1,0,0,0,0,1
30,44394.91,5000.0,9,16,1,2.63,0.1126255239620938,2023,5,7,6,1,1,0,0,0,1,0,0,0,0,0,0,0,1,0,0,1
58,12477.1,3620.99,9,0,0,9.63,0.2902108663070745,2023,2,9,3,0,0,0,0,1,0,1,0,0,0,0,0,0,0,1,0,1
54,19953.47,367.47,3,13,2,7.42,0.0184163456281037,2024,12,28,5,1,0,0,1,0,1,0,0,0,0,1,0,0,0,0,0,0
53,13916.71,2960.33,3,13,2,6.19,0.2127176609988998,2024,7,26,4,0,0,0,1,0,0,0,1,0,0,0,0,0,0,1,0,1
25,51922.6,5000.0,3,3,0,4.88,0.0962971808037348,2024,12,2,0,0,1,0,0,0,0,0,0,1,0,0,0,0,0,0,1,0
33,63064.61,5000.0,12,8,1,5.1,0.0792837694548495,2024,12,18,2,0,0,1,0,0,0,0,0,0,1,0,0,0,0,0,1,0
52,17899.44,5000.0,3,14,2,3.07,0.2793383480153569,2023,3,12,6,1,0,0,0,1,1,0,0,0,0,0,0,0,0,1,0,0
36,10671.72,2720.58,3,0,0,5.94,0.254933600206902,2023,6,18,6,1,0,0,0,1,0,0,1,0,0,0,0,0,0,1,0,0
24,5000.0,929.43,12,0,0,8.49,0.185886,2024,8,2,4,0,0,0,0,1,0,0,0,1,0,1,0,0,0,0,0,0
54,16890.13,4557.0,6,10,1,6.76,0.2698025414842869,2023,2,16,3,0,0,0,1,0,1,0,0,0,0,0,0,0,0,1,0,1
22,41031.72,5000.0,12,11,1,3.41,0.1218569438473454,2023,4,21,4,0,1,0,0,0,0,0,1,0,0,0,0,1,0,0,0,0
52,29041.77,5000.0,9,11,1,6.28,0.17216581496238,2024,12,18,2,0,1,0,0,0,0,1,0,0,0,0,0,0,1,0,0,1
32,20886.12,5000.0,12,2,1,6.85,0.239393434491423,2023,5,11,3,0,1,0,0,0,0,1,0,0,0,0,0,0,0,1,0,0
50,112531.6,5000.0,9,4,0,6.83,0.0444319639994454,2023,4,11,1,0,0,1,0,0,0,1,0,0,0,0,0,0,0,0,1,0
25,7696.98,1591.61,6,16,2,1.22,0.2067836995808745,2024,10,19,5,1,0,0,1,0,0,0,0,1,0,0,1,0,0,0,0,1
53,16352.71,1014.28,3,1,0,5.75,0.0620251933777337,2024,7,28,6,1,0,0,1,0,0,0,0,1,0,0,1,0,0,0,0,0
48,59589.88,5000.0,3,12,3,8.94,0.0839068647226676,2024,11,23,5,1,0,1,0,0,0,1,0,0,0,0,0,1,0,0,0,1
31,10775.0,100.0,3,17,2,2.5,0.0092807424593967,2023,6,17,5,1,0,0,1,0,0,0,0,0,1,0,0,0,0,0,1,1
50,74938.05,5000.0,12,27,2,8.56,0.0667217788560017,2024,8,29,3,0,1,0,0,0,0,0,0,1,0,0,0,1,0,0,0,0
28,10144.45,5000.0,9,19,1,4.93,0.4928803434390232,2024,8,8,3,0,0,0,0,1,0,0,0,0,1,0,0,1,0,0,0,1
37,80404.64,5000.0,12,1,0,3.74,0.0621854659134099,2024,10,31,3,0,0,1,0,0,0,0,0,1,0,1,0,0,0,0,0,0
39,6481.04,1906.87,9,11,1,3.05,0.2942228407786404,2023,6,28,2,0,0,0,0,1,1,0,0,0,0,0,1,0,0,0,0,0
23,10291.31,3261.4,12,18,2,9.19,0.3169081487196479,2023,6,1,3,0,0,0,0,1,0,0,1,0,0,0,0,0,1,0,0,1
53,21115.58,5000.0,6,6,1,8.66,0.236791980139783,2023,4,11,1,0,0,0,0,1,0,1,0,0,0,0,1,0,0,0,0,0
23,41072.35,5000.0,12,16,2,3.84,0.1217363993051286,2023,6,16,4,0,1,0,0,0,0,0,0,0,1,1,0,0,0,0,0,1
38,35454.81,5000.0,12,25,4,1.49,0.1410245887652479,2024,12,1,6,1,1,0,0,0,0,0,0,0,1,0,0,0,1,0,0,1
32,34670.63,5000.0,9,3,0,6.55,0.1442142816556837,2023,1,10,1,0,1,0,0,0,0,0,0,0,1,0,0,0,0,1,0,0
37,59981.62,5000.0,12,23,3,2.57,0.0833588689335166,2024,9,12,3,0,1,0,0,0,0,0,1,0,0,0,0,0,0,1,0,1
21,39979.11,5000.0,9,11,1,3.32,0.1250653153609472,2023,1,18,2,0,0,1,0,0,0,0,0,0,1,0,0,1,0,0,0,0
51,93509.94,5000.0,3,14,1,8.47,0.0534702513978727,2024,7,8,0,0,1,0,0,0,1,0,0,0,0,0,0,1,0,0,0,0
55,69477.63,5000.0,9,21,1,8.16,0.0719656096501852,2024,10,10,3,0,1,0,0,0,0,0,0,1,0,0,0,1,0,0,0,1
23,22470.99,5000.0,6,14,1,8.17,0.2225091106355349,2023,6,17,5,1,0,1,0,0,0,0,0,0,1,0,0,0,0,1,0,0
52,20536.39,3157.3,9,5,1,4.09,0.1537417238375391,2023,6,29,3,0,1,0,0,0,1,0,0,0,0,0,0,1,0,0,0,0
25,51938.31,5000.0,12,15,1,8.59,0.0962680533887221,2023,4,24,0,0,1,0,0,0,0,1,0,0,0,0,0,1,0,0,0,0
22,8577.44,1596.67,3,3,0,1.76,0.186147615139249,2024,11,25,0,0,0,0,0,1,0,0,0,1,0,1,0,0,0,0,0,1
41,26543.0,5000.0,3,2,0,1.54,0.1883735824887917,2023,4,7,4,0,0,0,1,0,0,1,0,0,0,0,0,1,0,0,0,1
55,5000.0,1072.76,6,0,0,4.61,0.214552,2023,5,27,5,1,0,0,0,1,0,0,0,1,0,0,1,0,0,0,0,0
33,14053.82,4585.66,3,0,0,3.97,0.3262927801836084,2024,9,4,2,0,0,0,0,1,1,0,0,0,0,0,0,0,1,0,0,1
57,5000.0,1778.96,6,11,2,5.01,0.355792,2024,9,8,6,1,0,0,0,1,1,0,0,0,0,0,1,0,0,0,0,1
59,76169.95,5000.0,12,10,1,7.39,0.0656426845494844,2023,4,21,4,0,0,1,0,0,0,1,0,0,0,0,0,0,0,0,1,0
26,8184.52,3352.55,3,5,0,1.61,0.4096208452053388,2023,6,25,6,1,0,0,1,0,0,0,0,0,1,0,0,0,1,0,0,0
19,5978.6,2217.46,3,22,1,9.1,0.3708995416987254,2023,3,27,0,0,0,0,0,1,0,0,0,0,1,0,1,0,0,0,0,1
49,5984.41,2026.87,9,15,2,6.57,0.3386917006020643,2023,4,25,1,0,0,0,0,1,0,0,1,0,0,0,0,0,0,0,1,0
51,21715.86,5000.0,6,20,2,7.22,0.2302464650260224,2024,12,14,5,1,0,0,1,0,0,0,0,0,1,0,0,1,0,0,0,1
22,14248.64,5000.0,12,8,1,7.08,0.3509106834055742,2024,12,29,6,1,0,1,0,0,0,0,1,0,0,0,1,0,0,0,0,0
19,52489.59,5000.0,12,2,0,4.64,0.0952569833370769,2024,12,15,6,1,0,1,0,0,0,1,0,0,0,0,0,0,0,0,1,0
20,41289.21,5000.0,12,2,0,5.94,0.121097012996858,2024,10,8,1,0,0,1,0,0,0,1,0,0,0,0,0,0,0,1,0,0
56,14022.25,5000.0,9,14,1,2.63,0.3565761557524648,2024,11,24,6,1,0,0,0,1,1,0,0,0,0,0,1,0,0,0,0,0
25,42987.27,5000.0,6,0,0,4.43,0.1163135039745487,2024,9,21,5,1,0,1,0,0,0,0,1,0,0,0,0,1,0,0,0,0
55,71158.26,2447.71,3,15,1,9.55,0.0343981148499134,2024,7,31,2,0,1,0,0,0,0,0,1,0,0,0,0,0,0,1,0,0
25,61749.37,100.0,9,9,1,1.53,0.0016194497207016,2023,2,14,1,0,1,0,0,0,0,0,0,0,1,0,0,1,0,0,0,1
57,16530.28,2378.04,12,1,0,1.22,0.1438596321417423,2023,3,5,6,1,0,0,0,1,0,1,0,0,0,0,0,0,0,0,1,1
51,89660.62,5000.0,6,1,0,1.89,0.0557658423508559,2024,8,14,2,0,1,0,0,0,0,1,0,0,0,0,0,1,0,0,0,0
43,8276.58,1593.28,12,10,1,2.93,0.1925046335563723,2023,3,23,3,0,0,0,0,1,0,0,0,0,1,0,0,0,0,1,0,0
28,9315.32,1859.03,6,4,1,9.61,0.199566949927646,2023,4,8,5,1,0,0,0,1,1,0,0,0,0,0,0,1,0,0,0,0
19,7247.85,1073.23,12,13,1,3.09,0.1480756362231558,2024,10,7,0,0,0,0,1,0,0,0,1,0,0,0,0,0,0,0,1,0
49,20623.03,3163.56,3,12,1,5.84,0.1533993792376775,2023,1,12,3,0,0,0,1,0,1,0,0,0,0,1,0,0,0,0,0,0
28,72080.95,5000.0,3,10,1,9.28,0.0693664553533215,2024,11,25,0,0,0,1,0,0,0,1,0,0,0,1,0,0,0,0,0,0
38,63899.84,5000.0,12,19,2,1.26,0.0782474572706285,2023,2,17,4,0,0,1,0,0,1,0,0,0,0,0,1,0,0,0,0,1
55,16190.16,100.0,3,1,0,6.63,0.0061765912134284,2024,10,10,3,0,0,0,0,1,0,1,0,0,0,0,1,0,0,0,0,0
33,10267.63,4610.65,6,12,1,8.13,0.4490471510952381,2024,11,12,1,0,0,0,1,0,0,0,1,0,0,0,0,0,0,0,1,0
40,59295.01,5000.0,12,14,1,8.49,0.0843241277807356,2024,10,20,6,1,0,1,0,0,1,0,0,0,0,0,0,0,0,0,1,0
42,46020.59,5000.0,12,0,0,6.71,0.1086470208226361,2023,2,14,1,0,1,0,0,0,0,1,0,0,0,1,0,0,0,0,0,1
19,8780.06,2297.03,9,5,1,7.66,0.2616189411006303,2023,4,16,6,1,0,0,0,1,0,0,1,0,0,1,0,0,0,0,0,0
23,6759.78,2544.55,6,3,0,5.27,0.3764249724103448,2024,11,26,1,0,0,0,0,1,0,1,0,0,0,0,0,0,1,0,0,1
37,16865.42,5000.0,9,4,1,2.74,0.2964646003479309,2023,1,30,0,0,0,0,1,0,0,1,0,0,0,0,0,0,1,0,0,0
58,29747.99,5000.0,6,2,0,9.92,0.1680785827882825,2023,3,10,4,0,1,0,0,0,1,0,0,0,0,0,0,1,0,0,0,0
18,57488.64,5000.0,6,5,2,2.64,0.0869737047180103,2024,10,16,2,0,0,1,0,0,0,0,0,1,0,0,0,0,0,1,0,1
26,8295.14,1622.23,6,10,1,8.0,0.1955639085054622,2023,1,4,2,0,0,0,1,0,0,0,0,0,1,0,0,1,0,0,0,0
35,36689.11,5000.0,9,16,1,4.7,0.1362802204795919,2024,12,5,3,0,1,0,0,0,0,0,0,1,0,0,1,0,0,0,0,0
31,62396.13,5000.0,3,20,1,4.95,0.0801331749260731,2023,4,15,5,1,0,1,0,0,0,0,1,0,0,0,0,0,1,0,0,1
37,40760.28,5000.0,3,18,3,5.75,0.1226684409429964,2024,9,30,0,0,1,0,0,0,0,1,0,0,0,1,0,0,0,0,0,1
48,14288.89,2801.17,9,2,0,4.67,0.1960383206813125,2024,8,25,6,1,0,0,0,1,0,0,0,1,0,0,0,1,0,0,0,1
41,90385.47,5000.0,9,2,0,9.7,0.0553186258809076,2023,6,13,1,0,0,1,0,0,0,1,0,0,0,0,0,0,0,0,1,0
19,7791.07,616.7,6,23,1,8.31,0.0791547245757001,2024,7,8,0,0,0,0,0,1,0,0,1,0,0,0,0,0,0,0,1,0
56,11420.91,1862.73,6,10,1,5.99,0.1630982119638452,2024,8,15,3,0,0,0,0,1,0,1,0,0,0,1,0,0,0,0,0,0
55,67046.03,5000.0,9,6,2,2.02,0.0745756311000069,2024,10,26,5,1,1,0,0,0,0,0,1,0,0,0,0,0,0,1,0,0
23,6686.03,2303.51,9,11,1,1.59,0.3445258247420368,2024,9,11,2,0,0,0,0,1,0,0,1,0,0,0,1,0,0,0,0,1
28,6086.13,3395.36,9,0,0,7.73,0.5578848956561887,2023,5,7,6,1,0,0,0,1,0,1,0,0,0,0,1,0,0,0,0,1
49,97761.07,5000.0,3,10,1,2.65,0.0511451030558483,2024,7,3,2,0,0,1,0,0,0,1,0,0,0,1,0,0,0,0,0,0
50,35055.89,5000.0,12,13,2,3.72,0.1426293841063513,2024,8,12,0,0,1,0,0,0,0,0,0,1,0,0,0,0,0,1,0,1
56,9075.2,4049.1,3,6,0,2.66,0.4461719851904089,2024,7,30,1,0,0,0,0,1,0,0,0,1,0,0,0,0,0,1,0,0
35,16254.54,5000.0,12,11,1,4.9,0.307606367205716,2024,12,22,6,1,0,0,1,0,0,0,0,1,0,0,0,0,0,1,0,0
49,21775.18,5000.0,9,16,1,9.5,0.2296192270282036,2023,6,26,0,0,0,0,1,0,0,0,1,0,0,0,0,0,1,0,0,1
50,85299.98,5000.0,12,5,2,1.45,0.0586166608714327,2024,9,1,6,1,1,0,0,0,1,0,0,0,0,0,1,0,0,0,0,0
22,17288.64,4239.34,6,7,0,4.17,0.2452095711403557,2024,11,13,2,0,0,0,1,0,0,1,0,0,0,0,0,0,0,0,1,0
49,23082.39,5000.0,12,11,2,4.63,0.2166153504901355,2024,11,14,3,0,0,0,1,0,0,0,0,0,1,0,0,0,1,0,0,0
53,19946.92,2885.54,3,7,3,7.82,0.144660930108508,2024,11,29,4,0,0,0,1,0,0,0,0,1,0,0,1,0,0,0,0,0
20,20925.9,4138.86,9,12,1,3.89,0.1977864751336859,2024,9,17,1,0,1,0,0,0,0,0,0,0,1,0,0,1,0,0,0,0
25,12389.34,5000.0,12,13,1,4.07,0.4035727488308497,2024,7,17,2,0,0,0,0,1,1,0,0,0,0,1,0,0,0,0,0,1
42,21072.18,5000.0,3,6,0,8.19,0.2372796739587456,2023,4,27,3,0,0,0,1,0,0,0,0,0,1,0,0,0,0,0,1,0
21,41193.13,2393.69,6,13,1,2.93,0.0581089613729279,2023,4,4,1,0,1,0,0,0,1,0,0,0,0,1,0,0,0,0,0,1
44,30293.48,5000.0,12,3,1,5.83,0.1650520177939279,2023,1,20,4,0,1,0,0,0,0,0,0,0,1,0,1,0,0,0,0,0
46,14333.0,2801.38,6,11,1,8.38,0.1954496616200376,2023,2,8,2,0,0,0,1,0,0,0,1,0,0,0,0,1,0,0,0,1
28,5876.38,1595.61,12,4,0,1.36,0.2715294109638927,2024,11,6,2,0,0,0,1,0,0,1,0,0,0,0,0,0,0,0,1,1
46,59178.96,3486.58,3,1,0,2.8,0.0589158714516105,2024,9,9,0,0,1,0,0,0,0,0,0,1,0,0,1,0,0,0,0,0
59,23299.53,1676.04,6,12,4,5.24,0.0719344982495355,2024,10,4,4,0,0,0,1,0,0,0,1,0,0,0,1,0,0,0,0,1
55,22138.79,5000.0,3,8,1,8.21,0.22584793477873,2024,10,27,6,1,0,0,1,0,0,0,1,0,0,1,0,0,0,0,0,0
36,52346.86,318.88,12,1,0,3.46,0.0060916738845462,2023,5,12,4,0,1,0,0,0,0,1,0,0,0,0,0,1,0,0,0,0
31,104673.58,5000.0,9,3,0,3.2,0.0477675455449216,2024,10,14,0,0,0,1,0,0,0,1,0,0,0,0,0,0,0,1,0,0
31,35844.63,5000.0,12,18,1,7.75,0.1394909084010631,2024,9,14,5,1,1,0,0,0,0,0,0,0,1,0,1,0,0,0,0,1
46,43865.24,5000.0,12,15,3,2.26,0.1139854700441625,2024,8,3,5,1,1,0,0,0,0,0,1,0,0,0,1,0,0,0,0,1
58,10280.85,1461.19,6,4,1,6.7,0.1421273532830456,2024,10,15,1,0,0,0,0,1,0,0,0,1,0,0,0,0,0,0,1,1
22,41052.38,5000.0,3,12,1,2.34,0.1217956181834037,2023,1,14,5,1,1,0,0,0,0,0,0,0,1,0,0,0,0,0,1,1
39,67354.18,5000.0,6,15,1,5.82,0.0742344424651892,2023,4,17,0,0,0,1,0,0,1,0,0,0,0,0,0,0,1,0,0,0
53,63359.07,5000.0,6,12,1,2.08,0.0789152997353023,2023,4,24,0,0,1,0,0,0,0,0,0,1,0,0,1,0,0,0,0,0
46,5000.0,1522.48,6,10,1,7.08,0.304496,2023,6,1,3,0,0,0,0,1,0,0,0,0,1,0,1,0,0,0,0,0
23,12452.07,1946.93,9,0,0,6.89,0.1563539234842078,2023,1,29,6,1,0,0,1,0,0,1,0,0,0,0,1,0,0,0,0,0
20,11055.71,4323.08,12,15,2,8.92,0.3910268992222119,2024,7,18,3,0,0,0,1,0,0,1,0,0,0,0,0,0,1,0,0,0
23,20701.5,5000.0,3,16,2,7.61,0.2415283916624399,2024,9,12,3,0,0,1,0,0,0,0,1,0,0,0,0,0,0,1,0,1
44,16655.61,5000.0,12,0,0,4.38,0.3001991521175147,2023,6,10,5,1,0,0,1,0,0,0,0,1,0,0,0,1,0,0,0,0
28,13226.94,3700.89,6,2,0,1.74,0.2797994093872052,2023,4,13,3,0,0,0,0,1,0,1,0,0,0,0,1,0,0,0,0,1
27,101149.91,5000.0,12,0,0,4.06,0.0494315813034336,2023,6,27,1,0,0,1,0,0,0,0,1,0,0,0,0,0,1,0,0,0
32,7795.99,3951.88,3,17,2,2.35,0.5069118867520354,2024,9,18,2,0,0,0,0,1,0,0,1,0,0,0,0,0,1,0,0,1
20,41419.84,5000.0,3,11,2,4.65,0.120715096919737,2024,8,27,1,0,1,0,0,0,0,0,0,1,0,0,0,0,1,0,0,0
39,97998.39,5000.0,9,19,1,7.96,0.0510212463694556,2023,3,9,3,0,0,1,0,0,0,0,1,0,0,0,0,0,0,0,1,0
57,82687.88,5000.0,9,2,0,5.31,0.0604683540078666,2023,5,23,1,0,0,1,0,0,0,1,0,0,0,0,0,1,0,0,0,0
35,10040.91,2394.06,6,21,4,8.25,0.2384305804951941,2024,10,28,0,0,0,0,0,1,0,1,0,0,0,0,0,1,0,0,0,1
44,16365.13,5000.0,3,0,0,3.95,0.3055276676690011,2023,4,23,6,1,0,0,0,1,0,0,0,0,1,0,1,0,0,0,0,0
32,21633.43,1816.07,6,4,0,6.75,0.0839473906819214,2024,12,27,4,0,0,0,1,0,1,0,0,0,0,0,1,0,0,0,0,1
26,46648.41,5000.0,9,9,2,3.87,0.1071847893636674,2023,5,25,3,0,0,1,0,0,0,1,0,0,0,0,0,0,0,0,1,0
46,5288.74,448.99,6,11,3,3.66,0.0848954571410203,2024,7,26,4,0,0,0,1,0,0,1,0,0,0,1,0,0,0,0,0,1
18,35529.14,5000.0,9,16,2,9.79,0.1407295532624769,2024,8,6,1,0,0,1,0,0,0,0,1,0,0,1,0,0,0,0,0,1
55,52163.75,5000.0,3,0,0,6.71,0.0958520045050442,2024,11,4,0,0,0,1,0,0,0,0,0,1,0,0,0,1,0,0,0,0
24,13892.31,5000.0,3,14,1,7.93,0.3599113466370963,2023,2,12,6,1,0,0,1,0,0,1,0,0,0,0,0,0,0,1,0,0
23,7399.7,3862.76,3,13,3,1.18,0.5220157573955702,2024,12,22,6,1,0,0,0,1,1,0,0,0,0,0,0,0,1,0,0,1
35,27098.93,5000.0,12,15,1,4.05,0.184509130065283,2024,7,20,5,1,0,1,0,0,0,0,1,0,0,0,0,0,0,1,0,1
33,7709.25,982.89,9,2,0,5.95,0.1274948924992703,2023,2,21,1,0,0,0,1,0,1,0,0,0,0,0,0,0,0,0,1,0
21,11585.54,3820.3,12,0,0,7.54,0.329747253904436,2023,3,19,6,1,0,0,1,0,0,0,1,0,0,0,0,0,0,0,1,1
37,14612.6,2076.63,3,18,3,5.42,0.1421122866567209,2024,12,17,1,0,0,0,0,1,1,0,0,0,0,0,1,0,0,0,0,1
22,63775.78,5000.0,3,15,2,6.33,0.078399668338043,2024,9,14,5,1,0,1,0,0,0,0,1,0,0,0,0,0,0,1,0,0
51,28969.55,5000.0,12,14,3,1.62,0.1725950178722141,2023,4,21,4,0,1,0,0,0,0,0,0,1,0,0,0,0,0,0,1,1
48,44804.54,5000.0,12,4,0,7.41,0.1115958338150553,2024,10,31,3,0,1,0,0,0,0,0,0,1,0,0,1,0,0,0,0,0
45,68911.16,5000.0,6,2,0,7.83,0.0725571881245359,2024,11,29,4,0,1,0,0,0,0,0,0,0,1,0,1,0,0,0,0,0
43,70191.19,5000.0,9,18,2,1.52,0.0712340109919777,2023,6,19,0,0,1,0,0,0,0,0,0,1,0,0,0,0,0,1,0,0
20,8407.28,1783.27,3,9,1,1.11,0.2121102187627865,2024,10,2,2,0,0,0,0,1,0,0,0,1,0,0,0,0,0,0,1,0
44,16361.71,1266.87,6,5,0,7.74,0.0774289484412081,2024,11,17,6,1,0,0,1,0,1,0,0,0,0,0,0,0,0,1,0,0
51,52845.07,5000.0,9,5,0,7.86,0.0946162054473577,2023,5,2,1,0,0,1,0,0,1,0,0,0,0,0,0,0,1,0,0,0
37,33729.93,5000.0,9,10,2,7.73,0.1482362993341522,2023,2,17,4,0,0,1,0,0,0,0,1,0,0,0,0,1,0,0,0,0
40,13508.34,3226.18,9,2,0,9.64,0.238828753199875,2024,12,5,3,0,0,0,0,1,0,1,0,0,0,0,0,1,0,0,0,1
34,13195.65,3446.9,6,11,2,4.86,0.2612148700518731,2024,8,19,0,0,0,0,1,0,0,1,0,0,0,0,0,0,0,0,1,0
45,13378.91,3142.64,6,22,2,3.03,0.2348950699272212,2024,11,5,1,0,0,0,0,1,0,0,0,1,0,1,0,0,0,0,0,1
23,67614.71,5000.0,12,1,0,4.28,0.0739484056058215,2023,4,15,5,1,1,0,0,0,0,0,0,1,0,0,1,0,0,0,0,0
49,15077.26,4485.7,3,13,1,1.27,0.2975142698341741,2024,9,11,2,0,0,0,1,0,0,0,0,1,0,0,0,0,0,0,1,1
55,97065.59,5000.0,12,2,0,7.75,0.0515115603789149,2023,6,21,2,0,0,1,0,0,0,0,0,0,1,0,0,1,0,0,0,0
33,67294.35,5000.0,6,12,2,2.73,0.0743004427563383,2023,6,22,3,0,1,0,0,0,0,0,0,0,1,1,0,0,0,0,0,0
43,26307.26,5000.0,9,18,3,2.02,0.1900616027666887,2024,7,5,4,0,0,0,1,0,0,0,0,1,0,0,1,0,0,0,0,1
29,15749.02,3738.64,12,3,0,6.79,0.2373887391088461,2024,12,24,1,0,0,0,1,0,0,0,0,1,0,0,1,0,0,0,0,0
50,9643.35,100.0,6,2,0,1.43,0.0103698403563077,2023,1,28,5,1,0,0,0,1,1,0,0,0,0,1,0,0,0,0,0,0
50,44999.54,1653.04,6,12,2,1.13,0.0367345977314434,2023,4,8,5,1,0,1,0,0,0,1,0,0,0,0,1,0,0,0,0,0
38,14435.27,1393.37,3,11,2,2.47,0.0965253853928606,2024,11,1,4,0,0,0,0,1,0,0,0,0,1,0,0,0,0,0,1,0
32,12555.69,1176.03,6,0,0,4.13,0.0936651032320804,2023,6,18,6,1,0,0,0,1,0,0,0,1,0,0,0,0,1,0,0,1
33,24948.03,5000.0,9,4,0,6.54,0.2004166260822999,2023,1,4,2,0,0,1,0,0,0,0,1,0,0,1,0,0,0,0,0,0
24,7860.57,213.75,12,14,1,7.93,0.027192684499979,2024,11,29,4,0,0,0,0,1,0,0,1,0,0,0,0,1,0,0,0,1
42,69822.43,5000.0,9,2,0,3.27,0.0716102261121533,2024,12,25,2,0,0,1,0,0,0,0,0,0,1,0,0,0,0,0,1,0
48,74949.91,5000.0,3,10,1,6.04,0.0667112208673766,2023,5,21,6,1,1,0,0,0,0,0,1,0,0,0,0,1,0,0,0,0
58,59368.63,5000.0,6,0,0,1.48,0.0842195617449821,2024,9,17,1,0,0,1,0,0,0,1,0,0,0,0,0,0,0,1,0,0
53,5000.0,1624.92,12,14,2,4.19,0.324984,2023,6,6,1,0,0,0,1,0,1,0,0,0,0,0,0,1,0,0,0,0
36,15382.2,5000.0,12,5,0,5.02,0.3250510330121829,2023,3,24,4,0,1,0,0,0,1,0,0,0,0,1,0,0,0,0,0,0
22,13774.24,5000.0,6,14,2,7.8,0.3629964339230331,2023,5,6,5,1,0,0,1,0,0,0,0,0,1,1,0,0,0,0,0,0
37,79952.75,5000.0,12,2,0,6.47,0.0625369358777528,2023,5,22,0,0,1,0,0,0,0,0,0,1,0,0,0,0,0,0,1,0
46,13304.26,5000.0,6,8,2,6.31,0.3758194743638504,2023,6,25,6,1,0,0,1,0,1,0,0,0,0,0,1,0,0,0,0,0
24,10237.15,2017.87,3,0,0,8.61,0.1971124775938615,2024,10,19,5,1,0,0,0,1,0,0,0,0,1,0,1,0,0,0,0,0
50,28204.67,5000.0,9,0,0,1.65,0.177275607195546,2024,7,6,5,1,0,0,1,0,0,1,0,0,0,0,0,0,1,0,0,0
54,7454.49,1724.06,12,22,4,3.62,0.2312780619465584,2023,2,17,4,0,0,0,0,1,0,0,1,0,0,1,0,0,0,0,0,1
34,20942.03,4410.6,12,0,0,7.48,0.2106099551953655,2023,6,15,3,0,0,0,1,0,0,1,0,0,0,1,0,0,0,0,0,1
19,42961.03,5000.0,3,11,1,8.19,0.1163845466461116,2024,12,3,1,0,0,1,0,0,0,0,0,0,1,1,0,0,0,0,0,0
19,6887.71,2386.43,3,4,1,1.93,0.3464765502612624,2023,3,2,3,0,0,0,0,1,0,0,0,1,0,0,0,0,0,0,1,0
23,41553.13,5000.0,3,6,0,8.45,0.120327879031014,2024,9,20,4,0,0,1,0,0,0,1,0,0,0,0,0,1,0,0,0,0
45,93616.04,100.0,6,8,1,5.3,0.0010681930147867,2024,7,22,0,0,0,1,0,0,1,0,0,0,0,0,0,0,0,0,1,0
37,19756.23,3147.82,9,15,2,8.56,0.1593330306440044,2023,3,27,0,0,0,0,1,0,0,0,1,0,0,0,0,1,0,0,0,0
48,10833.05,5000.0,9,0,0,8.9,0.4615505328600902,2023,2,20,0,0,0,0,1,0,0,0,0,1,0,0,0,0,0,1,0,1
37,15919.09,4697.92,9,2,0,8.81,0.2951123462459223,2024,10,21,0,0,0,0,1,0,0,0,1,0,0,1,0,0,0,0,0,1
40,87126.24,5000.0,3,7,2,1.91,0.05738799241193,2023,4,20,3,0,0,1,0,0,0,1,0,0,0,0,0,1,0,0,0,0
25,17171.4,4342.35,9,10,2,6.0,0.2528827003039938,2023,6,12,0,0,0,0,1,0,0,0,1,0,0,0,0,0,0,0,1,0
42,28573.15,5000.0,9,2,0,1.03,0.1749894568852226,2023,5,13,5,1,0,1,0,0,0,0,1,0,0,1,0,0,0,0,0,1
35,97888.69,5000.0,3,1,0,8.58,0.0510784238710314,2023,5,1,0,0,0,1,0,0,1,0,0,0,0,1,0,0,0,0,0,0
36,90245.47,5000.0,3,6,2,1.2,0.055404443015256,2023,2,7,1,0,1,0,0,0,0,1,0,0,0,0,0,0,0,0,1,0
26,7912.34,1061.26,12,2,0,4.77,0.1341271987806388,2023,5,15,0,0,0,0,0,1,1,0,0,0,0,0,1,0,0,0,0,0
40,46948.22,5000.0,3,2,0,7.57,0.1065003103419043,2023,1,14,5,1,1,0,0,0,1,0,0,0,0,0,1,0,0,0,0,0
59,64141.94,5000.0,6,1,0,4.99,0.0779521168209131,2023,4,9,6,1,0,1,0,0,0,0,0,1,0,0,1,0,0,0,0,0
33,8844.84,2122.68,12,2,0,7.68,0.2399907742819542,2024,9,22,6,1,0,0,0,1,1,0,0,0,0,0,0,0,0,0,1,1
38,14356.53,3233.44,9,13,2,9.82,0.2252243404220936,2023,2,24,4,0,0,0,0,1,0,0,1,0,0,1,0,0,0,0,0,1
54,89316.16,4594.41,9,8,1,9.39,0.0514398514221838,2024,10,29,1,0,1,0,0,0,0,1,0,0,0,0,0,1,0,0,0,0
45,49813.41,5000.0,12,14,1,9.22,0.1003745778496192,2023,3,2,3,0,1,0,0,0,0,0,0,1,0,1,0,0,0,0,0,1
20,9315.82,1924.0,6,2,0,4.35,0.206530396680056,2024,12,30,0,0,0,0,0,1,0,0,1,0,0,0,0,0,0,1,0,0
53,19338.53,5000.0,9,4,1,4.67,0.2585511928776386,2023,6,15,3,0,0,0,1,0,1,0,0,0,0,0,0,0,1,0,0,1
18,54171.61,5000.0,12,3,0,1.88,0.0922992689344104,2024,8,23,4,0,0,1,0,0,0,1,0,0,0,1,0,0,0,0,0,0
34,8203.11,1027.67,12,4,0,9.27,0.1252780957466131,2023,1,1,6,1,0,0,0,1,0,0,0,1,0,0,0,0,1,0,0,0
48,18068.08,4499.87,6,20,2,3.41,0.249050812261181,2023,3,7,1,0,0,0,1,0,1,0,0,0,0,0,0,1,0,0,0,0
43,12446.91,4098.91,12,15,2,8.5,0.3293114515972237,2023,2,7,1,0,0,0,1,0,0,0,1,0,0,0,0,0,0,0,1,0
27,8572.1,2901.32,3,15,2,6.05,0.3384608205690554,2023,2,14,1,0,0,0,1,0,0,0,0,1,0,0,0,1,0,0,0,1
20,5000.0,803.9,9,2,0,7.57,0.16078,2024,12,1,6,1,0,0,0,1,1,0,0,0,0,1,0,0,0,0,0,1
21,33502.11,4696.67,12,0,0,7.2,0.1401902745827054,2024,9,24,1,0,1,0,0,0,0,0,0,1,0,0,0,1,0,0,0,0
41,62448.0,100.0,3,3,0,3.12,0.0016013323084806,2024,7,20,5,1,1,0,0,0,1,0,0,0,0,0,0,0,0,1,0,0
37,64038.84,5000.0,12,0,0,6.97,0.0780776166463977,2024,8,9,4,0,0,1,0,0,0,0,0,0,1,1,0,0,0,0,0,0
21,46274.34,5000.0,12,0,0,6.03,0.1080512439507511,2023,2,23,3,0,0,1,0,0,0,0,1,0,0,0,0,0,1,0,0,0
42,17714.59,100.0,6,15,1,5.46,0.0056450643226854,2023,6,25,6,1,0,0,0,1,0,1,0,0,0,1,0,0,0,0,0,0
18,40288.25,5000.0,9,7,1,7.32,0.1241056635619566,2023,5,1,0,0,0,1,0,0,1,0,0,0,0,1,0,0,0,0,0,1
19,15946.43,2267.37,12,2,0,6.93,0.1421866837906666,2023,3,4,5,1,0,0,0,1,0,0,0,1,0,0,1,0,0,0,0,1
42,48269.91,5000.0,9,1,0,2.76,0.1035841997633722,2023,3,10,4,0,0,1,0,0,1,0,0,0,0,1,0,0,0,0,0,0
34,48317.88,5000.0,3,9,1,2.47,0.1034813613511188,2024,12,12,3,0,1,0,0,0,0,0,0,1,0,0,0,1,0,0,0,1
35,8792.7,5000.0,6,7,1,5.39,0.568653542142914,2023,2,24,4,0,0,0,0,1,0,1,0,0,0,0,0,0,0,1,0,1
50,76882.88,5000.0,9,2,0,5.78,0.0650339841587619,2024,11,16,5,1,1,0,0,0,1,0,0,0,0,0,0,1,0,0,0,0
32,12309.81,4276.72,12,16,2,8.44,0.3474237214059356,2024,11,11,0,0,0,0,1,0,0,0,0,0,1,0,1,0,0,0,0,0
21,26228.21,3510.94,9,11,2,4.0,0.1338612127934007,2024,8,28,2,0,1,0,0,0,1,0,0,0,0,1,0,0,0,0,0,1
18,8175.54,2673.38,3,7,1,4.21,0.3269973604190059,2023,1,1,6,1,0,0,0,1,1,0,0,0,0,0,0,0,0,0,1,1
59,21545.12,5000.0,6,19,3,4.19,0.23207111401561,2023,2,2,3,0,0,0,1,0,0,0,0,0,1,0,0,1,0,0,0,0
41,21869.09,5000.0,9,2,0,3.79,0.2286331987293481,2024,9,3,1,0,0,0,1,0,0,1,0,0,0,0,0,1,0,0,0,0
21,49485.92,5000.0,3,22,2,7.94,0.1010388409470815,2024,7,16,1,0,0,1,0,0,0,1,0,0,0,0,0,0,0,0,1,1
33,98706.76,5000.0,6,12,1,6.15,0.0506550919106249,2024,12,9,0,0,0,1,0,0,0,0,0,1,0,0,0,1,0,0,0,0
38,14459.62,3025.42,12,13,2,6.07,0.2092323311400991,2024,8,15,3,0,0,0,1,0,1,0,0,0,0,0,1,0,0,0,0,0
42,19309.34,5000.0,3,9,1,4.04,0.2589420456628761,2024,10,2,2,0,0,0,1,0,0,0,0,1,0,0,0,0,1,0,0,0
49,11060.65,4185.97,12,1,0,7.29,0.378456058188262,2023,5,12,4,0,0,0,0,1,0,1,0,0,0,0,0,0,1,0,0,0
56,70016.18,5000.0,6,0,0,4.83,0.0714120650398236,2023,1,5,3,0,1,0,0,0,0,0,0,0,1,0,0,1,0,0,0,0
34,9085.39,2706.97,9,1,0,4.5,0.2979475839782332,2024,7,19,4,0,0,0,0,1,0,0,0,1,0,0,0,0,1,0,0,1
43,54668.98,5000.0,3,13,1,5.61,0.0914595443339165,2023,2,13,0,0,0,1,0,0,0,0,0,1,0,0,0,1,0,0,0,0
41,71396.43,5000.0,9,0,0,5.78,0.0700315127801208,2023,6,19,0,0,1,0,0,0,0,0,0,1,0,1,0,0,0,0,0,0
22,10872.85,4207.06,9,2,0,6.13,0.3869325889716128,2023,1,30,0,0,0,0,1,0,0,0,1,0,0,0,0,0,1,0,0,1
35,13778.92,2889.45,6,0,0,5.48,0.209700760291808,2024,11,22,4,0,0,0,1,0,1,0,0,0,0,0,0,0,0,1,0,0
54,97535.65,5000.0,6,0,0,2.09,0.0512633073137873,2023,6,25,6,1,0,0,0,1,0,0,0,0,1,0,0,0,0,1,0,0
31,72842.39,5000.0,6,7,1,1.96,0.0686413501808493,2023,1,2,0,0,0,1,0,0,0,0,0,0,1,0,0,0,1,0,0,0
42,55790.17,5000.0,12,14,1,3.96,0.0896215229313694,2023,4,27,3,0,0,1,0,0,0,1,0,0,0,0,0,0,0,1,0,0
20,24966.28,4010.9,9,13,1,4.64,0.1606526883460411,2023,5,17,2,0,1,0,0,0,0,0,0,1,0,1,0,0,0,0,0,1
31,11706.52,127.34,6,10,1,7.85,0.010877698923335,2024,7,2,1,0,0,0,0,1,0,1,0,0,0,0,1,0,0,0,0,1
42,45487.04,5000.0,9,6,0,7.54,0.1099214193757166,2023,4,12,2,0,0,1,0,0,0,0,1,0,0,1,0,0,0,0,0,1
39,8111.82,790.78,6,0,0,2.19,0.0974849047439415,2024,10,31,3,0,0,0,0,1,1,0,0,0,0,0,0,0,0,1,0,0
28,39976.3,5000.0,12,15,2,1.37,0.1250741064080467,2024,11,3,6,1,1,0,0,0,0,1,0,0,0,0,0,1,0,0,0,0
29,6041.57,1831.63,9,12,1,2.99,0.3031711955667153,2023,4,28,4,0,0,0,0,1,1,0,0,0,0,0,0,1,0,0,0,0
52,71727.08,5000.0,9,15,2,7.75,0.0697086790651452,2024,9,30,0,0,1,0,0,0,0,0,0,1,0,1,0,0,0,0,0,0
59,7100.7,3230.54,9,17,3,7.62,0.4549607785147943,2023,1,19,3,0,0,0,0,1,0,0,0,0,1,1,0,0,0,0,0,0
39,70445.94,5000.0,6,9,1,9.3,0.0709764111317132,2023,5,7,6,1,0,1,0,0,0,0,0,1,0,0,0,0,1,0,0,0
18,14695.47,3191.82,3,3,0,6.87,0.2171975445494428,2023,6,13,1,0,0,0,1,0,1,0,0,0,0,0,1,0,0,0,0,0
33,14765.63,4190.59,6,16,3,6.0,0.2838070573351763,2024,7,9,1,0,0,0,0,1,0,0,0,1,0,0,0,0,0,1,0,1
42,93524.14,100.0,12,0,0,9.1,0.0010692426575641,2023,5,3,2,0,0,1,0,0,1,0,0,0,0,1,0,0,0,0,0,0
51,98571.96,5000.0,6,0,0,9.78,0.0507243642106741,2024,10,28,0,0,1,0,0,0,0,0,1,0,0,1,0,0,0,0,0,0
24,5210.22,1647.97,12,11,1,2.56,0.3162956650582892,2024,8,25,6,1,0,0,0,1,1,0,0,0,0,0,0,1,0,0,0,0
53,57383.23,5000.0,6,15,4,8.65,0.0871334708764215,2023,5,3,2,0,0,1,0,0,0,1,0,0,0,1,0,0,0,0,0,1
33,7308.75,2117.12,9,11,1,4.21,0.2896692320848298,2024,7,4,3,0,0,0,0,1,0,1,0,0,0,0,1,0,0,0,0,0
55,14021.04,3211.16,9,14,2,4.94,0.2290243805024448,2023,5,7,6,1,0,0,0,1,1,0,0,0,0,0,1,0,0,0,0,1
30,32676.45,5000.0,3,22,4,5.16,0.1530153979394946,2024,8,15,3,0,0,1,0,0,1,0,0,0,0,0,0,0,0,0,1,1
25,79514.46,5000.0,3,16,3,9.76,0.0628816444203985,2024,9,15,6,1,0,1,0,0,1,0,0,0,0,0,0,0,0,1,0,1
49,54820.13,5000.0,6,9,2,4.71,0.0912073721824446,2024,7,31,2,0,0,1,0,0,0,0,1,0,0,0,0,0,1,0,0,1
35,6307.97,2458.98,9,14,2,8.48,0.3898211310453283,2023,2,28,1,0,0,0,0,1,1,0,0,0,0,0,1,0,0,0,0,0
19,45109.8,5000.0,3,14,1,6.73,0.1108406599009527,2023,5,22,0,0,0,1,0,0,0,0,0,0,1,0,0,0,1,0,0,0
53,5448.86,1969.55,12,7,1,2.77,0.3614609294421218,2023,5,10,2,0,0,0,1,0,0,0,0,1,0,0,0,0,0,0,1,0
18,5000.0,815.62,6,3,0,2.14,0.163124,2023,4,19,2,0,0,0,1,0,0,0,0,1,0,1,0,0,0,0,0,0
59,23033.75,5000.0,9,1,1,6.79,0.2170727736473652,2024,11,22,4,0,0,0,1,0,0,0,0,1,0,0,0,1,0,0,0,1
40,29649.92,5000.0,9,19,2,1.6,0.1686345190813331,2024,11,1,4,0,1,0,0,0,0,0,1,0,0,0,1,0,0,0,0,0
58,23750.09,5000.0,9,3,0,5.81,0.2105255180085633,2024,7,7,6,1,0,1,0,0,0,0,0,1,0,0,1,0,0,0,0,0
48,5878.51,1417.09,12,17,2,1.01,0.2410627863183017,2024,10,1,1,0,0,0,1,0,0,0,0,1,0,0,1,0,0,0,0,1
53,64131.82,5000.0,6,12,1,1.19,0.0779644176634937,2024,8,3,5,1,1,0,0,0,0,0,1,0,0,0,0,0,0,0,1,0
35,55029.29,5000.0,12,0,0,8.17,0.0908607034544694,2024,8,29,3,0,0,1,0,0,0,0,0,1,0,0,0,0,0,0,1,0
20,9378.33,1911.47,3,0,0,8.71,0.2038177372730539,2024,11,9,5,1,0,0,0,1,0,0,0,1,0,1,0,0,0,0,0,0
52,68870.07,5000.0,12,2,0,2.04,0.0726004779725067,2024,11,6,2,0,0,1,0,0,0,0,1,0,0,1,0,0,0,0,0,0
19,9139.06,2453.55,12,12,1,2.78,0.2684685295861938,2023,5,31,2,0,0,0,1,0,0,0,0,0,1,0,0,0,0,0,1,0
49,8829.4,2593.89,9,1,0,5.88,0.2937787392121775,2024,9,19,3,0,0,0,0,1,0,0,1,0,0,0,0,0,0,0,1,0
59,89893.88,5000.0,3,24,2,6.09,0.0556211390586322,2023,6,4,6,1,1,0,0,0,1,0,0,0,0,0,0,0,1,0,0,0
22,47221.13,5000.0,12,17,2,2.27,0.1058848019943614,2024,11,17,6,1,1,0,0,0,0,0,0,1,0,0,0,1,0,0,0,1
59,34976.87,5000.0,12,6,1,4.68,0.1429516134519755,2024,12,21,5,1,0,1,0,0,0,1,0,0,0,0,0,0,0,1,0,0
25,57176.05,5000.0,9,11,4,7.77,0.0874492029442397,2023,2,8,2,0,1,0,0,0,0,0,0,0,1,0,0,0,0,0,1,1
52,12455.6,100.0,6,9,2,9.64,0.0080285172934262,2023,6,2,4,0,0,0,0,1,0,0,1,0,0,0,0,0,0,0,1,1
19,17593.81,5000.0,9,16,1,4.0,0.2841908603082561,2024,7,1,0,0,0,0,1,0,1,0,0,0,0,0,0,0,0,0,1,1
46,18352.37,5000.0,12,4,2,4.02,0.2724443763938936,2024,7,14,6,1,0,0,1,0,0,0,0,1,0,0,1,0,0,0,0,1
33,12741.54,1882.19,9,0,0,7.64,0.1477207621684662,2024,8,26,0,0,0,0,1,0,1,0,0,0,0,0,0,0,0,0,1,0
46,22998.12,1451.48,6,11,1,4.7,0.0631129848874603,2023,1,1,6,1,0,0,0,1,1,0,0,0,0,0,0,0,0,0,1,0
29,13609.14,4271.63,12,4,0,4.47,0.3138794956918659,2024,7,25,3,0,0,0,0,1,1,0,0,0,0,0,0,0,1,0,0,0
47,16448.76,2759.84,12,19,1,9.82,0.1677840761248872,2024,8,12,0,0,0,0,1,0,0,0,0,1,0,0,0,0,1,0,0,1
24,13601.07,5000.0,6,11,1,7.11,0.3676181359260705,2023,6,25,6,1,0,0,1,0,0,0,0,0,1,0,0,0,0,1,0,0
34,12949.47,5000.0,6,2,0,8.1,0.3861161885389904,2023,4,28,4,0,0,0,0,1,1,0,0,0,0,1,0,0,0,0,0,0
28,45148.9,5000.0,9,1,0,8.37,0.1107446693053429,2023,2,1,2,0,1,0,0,0,0,0,0,1,0,0,0,0,0,0,1,1
56,67765.84,5000.0,3,16,1,4.22,0.0737834873735793,2024,10,26,5,1,0,1,0,0,0,1,0,0,0,1,0,0,0,0,0,0
41,16785.04,4930.85,6,11,2,4.54,0.2937645665425879,2023,3,31,4,0,0,0,0,1,1,0,0,0,0,1,0,0,0,0,0,0
22,45834.07,5000.0,6,5,0,5.15,0.1090891557306606,2023,2,2,3,0,1,0,0,0,0,0,1,0,0,0,0,0,1,0,0,0
43,103032.08,5000.0,6,33,3,7.35,0.0485285747895218,2023,5,30,1,0,0,1,0,0,0,0,0,1,0,0,0,0,1,0,0,1
56,21544.9,5000.0,12,15,1,7.8,0.2320734837478939,2023,6,2,4,0,0,0,1,0,1,0,0,0,0,1,0,0,0,0,0,1
24,28106.93,5000.0,6,15,2,1.01,0.1778920714571104,2023,2,6,0,0,1,0,0,0,0,0,1,0,0,1,0,0,0,0,0,0
29,9768.5,1233.85,12,2,0,9.65,0.1263090546143215,2023,3,22,2,0,0,0,0,1,1,0,0,0,0,0,0,0,0,0,1,0
50,6443.91,717.79,9,0,0,9.7,0.1113904446213556,2023,2,20,0,0,0,0,0,1,0,0,0,0,1,0,1,0,0,0,0,0
18,43437.78,5000.0,12,19,2,3.14,0.1151071716832674,2023,5,20,5,1,1,0,0,0,1,0,0,0,0,0,0,0,0,0,1,0
49,78312.86,5000.0,12,8,1,7.11,0.0638464742572292,2023,3,18,5,1,1,0,0,0,0,0,0,1,0,1,0,0,0,0,0,0
47,87035.15,5000.0,12,4,1,2.33,0.0574480540333417,2023,2,12,6,1,1,0,0,0,0,1,0,0,0,0,0,0,0,0,1,0
18,43766.35,5000.0,3,10,2,1.42,0.1142430200370832,2024,11,26,1,0,0,1,0,0,0,0,0,0,1,0,0,1,0,0,0,0
31,58682.49,100.0,12,1,0,6.59,0.0017040858354851,2024,11,28,3,0,1,0,0,0,0,0,0,1,0,0,0,0,0,1,0,0
40,6864.69,2614.9,6,19,4,6.37,0.3809203328919441,2024,8,15,3,0,0,0,0,1,0,0,1,0,0,0,0,1,0,0,0,1
25,52723.45,5000.0,3,0,0,3.49,0.0948344617053702,2024,7,12,4,0,1,0,0,0,0,0,0,0,1,0,0,0,1,0,0,0
59,94823.74,5000.0,3,5,1,7.8,0.0527294114322004,2023,3,4,5,1,0,1,0,0,0,0,0,1,0,0,0,0,0,1,0,0
44,42160.49,2621.96,9,13,4,1.52,0.0621899792910376,2024,9,25,2,0,1,0,0,0,0,1,0,0,0,0,0,0,1,0,0,1
18,41262.46,4131.11,9,2,0,8.29,0.1001178795447484,2023,1,31,1,0,1,0,0,0,0,0,1,0,0,0,0,0,0,1,0,1
51,15085.48,2382.61,6,14,2,8.24,0.1579406157444112,2023,4,12,2,0,0,0,1,0,0,0,0,1,0,0,0,0,0,0,1,1
33,51818.82,5000.0,3,14,1,5.71,0.0964900397191599,2023,5,5,4,0,1,0,0,0,0,0,1,0,0,0,0,1,0,0,0,1
29,81993.02,5000.0,6,4,0,8.79,0.0609808005608282,2023,5,15,0,0,0,1,0,0,0,0,1,0,0,1,0,0,0,0,0,0
45,9219.85,3071.86,12,0,0,4.98,0.3331789562736921,2024,10,4,4,0,0,0,0,1,1,0,0,0,0,0,0,1,0,0,0,0
22,24880.07,5000.0,6,0,0,2.54,0.2009640648117147,2024,10,4,4,0,1,0,0,0,0,1,0,0,0,0,0,0,0,0,1,1
38,40227.88,5000.0,9,3,1,1.25,0.1242919089944585,2023,1,30,0,0,1,0,0,0,1,0,0,0,0,0,0,0,0,0,1,0
55,57702.6,5000.0,12,10,1,1.98,0.0866512080911432,2024,10,24,3,0,1,0,0,0,0,0,0,0,1,0,0,1,0,0,0,0
36,36911.16,5000.0,12,17,1,4.4,0.1354603865064116,2023,1,31,1,0,1,0,0,0,0,0,0,1,0,0,1,0,0,0,0,1
45,50111.52,5000.0,12,13,1,4.34,0.0997774563613316,2024,9,4,2,0,0,1,0,0,0,0,1,0,0,0,0,0,1,0,0,1
18,16846.5,5000.0,6,2,0,1.11,0.2967975543881518,2023,1,3,1,0,1,0,0,0,0,0,0,0,1,0,0,0,1,0,0,1
43,77679.0,5000.0,6,23,1,1.31,0.0643674609611349,2024,9,3,1,0,1,0,0,0,0,1,0,0,0,0,0,0,1,0,0,0
36,12096.49,4090.22,6,17,2,7.42,0.3381327971998488,2024,12,1,6,1,0,0,1,0,0,0,1,0,0,0,0,0,1,0,0,1
33,40713.13,5000.0,9,11,2,3.29,0.1228105036385068,2024,12,14,5,1,1,0,0,0,0,0,0,0,1,0,0,0,1,0,0,0
19,13369.76,5000.0,9,14,1,5.22,0.3739782913081461,2023,6,25,6,1,0,0,1,0,0,0,0,0,1,0,0,1,0,0,0,0
41,10705.81,3027.7,3,0,0,2.42,0.2828090541491022,2024,11,23,5,1,0,0,0,1,0,0,0,1,0,1,0,0,0,0,0,1
30,5000.0,2445.63,12,13,2,6.43,0.489126,2024,10,25,4,0,0,0,1,0,0,0,0,1,0,0,0,0,1,0,0,0
37,58998.41,5000.0,9,10,1,9.74,0.0847480465998998,2023,1,31,1,0,0,1,0,0,1,0,0,0,0,0,1,0,0,0,0,0
55,43223.33,542.15,9,16,2,7.04,0.0125429947206751,2024,10,8,1,0,0,1,0,0,0,0,1,0,0,0,0,0,1,0,0,1
23,9408.61,3259.85,12,17,2,9.74,0.3464751966549788,2023,5,21,6,1,0,0,1,0,0,0,0,1,0,0,0,0,0,1,0,1
41,18741.64,5000.0,12,9,1,7.14,0.2667856174806474,2023,4,1,5,1,0,0,1,0,0,0,1,0,0,0,1,0,0,0,0,1
45,47794.95,5000.0,6,22,2,8.12,0.1046135627299536,2023,1,13,4,0,1,0,0,0,0,1,0,0,0,0,0,0,0,0,1,0
33,9865.76,2438.93,9,10,1,1.7,0.2472115680900407,2023,3,3,4,0,0,0,1,0,1,0,0,0,0,0,0,0,0,1,0,1
57,47350.52,5000.0,12,0,0,9.22,0.1055954612536462,2023,5,22,0,0,0,1,0,0,0,0,0,1,0,0,0,0,1,0,0,0
18,20489.79,5000.0,9,21,1,7.4,0.2440239748674827,2023,2,15,2,0,1,0,0,0,0,1,0,0,0,0,0,0,0,1,0,1
34,13235.95,5000.0,3,15,1,7.26,0.3777590577178064,2023,2,9,3,0,0,0,0,1,1,0,0,0,0,0,0,0,1,0,0,1
35,60091.38,5000.0,6,5,0,8.72,0.0832066096668107,2024,8,26,0,0,0,1,0,0,1,0,0,0,0,0,0,1,0,0,0,0
18,47150.73,5000.0,6,11,1,1.28,0.1060428968968242,2023,3,5,6,1,0,1,0,0,0,0,0,1,0,1,0,0,0,0,0,0
34,7457.73,2557.73,6,0,0,1.43,0.3429636095702044,2023,1,2,0,0,0,0,0,1,1,0,0,0,0,0,0,1,0,0,0,1
27,5000.0,1489.72,6,13,1,9.18,0.297944,2023,1,1,6,1,0,0,0,1,1,0,0,0,0,0,0,1,0,0,0,1
47,23800.52,5000.0,6,6,1,2.03,0.2100794436424078,2023,3,7,1,0,0,1,0,0,0,0,1,0,0,0,0,1,0,0,0,1
34,60964.3,2357.69,9,1,0,2.13,0.0386732891216662,2023,2,24,4,0,1,0,0,0,0,1,0,0,0,0,0,0,0,0,1,0
56,50358.17,5000.0,12,7,2,2.82,0.0992887549329135,2024,12,4,2,0,0,1,0,0,0,0,0,1,0,0,1,0,0,0,0,1
54,54697.53,5000.0,3,4,1,9.11,0.0914118059810013,2023,1,15,6,1,0,1,0,0,0,0,1,0,0,0,0,0,0,1,0,0
32,61844.03,5000.0,9,1,0,2.83,0.0808485475477584,2023,1,15,6,1,0,1,0,0,0,1,0,0,0,0,0,0,0,0,1,0
24,5000.0,1446.85,9,14,2,9.22,0.2893699999999999,2023,1,29,6,1,0,0,1,0,0,0,0,1,0,0,0,1,0,0,0,1
27,5303.06,901.59,9,11,1,4.2,0.1700131622120058,2023,3,3,4,0,0,0,0,1,1,0,0,0,0,0,0,1,0,0,0,0
50,13395.05,5000.0,12,11,1,6.65,0.3732722162291294,2024,11,12,1,0,0,0,1,0,0,0,0,1,0,0,0,0,0,1,0,1
58,19229.42,5000.0,9,18,2,3.55,0.2600182428799205,2023,3,29,2,0,0,0,1,0,0,0,1,0,0,0,0,1,0,0,0,1
47,14393.11,5000.0,9,11,1,4.04,0.3473884379400977,2024,11,3,6,1,0,0,1,0,0,0,0,1,0,0,0,0,1,0,0,0
48,13506.08,1669.54,3,9,1,5.65,0.1236139575657777,2024,7,12,4,0,0,0,0,1,0,0,1,0,0,0,1,0,0,0,0,1
28,13150.94,5000.0,6,1,0,4.97,0.380200959018899,2024,8,28,2,0,0,0,0,1,0,0,0,1,0,0,0,0,0,1,0,1
23,5000.0,1045.02,9,2,0,1.67,0.209004,2023,6,16,4,0,0,0,0,1,0,0,1,0,0,0,0,0,0,1,0,1
27,48637.64,5000.0,3,14,2,9.12,0.1028010405110116,2024,12,22,6,1,1,0,0,0,1,0,0,0,0,0,0,1,0,0,0,1
57,105872.99,5000.0,3,4,0,2.22,0.0472263983476805,2024,7,18,3,0,0,1,0,0,1,0,0,0,0,0,0,0,0,0,1,0
54,25227.7,3376.39,9,12,2,7.03,0.1338366161005561,2023,1,20,4,0,0,0,1,0,0,0,1,0,0,0,0,0,1,0,0,0
57,103542.76,5000.0,3,22,3,2.1,0.0482892285274219,2023,3,5,6,1,0,1,0,0,1,0,0,0,0,0,0,0,0,0,1,0
26,29874.42,4576.89,12,13,1,1.11,0.1532043132552866,2023,2,6,0,0,1,0,0,0,0,1,0,0,0,0,0,1,0,0,0,0
20,37227.2,5000.0,9,11,1,4.17,0.1343103966991877,2023,1,27,4,0,0,1,0,0,1,0,0,0,0,1,0,0,0,0,0,1
41,10832.33,3356.12,3,11,1,1.05,0.3098243868124402,2024,12,29,6,1,1,0,0,0,0,0,0,1,0,0,0,0,0,1,0,0
50,74624.33,5000.0,12,2,0,5.58,0.0670022766033544,2023,4,11,1,0,0,1,0,0,0,0,0,1,0,0,0,0,1,0,0,0
19,6250.97,2997.7,6,2,0,6.44,0.4795575726647224,2023,4,9,6,1,0,0,0,1,0,0,0,0,1,0,0,0,0,1,0,0
41,26158.32,5000.0,12,11,1,5.98,0.191143773759171,2024,12,8,6,1,0,0,1,0,0,0,0,0,1,0,1,0,0,0,0,0
42,102571.74,5000.0,12,5,0,1.75,0.0487463701015503,2023,2,12,6,1,0,0,1,0,0,1,0,0,0,0,1,0,0,0,0,0
22,5000.0,1123.33,3,16,1,8.91,0.2246659999999999,2023,3,14,1,0,0,0,1,0,0,0,0,1,0,0,0,1,0,0,0,0
48,117240.17,5000.0,3,16,2,7.16,0.0426474987199353,2024,11,20,2,0,0,1,0,0,0,0,0,0,1,0,0,1,0,0,0,0
45,11111.6,2765.02,9,9,3,7.96,0.2488408510025558,2024,7,30,1,0,0,0,0,1,1,0,0,0,0,0,0,1,0,0,0,0
42,94263.82,5000.0,9,11,3,9.42,0.0530426201696472,2023,3,20,0,0,0,1,0,0,0,1,0,0,0,0,0,0,0,0,1,0
49,11450.31,5000.0,9,20,1,5.77,0.436669400217112,2024,10,3,3,0,0,0,0,1,0,0,1,0,0,0,0,1,0,0,0,1
44,21914.22,1111.93,12,9,1,5.25,0.0507401130407561,2024,8,23,4,0,0,0,1,0,0,0,0,0,1,0,0,0,1,0,0,1
21,33093.78,5000.0,3,18,2,9.55,0.1510857931611318,2023,3,23,3,0,1,0,0,0,0,1,0,0,0,0,1,0,0,0,0,1
49,67037.71,5000.0,3,0,0,9.07,0.0745848866257513,2024,10,1,1,0,0,1,0,0,0,1,0,0,0,0,0,0,1,0,0,0
53,6237.05,1491.73,9,1,0,5.14,0.2391723651405712,2023,4,30,6,1,0,0,0,1,0,0,1,0,0,0,0,0,0,0,1,1
40,96898.73,5000.0,9,11,1,3.26,0.0516002634915854,2024,11,11,0,0,0,1,0,0,0,1,0,0,0,0,0,0,0,1,0,0
21,13178.32,5000.0,6,3,0,7.15,0.3794110326657722,2024,8,1,3,0,0,0,1,0,0,0,0,1,0,0,0,0,0,0,1,1
47,10327.9,493.23,6,26,2,8.3,0.0477570464470027,2024,11,19,1,0,0,0,1,0,0,0,0,0,1,0,0,0,0,0,1,1
31,31336.43,2388.26,3,0,0,4.55,0.0762135316626686,2023,1,18,2,0,1,0,0,0,0,0,0,0,1,0,0,0,0,0,1,0
21,13169.28,5000.0,3,14,2,5.99,0.3796714778636341,2024,8,25,6,1,0,0,1,0,1,0,0,0,0,0,0,0,1,0,0,0
19,5000.0,1718.54,3,0,0,9.27,0.343708,2024,10,26,5,1,0,0,0,1,0,0,0,1,0,1,0,0,0,0,0,0
58,20184.94,5000.0,6,15,1,5.19,0.2477094308925367,2024,8,26,0,0,0,0,1,0,1,0,0,0,0,0,1,0,0,0,0,0
31,5000.0,1292.7,3,0,0,7.54,0.25854,2024,9,7,5,1,0,0,0,1,0,0,0,0,1,0,1,0,0,0,0,1
21,13941.9,1800.37,3,9,1,4.01,0.1291337622562204,2023,4,16,6,1,1,0,0,0,0,0,1,0,0,0,0,0,0,1,0,1
32,5000.0,414.66,3,3,0,9.86,0.082932,2023,3,19,6,1,0,0,1,0,1,0,0,0,0,0,1,0,0,0,0,1
52,5000.0,100.0,3,9,1,3.91,0.02,2024,8,1,3,0,0,0,0,1,0,0,0,1,0,0,0,0,1,0,0,0
20,8546.4,3276.37,3,9,2,1.41,0.3833625854160816,2023,5,8,0,0,0,0,0,1,0,0,1,0,0,0,0,0,0,0,1,0
52,24519.33,5000.0,3,7,2,1.18,0.2039207433482072,2023,4,26,2,0,0,0,1,0,0,0,0,1,0,0,0,1,0,0,0,0
56,17862.74,5000.0,9,5,1,5.68,0.2799122642998778,2023,3,27,0,0,0,0,0,1,0,1,0,0,0,0,0,0,1,0,0,0
32,40206.47,5000.0,9,12,1,7.43,0.1243580946051717,2023,5,15,0,0,1,0,0,0,1,0,0,0,0,0,0,0,1,0,0,0
32,15638.95,3607.34,9,14,1,2.83,0.2306638233385233,2024,12,9,0,0,0,0,1,0,0,0,0,0,1,0,0,1,0,0,0,1
18,11749.08,827.34,9,11,1,6.48,0.0704174284284386,2024,9,30,0,0,0,0,0,1,1,0,0,0,0,1,0,0,0,0,0,1
48,50667.52,5000.0,3,12,1,5.85,0.0986825485044462,2024,8,18,6,1,0,1,0,0,1,0,0,0,0,0,0,0,0,1,0,0
38,64850.27,5000.0,12,0,0,8.05,0.0771006813078804,2023,5,20,5,1,0,1,0,0,1,0,0,0,0,0,1,0,0,0,0,0
48,70280.63,5000.0,3,16,1,2.03,0.0711433577075219,2023,2,28,1,0,0,1,0,0,0,0,0,1,0,0,0,1,0,0,0,0
32,7831.85,2800.71,9,1,0,3.1,0.3576051635309665,2023,2,23,3,0,0,0,1,0,1,0,0,0,0,0,0,0,1,0,0,1
24,18573.44,5000.0,6,23,1,4.56,0.2692016126253403,2023,6,25,6,1,1,0,0,0,0,0,0,1,0,0,0,0,0,1,0,1
26,44811.34,5000.0,6,7,1,4.44,0.11157889944822,2023,5,13,5,1,0,1,0,0,1,0,0,0,0,0,0,1,0,0,0,1
33,48367.64,5000.0,3,18,3,3.99,0.1033749010702196,2023,3,17,4,0,0,1,0,0,0,0,0,0,1,0,1,0,0,0,0,1
28,12598.21,2304.76,9,12,2,3.69,0.1829434499028036,2024,10,22,1,0,0,0,0,1,0,0,1,0,0,0,0,1,0,0,0,1
40,67528.19,5000.0,6,20,1,6.21,0.0740431514601531,2023,3,10,4,0,0,1,0,0,1,0,0,0,0,0,0,1,0,0,0,1
34,11364.27,2543.0,9,18,2,1.77,0.2237715224999054,2024,12,8,6,1,0,0,0,1,0,0,0,1,0,1,0,0,0,0,0,1
51,14405.75,3950.99,12,10,1,6.86,0.2742647901011749,2023,1,10,1,0,0,0,1,0,1,0,0,0,0,0,0,0,0,1,0,0
53,17725.71,5000.0,3,11,2,8.59,0.2820761481486496,2024,7,7,6,1,0,0,1,0,1,0,0,0,0,0,1,0,0,0,0,0
40,13644.66,4703.87,12,1,0,7.99,0.3447407264087196,2023,2,15,2,0,0,0,1,0,0,0,0,0,1,1,0,0,0,0,0,0
25,5000.0,1864.89,12,2,0,6.22,0.372978,2024,7,23,1,0,0,0,1,0,0,0,0,1,0,0,0,0,0,0,1,1
31,11749.7,4364.6,6,17,4,1.12,0.3714648033566814,2024,9,20,4,0,0,0,0,1,0,0,1,0,0,0,0,1,0,0,0,1
40,7404.5,2814.06,9,10,1,9.28,0.380047268552907,2024,11,19,1,0,0,0,0,1,0,0,0,0,1,0,0,0,0,1,0,0
36,50515.01,5000.0,12,5,1,4.54,0.098980481247059,2023,6,11,6,1,1,0,0,0,0,1,0,0,0,0,0,1,0,0,0,0
41,72817.55,5000.0,6,0,0,1.82,0.0686647655681906,2024,12,28,5,1,0,1,0,0,1,0,0,0,0,0,0,0,0,0,1,0
39,63113.55,5000.0,3,16,1,6.29,0.0792222906174664,2024,10,3,3,0,1,0,0,0,0,0,1,0,0,1,0,0,0,0,0,1
23,56461.5,5000.0,6,18,1,6.68,0.0885559186348219,2024,11,25,0,0,0,1,0,0,0,0,0,1,0,0,0,1,0,0,0,1
46,49481.68,5000.0,9,19,3,5.06,0.1010474987914719,2023,4,30,6,1,1,0,0,0,1,0,0,0,0,0,0,0,1,0,0,1
51,99643.63,5000.0,12,0,0,4.53,0.0501788222689197,2024,9,13,4,0,0,1,0,0,1,0,0,0,0,0,0,0,0,0,1,0
39,60771.03,100.0,3,16,1,2.25,0.0016455209003368,2024,8,8,3,0,0,1,0,0,0,1,0,0,0,0,0,0,0,1,0,0
43,73126.61,5000.0,3,0,0,2.46,0.0683745629668871,2024,9,30,0,0,0,1,0,0,0,0,0,1,0,0,1,0,0,0,0,0
40,8883.71,2225.07,12,11,1,8.01,0.2504663029297445,2024,10,30,2,0,0,0,0,1,0,0,0,0,1,1,0,0,0,0,0,0
46,5832.42,1863.1,6,13,2,4.59,0.3194385863843824,2024,7,16,1,0,0,0,0,1,0,0,1,0,0,0,0,1,0,0,0,0
55,12885.55,2909.18,9,14,1,2.54,0.2257707276755745,2023,3,11,5,1,0,0,0,1,1,0,0,0,0,0,0,1,0,0,0,0
20,48895.87,5000.0,9,17,1,5.96,0.1022581252772473,2023,5,3,2,0,0,1,0,0,0,1,0,0,0,0,0,1,0,0,0,1
34,11483.22,545.76,12,0,0,1.85,0.0475267390157116,2023,4,8,5,1,0,0,1,0,0,1,0,0,0,0,0,0,0,1,0,0
28,29531.06,5000.0,12,1,0,3.91,0.1693132586503836,2023,5,15,0,0,0,1,0,0,0,0,1,0,0,0,1,0,0,0,0,1
34,68950.74,5000.0,6,17,1,3.32,0.0725155379043067,2023,5,8,0,0,0,1,0,0,0,0,0,0,1,0,0,1,0,0,0,0
29,7229.06,2888.04,12,15,1,1.68,0.3995042232323427,2023,6,2,4,0,0,1,0,0,0,1,0,0,0,0,0,1,0,0,0,0
42,17482.06,5000.0,3,0,0,3.99,0.2860074842438477,2024,9,19,3,0,0,0,1,0,0,0,0,0,1,0,0,0,0,1,0,0
35,5034.0,543.35,6,5,0,8.75,0.1079360349622566,2023,4,10,0,0,0,0,0,1,0,1,0,0,0,0,0,0,0,0,1,0
57,89415.42,100.0,3,11,1,3.4,0.0011183753316821,2023,2,3,4,0,0,1,0,0,0,0,0,0,1,0,0,1,0,0,0,0
18,8293.75,2724.64,9,6,1,6.56,0.3285172569706104,2024,9,15,6,1,0,0,0,1,0,1,0,0,0,0,0,0,1,0,0,0
32,17711.32,2363.46,9,11,2,3.06,0.1334434700519216,2024,10,14,0,0,0,0,1,0,0,0,1,0,0,0,0,1,0,0,0,0
46,55334.54,5000.0,6,0,0,9.77,0.0903594752933701,2024,12,2,0,0,1,0,0,0,1,0,0,0,0,1,0,0,0,0,0,0
47,47298.09,5000.0,6,12,2,5.56,0.1057125139725515,2023,6,2,4,0,0,1,0,0,0,0,1,0,0,0,0,0,1,0,0,0
56,61570.29,5000.0,3,18,2,9.64,0.0812079982082267,2023,1,28,5,1,1,0,0,0,0,0,0,0,1,0,1,0,0,0,0,1
36,11831.05,4324.47,3,0,0,3.07,0.3655186986784774,2023,5,4,3,0,0,0,0,1,0,0,1,0,0,1,0,0,0,0,0,1
51,75636.65,5000.0,9,1,0,8.05,0.0661055189514607,2024,9,23,0,0,1,0,0,0,0,1,0,0,0,0,0,0,0,0,1,0
18,8351.03,3965.52,6,2,0,5.79,0.4748540000455033,2024,12,17,1,0,0,0,1,0,0,0,0,1,0,0,0,0,1,0,0,0
31,68767.96,5000.0,12,11,1,6.85,0.0727082786809438,2023,4,22,5,1,1,0,0,0,0,0,1,0,0,0,0,0,0,1,0,0
19,13026.52,3274.44,12,14,4,4.71,0.2513672108897848,2024,12,29,6,1,0,0,1,0,0,0,1,0,0,1,0,0,0,0,0,1
25,51765.45,5000.0,9,9,1,1.77,0.0965895206165502,2024,9,10,1,0,0,1,0,0,0,0,0,0,1,1,0,0,0,0,0,0
42,9239.72,5000.0,12,15,2,3.51,0.541141939366128,2023,3,22,2,0,0,0,0,1,0,0,0,1,0,0,1,0,0,0,0,1
28,11708.39,1928.76,3,15,1,1.63,0.1647331528929255,2024,9,10,1,0,0,0,0,1,0,1,0,0,0,0,1,0,0,0,0,0
27,44250.68,5000.0,3,15,2,1.77,0.1129926138988146,2024,11,28,3,0,1,0,0,0,0,0,0,0,1,1,0,0,0,0,0,1
23,10138.47,100.0,3,17,1,3.69,0.0098634212065528,2024,9,7,5,1,0,0,0,1,0,0,0,1,0,0,0,0,1,0,0,1
55,5314.56,2589.41,3,14,3,6.38,0.4872294225674373,2023,4,27,3,0,0,0,0,1,1,0,0,0,0,1,0,0,0,0,0,1
50,72065.88,5000.0,12,18,1,8.49,0.0693809608652527,2024,11,14,3,0,1,0,0,0,0,0,1,0,0,0,0,0,0,0,1,0
46,99483.33,5000.0,12,19,2,2.19,0.0502596766714584,2023,1,11,2,0,0,1,0,0,1,0,0,0,0,1,0,0,0,0,0,0
56,6897.39,832.64,3,2,0,1.57,0.1207181267116981,2024,10,18,4,0,0,0,0,1,0,0,1,0,0,0,0,0,0,1,0,1
